geoid,name,total,white_alone,black_alone,american_indian_and_alaska_native,asian_alone,native_hawaiian_and_pacific_islander,other_alone,two_or_more_races,latino_alone,county,county subdivision,state,asian_all,other_all
0803991190,"Elizabeth CCD, Elbert County, Colorado",22434.0,19955.0,157.0,101.0,153.0,0.0,34.0,516.0,1518.0,039,91190,08,153.0,651.0
0803990019,"Agate CCD, Elbert County, Colorado",620.0,557.0,0.0,22.0,0.0,0.0,0.0,4.0,37.0,039,90019,08,0.0,26.0
0807191976,"Kim CCD, Las Animas County, Colorado",340.0,309.0,0.0,0.0,2.0,0.0,0.0,0.0,29.0,071,91976,08,2.0,0.0
0803993325,"Simla CCD, Elbert County, Colorado",1499.0,1433.0,0.0,4.0,0.0,0.0,0.0,13.0,49.0,039,93325,08,0.0,17.0
0807192508,"Model CCD, Las Animas County, Colorado",548.0,349.0,93.0,35.0,0.0,0.0,0.0,0.0,71.0,071,92508,08,0.0,35.0
0807190361,"Branson CCD, Las Animas County, Colorado",188.0,156.0,0.0,0.0,0.0,0.0,0.0,0.0,32.0,071,90361,08,0.0,0.0
0807190038,"Aguilar CCD, Las Animas County, Colorado",1019.0,680.0,0.0,0.0,0.0,0.0,0.0,0.0,339.0,071,90038,08,0.0,0.0
0807193838,"Weston CCD, Las Animas County, Colorado",1237.0,841.0,0.0,0.0,17.0,0.0,0.0,19.0,360.0,071,93838,08,17.0,19.0
0807193648,"Trinidad CCD, Las Animas County, Colorado",10819.0,5124.0,19.0,257.0,97.0,0.0,3.0,146.0,5173.0,071,93648,08,97.0,406.0
0812593952,"Yuma CCD, Yuma County, Colorado",5101.0,3630.0,46.0,0.0,0.0,0.0,0.0,81.0,1344.0,125,93952,08,0.0,81.0
0812593914,"Wray CCD, Yuma County, Colorado",4005.0,3240.0,0.0,24.0,0.0,0.0,0.0,12.0,729.0,125,93914,08,0.0,36.0
0807391824,"Hugo CCD, Lincoln County, Colorado",981.0,883.0,10.0,15.0,4.0,0.0,0.0,7.0,62.0,073,91824,08,4.0,22.0
0810793933,"Yampa CCD, Routt County, Colorado",851.0,777.0,2.0,0.0,11.0,3.0,0.0,0.0,58.0,107,93933,08,14.0,0.0
0810791729,"Hayden CCD, Routt County, Colorado",2570.0,2185.0,9.0,71.0,3.0,0.0,0.0,54.0,248.0,107,91729,08,3.0,125.0
0810793496,"Steamboat Springs CCD, Routt County, Colorado",17678.0,15875.0,169.0,26.0,243.0,0.0,11.0,104.0,1250.0,107,93496,08,243.0,141.0
0810792717,"Oak Creek CCD, Routt County, Colorado",3260.0,3028.0,12.0,18.0,5.0,0.0,53.0,18.0,126.0,107,92717,08,5.0,89.0
0811793287,"Silverthorne CCD, Summit County, Colorado",12263.0,8218.0,225.0,6.0,22.0,46.0,17.0,123.0,3606.0,117,93287,08,68.0,146.0
0811790380,"Breckenridge CCD, Summit County, Colorado",17459.0,16139.0,29.0,72.0,107.0,0.0,203.0,357.0,552.0,117,90380,08,107.0,632.0
0807390133,"Arriba CCD, Lincoln County, Colorado",334.0,313.0,2.0,1.0,1.0,0.0,0.0,3.0,14.0,073,90133,08,1.0,4.0
0807391919,"Karval CCD, Lincoln County, Colorado",505.0,436.0,0.0,0.0,2.0,0.0,1.0,9.0,57.0,073,91919,08,2.0,10.0
0807392261,"Limon CCD, Lincoln County, Colorado",3700.0,2033.0,485.0,40.0,2.0,14.0,0.0,6.0,1120.0,073,92261,08,16.0,46.0
0801991843,"Idaho Springs CCD, Clear Creek County, Colorado",6754.0,6178.0,68.0,2.0,66.0,19.0,0.0,115.0,306.0,019,91843,08,85.0,117.0
0801991463,"Georgetown CCD, Clear Creek County, Colorado",2503.0,2142.0,13.0,8.0,14.0,0.0,0.0,65.0,261.0,019,91463,08,14.0,73.0
0800392584,"Mosca-Hooper CCD, Alamosa County, Colorado",1090.0,740.0,0.0,22.0,9.0,0.0,38.0,28.0,253.0,003,92584,08,9.0,88.0
0800390076,"Alamosa CCD, Alamosa County, Colorado",15255.0,7208.0,264.0,184.0,159.0,26.0,0.0,179.0,7235.0,003,90076,08,185.0,363.0
0802990988,"Delta CCD, Delta County, Colorado",13999.0,10457.0,168.0,65.0,182.0,0.0,0.0,86.0,3041.0,029,90988,08,182.0,151.0
0802992831,"Paonia CCD, Delta County, Colorado",3567.0,2999.0,0.0,126.0,5.0,0.0,5.0,106.0,326.0,029,92831,08,5.0,237.0
0802990532,"Cedaredge CCD, Delta County, Colorado",7869.0,6878.0,27.0,53.0,55.0,0.0,0.0,80.0,776.0,029,90532,08,55.0,133.0
0802991786,"Hotchkiss CCD, Delta County, Colorado",4782.0,4328.0,0.0,35.0,2.0,0.0,0.0,35.0,382.0,029,91786,08,2.0,70.0
0804390836,"Cotopaxi CCD, Fremont County, Colorado",3471.0,3176.0,4.0,0.0,75.0,0.0,0.0,59.0,157.0,043,90836,08,75.0,59.0
0804392888,"Penrose-Portland CCD, Fremont County, Colorado",3860.0,3557.0,17.0,0.0,48.0,0.0,7.0,8.0,223.0,043,92888,08,48.0,15.0
0804391311,"Florence CCD, Fremont County, Colorado",9562.0,6434.0,831.0,282.0,122.0,24.0,0.0,204.0,1665.0,043,91311,08,146.0,486.0
0810192983,"Pueblo CCD, Pueblo County, Colorado",115330.0,51199.0,2342.0,568.0,861.0,115.0,229.0,1900.0,58116.0,101,92983,08,976.0,2697.0
0810190722,"Colorado City-Rye CCD, Pueblo County, Colorado",4372.0,3545.0,4.0,7.0,48.0,0.0,0.0,105.0,663.0,101,90722,08,48.0,112.0
0810191805,"Huerfano Valley CCD, Pueblo County, Colorado",717.0,554.0,0.0,0.0,0.0,0.0,0.0,0.0,163.0,101,91805,08,0.0,0.0
0810193154,"St. Charles Mesa CCD, Pueblo County, Colorado",8728.0,5613.0,24.0,29.0,24.0,0.0,9.0,157.0,2872.0,101,93154,08,24.0,195.0
0810193002,"Pueblo West CCD, Pueblo County, Colorado",30961.0,22680.0,220.0,225.0,208.0,0.0,72.0,695.0,6861.0,101,93002,08,208.0,992.0
0810190209,"Avondale CCD, Pueblo County, Colorado",2766.0,1660.0,0.0,7.0,0.0,19.0,0.0,25.0,1055.0,101,90209,08,19.0,32.0
0810192660,"Northeast Pueblo CCD, Pueblo County, Colorado",494.0,409.0,4.0,1.0,0.0,0.0,0.0,1.0,79.0,101,92660,08,0.0,2.0
0808592546,"Montrose CCD, Montrose County, Colorado",31696.0,24050.0,142.0,193.0,284.0,122.0,22.0,416.0,6467.0,085,92546,08,406.0,631.0
0808592698,"Nucla CCD, Montrose County, Colorado",2203.0,2075.0,17.0,0.0,1.0,0.0,0.0,33.0,77.0,085,92698,08,1.0,33.0
0808592736,"Olathe CCD, Montrose County, Colorado",7009.0,5055.0,0.0,17.0,3.0,0.0,55.0,56.0,1823.0,085,92736,08,3.0,128.0
0808793781,"Weldona CCD, Morgan County, Colorado",851.0,712.0,0.0,4.0,5.0,0.0,0.0,7.0,123.0,087,93781,08,5.0,11.0
0808790418,"Brush CCD, Morgan County, Colorado",8194.0,5452.0,27.0,28.0,0.0,23.0,0.0,109.0,2555.0,087,90418,08,23.0,137.0
0808791368,"Fort Morgan CCD, Morgan County, Colorado",16185.0,8237.0,797.0,21.0,134.0,7.0,0.0,183.0,6806.0,087,91368,08,141.0,204.0
0808793876,"Wiggins CCD, Morgan County, Colorado",2893.0,2261.0,0.0,22.0,13.0,0.0,0.0,26.0,571.0,087,93876,08,13.0,48.0
0809391254,"Fairplay CCD, Park County, Colorado",14374.0,12828.0,13.0,179.0,109.0,125.0,35.0,186.0,899.0,093,91254,08,234.0,400.0
0809392128,"Lake George CCD, Park County, Colorado",2526.0,2326.0,0.0,0.0,62.0,0.0,0.0,46.0,92.0,093,92128,08,62.0,46.0
0810990551,"Center CCD, Saguache County, Colorado",2951.0,931.0,0.0,39.0,7.0,0.0,0.0,9.0,1965.0,109,90551,08,7.0,48.0
0810990684,"Cochetopa CCD, Saguache County, Colorado",159.0,98.0,0.0,0.0,0.0,0.0,0.0,0.0,61.0,109,90684,08,0.0,0.0
0810993135,"Saguache CCD, Saguache County, Colorado",3228.0,2663.0,0.0,23.0,63.0,0.0,0.0,157.0,322.0,109,93135,08,63.0,180.0
0807791425,"Fruita CCD, Mesa County, Colorado",24274.0,20873.0,23.0,372.0,122.0,9.0,0.0,251.0,2624.0,077,91425,08,131.0,623.0
0807790665,"Clifton CCD, Mesa County, Colorado",28690.0,23270.0,229.0,98.0,83.0,9.0,78.0,694.0,4229.0,077,90665,08,92.0,870.0
0807791596,"Grand Junction CCD, Mesa County, Colorado",87607.0,69806.0,707.0,388.0,817.0,124.0,178.0,1651.0,13936.0,077,91596,08,941.0,2217.0
0807790950,"De Beque CCD, Mesa County, Colorado",901.0,836.0,0.0,0.0,0.0,0.0,0.0,10.0,55.0,077,90950,08,0.0,10.0
0807790703,"Collbran CCD, Mesa County, Colorado",2153.0,1860.0,49.0,8.0,8.0,7.0,0.0,21.0,200.0,077,90703,08,15.0,29.0
0807791501,"Glade Park-Gateway CCD, Mesa County, Colorado",2250.0,2239.0,0.0,0.0,0.0,0.0,0.0,0.0,11.0,077,91501,08,0.0,0.0
0809991558,"Granada CCD, Prowers County, Colorado",807.0,255.0,0.0,0.0,13.0,0.0,0.0,0.0,539.0,099,91558,08,13.0,0.0
0809992147,"Lamar CCD, Prowers County, Colorado",9707.0,6081.0,48.0,0.0,33.0,0.0,0.0,184.0,3361.0,099,92147,08,33.0,184.0
0809993667,"Two Butte Creek CCD, Prowers County, Colorado",217.0,217.0,0.0,0.0,0.0,0.0,0.0,0.0,0.0,099,93667,08,0.0,0.0
0804191387,"Fountain CCD, El Paso County, Colorado",85248.0,52838.0,7533.0,445.0,2552.0,1190.0,249.0,4660.0,15781.0,041,91387,08,3742.0,5354.0
0809991748,"Holly CCD, Prowers County, Colorado",1353.0,701.0,0.0,20.0,32.0,0.0,0.0,7.0,593.0,099,91748,08,32.0,27.0
0805392109,"Lake City CCD, Hinsdale County, Colorado",820.0,745.0,0.0,13.0,0.0,0.0,0.0,13.0,49.0,053,92109,08,0.0,26.0
0804191197,"Elsmere CCD, El Paso County, Colorado",70204.0,48504.0,4376.0,121.0,2696.0,175.0,134.0,2866.0,11332.0,041,91197,08,2871.0,3121.0
0804192907,"Pikes Peak CCD, El Paso County, Colorado",3517.0,3211.0,27.0,0.0,32.0,0.0,0.0,101.0,146.0,041,92907,08,32.0,101.0
0804190627,"Cheyenne Mountain CCD, El Paso County, Colorado",10259.0,8618.0,62.0,6.0,461.0,0.0,21.0,320.0,771.0,041,90627,08,461.0,347.0
0812190798,"Cope CCD, Washington County, Colorado",500.0,482.0,0.0,2.0,0.0,0.0,0.0,10.0,6.0,121,90798,08,0.0,12.0
0804193420,"Southeastern El Paso CCD, El Paso County, Colorado",14678.0,11335.0,469.0,13.0,138.0,40.0,0.0,941.0,1742.0,041,93420,08,178.0,954.0
0804190304,"Black Forest-Peyton CCD, El Paso County, Colorado",77162.0,63938.0,2086.0,266.0,1939.0,6.0,137.0,2691.0,6099.0,041,90304,08,1945.0,3094.0
0804190741,"Colorado Springs CCD, El Paso County, Colorado",393904.0,267277.0,23903.0,1533.0,10101.0,913.0,1211.0,15460.0,73506.0,041,90741,08,11014.0,18204.0
0804192565,"Monument CCD, El Paso County, Colorado",19854.0,16052.0,680.0,58.0,353.0,103.0,0.0,656.0,1952.0,041,92565,08,456.0,714.0
0812190057,"Akron CCD, Washington County, Colorado",2870.0,2369.0,39.0,4.0,22.0,0.0,0.0,12.0,424.0,121,90057,08,22.0,16.0
0812192774,"Otis CCD, Washington County, Colorado",953.0,903.0,6.0,0.0,0.0,0.0,0.0,17.0,27.0,121,92774,08,0.0,17.0
0804991577,"Granby CCD, Grand County, Colorado",11815.0,10560.0,56.0,4.0,251.0,107.0,47.0,34.0,756.0,049,91577,08,358.0,85.0
0804992033,"Kremmling CCD, Grand County, Colorado",2978.0,2289.0,0.0,0.0,28.0,0.0,214.0,9.0,438.0,049,92033,08,28.0,223.0
0800591178,"East Arapahoe CCD, Arapahoe County, Colorado",32446.0,22611.0,2331.0,67.0,1091.0,135.0,70.0,1242.0,4899.0,005,91178,08,1226.0,1379.0
0800593458,"Southwest Arapahoe CCD, Arapahoe County, Colorado",205516.0,162948.0,3957.0,565.0,8777.0,113.0,356.0,4687.0,24113.0,005,93458,08,8890.0,5608.0
0800593382,"South Aurora CCD, Arapahoe County, Colorado",388650.0,198636.0,57358.0,1305.0,25454.0,1038.0,1271.0,14250.0,89338.0,005,93382,08,26492.0,16826.0
0808991406,"Fowler CCD, Otero County, Colorado",1556.0,1260.0,0.0,0.0,0.0,0.0,0.0,0.0,296.0,089,91406,08,0.0,0.0
0808993116,"Rocky Ford CCD, Otero County, Colorado",5635.0,2392.0,42.0,43.0,27.0,0.0,0.0,28.0,3103.0,089,93116,08,27.0,71.0
0808992413,"Manzanola CCD, Otero County, Colorado",902.0,534.0,0.0,19.0,0.0,0.0,2.0,2.0,345.0,089,92413,08,0.0,23.0
0808990608,"Cheraw CCD, Otero County, Colorado",1563.0,1337.0,15.0,22.0,0.0,0.0,0.0,14.0,175.0,089,90608,08,0.0,36.0
0802193825,"West Conejos CCD, Conejos County, Colorado",429.0,254.0,2.0,0.0,1.0,0.0,0.0,0.0,172.0,021,93825,08,1.0,0.0
0811393844,"West San Miguel CCD, San Miguel County, Colorado",174.0,165.0,0.0,0.0,0.0,0.0,0.0,0.0,9.0,113,93844,08,0.0,0.0
0808992090,"La Junta CCD, Otero County, Colorado",8568.0,4363.0,79.0,13.0,150.0,156.0,50.0,66.0,3691.0,089,92090,08,306.0,129.0
0808993629,"Timpas CCD, Otero County, Colorado",101.0,99.0,0.0,0.0,0.0,0.0,0.0,0.0,2.0,089,93629,08,0.0,0.0
0804390494,"Cañon City CCD, Fremont County, Colorado",29708.0,23869.0,1262.0,180.0,83.0,3.0,11.0,287.0,4013.0,043,90494,08,86.0,478.0
0804593832,"West Garfield CCD, Garfield County, Colorado",6987.0,4573.0,27.0,19.0,110.0,0.0,84.0,204.0,1970.0,045,93832,08,110.0,307.0
0811593450,"South Sedgwick CCD, Sedgwick County, Colorado",288.0,278.0,0.0,0.0,0.0,0.0,0.0,4.0,6.0,115,93450,08,0.0,4.0
0812193905,"Woodlin CCD, Washington County, Colorado",486.0,466.0,0.0,7.0,0.0,0.0,0.0,10.0,3.0,121,93905,08,0.0,17.0
0801193388,"South Bent CCD, Bent County, Colorado",152.0,151.0,0.0,0.0,0.0,0.0,0.0,0.0,1.0,011,93388,08,0.0,0.0
0812591850,"Idalia-Joes CCD, Yuma County, Colorado",1003.0,779.0,0.0,3.0,0.0,0.0,3.0,2.0,216.0,125,91850,08,0.0,8.0
0807793857,"Whitewater-Kannah Creek CCD, Mesa County, Colorado",2923.0,2771.0,2.0,0.0,27.0,0.0,0.0,1.0,122.0,077,93857,08,27.0,1.0
0801490408,"Broomfield CCD, Broomfield County, Colorado",64283.0,49891.0,670.0,207.0,4140.0,0.0,214.0,1405.0,7756.0,014,90408,08,4140.0,1826.0
0810393040,"Rangely CCD, Rio Blanco County, Colorado",2625.0,2306.0,17.0,9.0,6.0,0.0,5.0,35.0,247.0,103,93040,08,6.0,49.0
0811591900,"Julesburg CCD, Sedgwick County, Colorado",2069.0,1667.0,30.0,12.0,36.0,0.0,0.0,67.0,257.0,115,91900,08,36.0,79.0
0809192793,"Ouray CCD, Ouray County, Colorado",4653.0,4303.0,0.0,15.0,24.0,4.0,0.0,44.0,263.0,091,92793,08,28.0,59.0
0810392451,"Meeker CCD, Rio Blanco County, Colorado",3932.0,3487.0,3.0,0.0,0.0,8.0,0.0,30.0,404.0,103,92451,08,8.0,30.0
0812391349,"Fort Lupton CCD, Weld County, Colorado",11941.0,6054.0,90.0,34.0,56.0,24.0,0.0,91.0,5592.0,123,91349,08,80.0,125.0
0812391881,"Johnstown-Milliken CCD, Weld County, Colorado",30595.0,25040.0,82.0,48.0,440.0,0.0,0.0,460.0,4525.0,123,91881,08,440.0,508.0
0812391634,"Greeley CCD, Weld County, Colorado",133876.0,74428.0,2236.0,577.0,1626.0,109.0,207.0,2185.0,52508.0,123,91634,08,1735.0,2969.0
0812390190,"Ault CCD, Weld County, Colorado",7263.0,5765.0,2.0,25.0,18.0,1.0,0.0,96.0,1356.0,123,90190,08,19.0,121.0
0812391216,"Erie-Frederick CCD, Weld County, Colorado",46648.0,35885.0,228.0,228.0,1302.0,101.0,100.0,1007.0,7797.0,123,91216,08,1403.0,1335.0
0812391653,"Grover CCD, Weld County, Colorado",616.0,548.0,7.0,0.0,0.0,0.0,0.0,8.0,53.0,123,91653,08,0.0,8.0
0812393059,"Raymer CCD, Weld County, Colorado",694.0,641.0,5.0,0.0,1.0,0.0,0.0,17.0,30.0,123,93059,08,1.0,17.0
0812391938,"Keenesburg-Hudson CCD, Weld County, Colorado",13701.0,9082.0,164.0,58.0,14.0,15.0,0.0,187.0,4181.0,123,91938,08,29.0,245.0
0812391957,"Kersey-Gill CCD, Weld County, Colorado",6836.0,5125.0,16.0,20.0,0.0,0.0,0.0,2.0,1673.0,123,91957,08,0.0,22.0
0812392166,"La Salle-Gilcrest CCD, Weld County, Colorado",5482.0,3482.0,0.0,14.0,53.0,0.0,0.0,100.0,1833.0,123,92166,08,53.0,114.0
0812392926,"Platteville CCD, Weld County, Colorado",4344.0,2776.0,0.0,10.0,0.0,0.0,0.0,106.0,1452.0,123,92926,08,0.0,116.0
0802192071,"La Jara CCD, Conejos County, Colorado",3680.0,1934.0,2.0,78.0,5.0,10.0,0.0,7.0,1644.0,021,92071,08,15.0,85.0
0812393895,"Windsor CCD, Weld County, Colorado",23733.0,20915.0,126.0,115.0,244.0,0.0,82.0,331.0,1920.0,123,93895,08,244.0,528.0
0802192375,"Manassa CCD, Conejos County, Colorado",2231.0,1199.0,8.0,38.0,0.0,0.0,0.0,10.0,976.0,021,92375,08,0.0,48.0
0802190095,"Antonito CCD, Conejos County, Colorado",1807.0,192.0,15.0,5.0,0.0,0.0,3.0,30.0,1562.0,021,90095,08,0.0,38.0
0802793819,"Westcliffe CCD, Custer County, Colorado",4505.0,4042.0,112.0,43.0,0.0,3.0,0.0,100.0,205.0,027,93819,08,3.0,143.0
0802393192,"San Luis CCD, Costilla County, Colorado",1698.0,344.0,13.0,0.0,0.0,0.0,0.0,7.0,1334.0,023,93192,08,0.0,7.0
0802390323,"Blanca CCD, Costilla County, Colorado",1930.0,820.0,0.0,2.0,54.0,0.0,0.0,74.0,980.0,023,90323,08,54.0,76.0
0800192622,"North Aurora CCD, Adams County, Colorado",44798.0,11376.0,6442.0,374.0,3009.0,80.0,324.0,1146.0,22047.0,001,92622,08,3089.0,1844.0
0800190399,"Brighton CCD, Adams County, Colorado",94991.0,59676.0,1633.0,423.0,2815.0,328.0,121.0,2265.0,27730.0,001,90399,08,3143.0,2809.0
0800191159,"East Adams CCD, Adams County, Colorado",9731.0,8082.0,11.0,153.0,51.0,0.0,28.0,200.0,1206.0,001,91159,08,51.0,381.0
0800190760,"Commerce City CCD, Adams County, Colorado",32427.0,8658.0,1707.0,128.0,89.0,0.0,0.0,291.0,21554.0,001,90760,08,89.0,419.0
0800193800,"West Adams CCD, Adams County, Colorado",305903.0,161447.0,4869.0,1304.0,12641.0,196.0,485.0,5641.0,119320.0,001,93800,08,12837.0,7430.0
0803590513,"Castle Rock CCD, Douglas County, Colorado",47643.0,40846.0,556.0,79.0,621.0,44.0,52.0,1103.0,4342.0,035,90513,08,665.0,1234.0
0803593249,"Sedalia CCD, Douglas County, Colorado",153886.0,126645.0,1465.0,306.0,9288.0,63.0,393.0,3812.0,11914.0,035,93249,08,9351.0,4511.0
0803592850,"Parker CCD, Douglas County, Colorado",119411.0,99878.0,1429.0,65.0,4178.0,71.0,285.0,3021.0,10484.0,035,92850,08,4249.0,3371.0
0806592242,"Leadville North CCD, Lake County, Colorado",1124.0,298.0,0.0,0.0,0.0,0.0,0.0,0.0,826.0,065,92242,08,0.0,0.0
0803792489,"Minturn-Red Cliff CCD, Eagle County, Colorado",25720.0,17414.0,363.0,158.0,396.0,26.0,57.0,216.0,7090.0,037,92489,08,422.0,431.0
0803790247,"Basalt CCD, Eagle County, Colorado",8505.0,5505.0,38.0,0.0,31.0,21.0,0.0,76.0,2834.0,037,90247,08,52.0,76.0
0803791140,"Eagle-Gypsum CCD, Eagle County, Colorado",19501.0,13244.0,3.0,49.0,41.0,0.0,0.0,204.0,5960.0,037,91140,08,41.0,253.0
0806592223,"Leadville CCD, Lake County, Colorado",6357.0,4510.0,9.0,0.0,48.0,0.0,0.0,78.0,1712.0,065,92223,08,48.0,78.0
0806791862,"Ignacio CCD, La Plata County, Colorado",6073.0,3382.0,33.0,1142.0,48.0,15.0,20.0,69.0,1364.0,067,91862,08,63.0,1231.0
0806790266,"Bayfield CCD, La Plata County, Colorado",9339.0,8074.0,3.0,208.0,22.0,0.0,0.0,61.0,971.0,067,90266,08,22.0,269.0
0806791083,"Durango CCD, La Plata County, Colorado",33437.0,26979.0,184.0,1398.0,207.0,5.0,7.0,840.0,3817.0,067,91083,08,212.0,2245.0
0808191017,"Dinosaur CCD, Moffat County, Colorado",359.0,292.0,0.0,0.0,0.0,0.0,0.0,1.0,66.0,081,91017,08,0.0,1.0
0806791102,"Durango Southwest CCD, La Plata County, Colorado",5620.0,4616.0,31.0,91.0,59.0,7.0,4.0,118.0,694.0,067,91102,08,66.0,213.0
0808192432,"Maybell-Powder Wash CCD, Moffat County, Colorado",172.0,143.0,0.0,0.0,0.0,0.0,0.0,3.0,26.0,081,92432,08,0.0,3.0
0808190855,"Craig CCD, Moffat County, Colorado",12525.0,10199.0,126.0,68.0,7.0,77.0,13.0,179.0,1856.0,081,90855,08,84.0,260.0
0809790171,"Aspen CCD, Pitkin County, Colorado",10164.0,8857.0,134.0,33.0,242.0,0.0,50.0,62.0,786.0,097,90171,08,242.0,145.0
0809793344,"Snowmass Village CCD, Pitkin County, Colorado",7583.0,6355.0,80.0,0.0,0.0,0.0,44.0,148.0,956.0,097,93344,08,0.0,192.0
0810592527,"Monte Vista CCD, Rio Grande County, Colorado",6280.0,2677.0,2.0,0.0,0.0,21.0,32.0,30.0,3518.0,105,92527,08,21.0,62.0
0801790646,"Cheyenne Wells CCD, Cheyenne County, Colorado",1541.0,1153.0,1.0,0.0,57.0,3.0,0.0,39.0,288.0,017,90646,08,60.0,39.0
0810593230,"Sargent CCD, Rio Grande County, Colorado",1201.0,704.0,0.0,152.0,22.0,0.0,0.0,0.0,323.0,105,93230,08,22.0,152.0
0810590969,"Del Norte CCD, Rio Grande County, Colorado",3949.0,2581.0,27.0,39.0,4.0,0.0,0.0,43.0,1255.0,105,90969,08,4.0,82.0
0801792014,"Kit Carson CCD, Cheyenne County, Colorado",586.0,549.0,0.0,0.0,8.0,0.0,0.0,0.0,29.0,017,92014,08,8.0,0.0
0801192185,"Las Animas CCD, Bent County, Colorado",4780.0,2747.0,352.0,28.0,21.0,0.0,0.0,6.0,1626.0,011,92185,08,21.0,34.0
0801192356,"McClave CCD, Bent County, Colorado",874.0,632.0,0.0,0.0,5.0,0.0,0.0,7.0,230.0,011,92356,08,5.0,7.0
0802592755,"Ordway CCD, Crowley County, Colorado",4836.0,3104.0,237.0,54.0,15.0,0.0,3.0,61.0,1362.0,025,92755,08,15.0,118.0
0802593553,"Sugar City CCD, Crowley County, Colorado",678.0,335.0,0.0,6.0,6.0,0.0,0.0,0.0,331.0,025,93553,08,6.0,6.0
0803393078,"Rico CCD, Dolores County, Colorado",361.0,338.0,0.0,5.0,0.0,0.0,0.0,0.0,18.0,033,93078,08,0.0,5.0
0803391064,"Dove Creek CCD, Dolores County, Colorado",1375.0,1247.0,0.0,9.0,0.0,0.0,0.0,58.0,61.0,033,91064,08,0.0,67.0
0811193306,"Silverton CCD, San Juan County, Colorado",569.0,490.0,0.0,3.0,0.0,0.0,0.0,0.0,76.0,111,93306,08,0.0,3.0
0805793724,"Walden CCD, Jackson County, Colorado",1372.0,1027.0,0.0,5.0,0.0,0.0,0.0,5.0,335.0,057,93724,08,0.0,10.0
0806992299,"Livermore CCD, Larimer County, Colorado",4022.0,3640.0,0.0,0.0,8.0,5.0,0.0,86.0,283.0,069,92299,08,13.0,86.0
0806993610,"Timnath-Wellington CCD, Larimer County, Colorado",23458.0,19819.0,82.0,70.0,251.0,11.0,0.0,569.0,2656.0,069,93610,08,262.0,639.0
0806990285,"Berthoud CCD, Larimer County, Colorado",13320.0,12454.0,3.0,0.0,132.0,12.0,0.0,182.0,537.0,069,90285,08,144.0,182.0
0806992337,"Loveland CCD, Larimer County, Colorado",107952.0,91329.0,612.0,346.0,1466.0,106.0,70.0,2391.0,11632.0,069,92337,08,1572.0,2807.0
0806991235,"Estes Park CCD, Larimer County, Colorado",11319.0,10585.0,30.0,45.0,54.0,5.0,0.0,63.0,537.0,069,91235,08,59.0,108.0
0806991330,"Fort Collins CCD, Larimer County, Colorado",170905.0,137470.0,2141.0,1072.0,4741.0,127.0,163.0,3843.0,21348.0,069,91330,08,4868.0,5078.0
0807590931,"Crook CCD, Logan County, Colorado",880.0,607.0,0.0,0.0,1.0,0.0,0.0,0.0,272.0,075,90931,08,1.0,0.0
0807592470,"Merino CCD, Logan County, Colorado",948.0,806.0,0.0,3.0,0.0,0.0,0.0,32.0,107.0,075,92470,08,0.0,35.0
0807591292,"Fleming CCD, Logan County, Colorado",2084.0,1692.0,124.0,15.0,0.0,0.0,0.0,71.0,182.0,075,91292,08,0.0,86.0
0807592869,"Peetz CCD, Logan County, Colorado",448.0,418.0,4.0,0.0,0.0,0.0,0.0,7.0,19.0,075,92869,08,0.0,7.0
0807593515,"Sterling CCD, Logan County, Colorado",17525.0,13560.0,123.0,146.0,208.0,0.0,0.0,666.0,2822.0,075,93515,08,208.0,812.0
0808392394,"Mancos CCD, Montezuma County, Colorado",3807.0,3340.0,19.0,48.0,8.0,0.0,9.0,71.0,312.0,083,92394,08,8.0,128.0
0808393705,"Ute Mountain CCD, Montezuma County, Colorado",1541.0,158.0,16.0,1303.0,5.0,0.0,0.0,31.0,28.0,083,93705,08,5.0,1334.0
0808390817,"Cortez CCD, Montezuma County, Colorado",16848.0,12196.0,9.0,1605.0,14.0,31.0,0.0,467.0,2526.0,083,90817,08,45.0,2072.0
0808391045,"Dolores CCD, Montezuma County, Colorado",3094.0,2662.0,3.0,88.0,0.0,0.0,0.0,54.0,287.0,083,91045,08,0.0,142.0
0808392945,"Pleasant View CCD, Montezuma County, Colorado",480.0,480.0,0.0,0.0,0.0,0.0,0.0,0.0,0.0,083,92945,08,0.0,0.0
0811392679,"Norwood CCD, San Miguel County, Colorado",1731.0,1579.0,0.0,0.0,0.0,0.0,0.0,13.0,139.0,113,92679,08,0.0,13.0
0811393591,"Telluride CCD, San Miguel County, Colorado",5899.0,5039.0,14.0,32.0,81.0,0.0,26.0,84.0,623.0,113,93591,08,81.0,142.0
0811990912,"Cripple Creek CCD, Teller County, Colorado",3068.0,2528.0,0.0,0.0,0.0,0.0,8.0,62.0,470.0,119,90912,08,0.0,70.0
0811991026,"Divide CCD, Teller County, Colorado",20701.0,18738.0,158.0,91.0,241.0,0.0,0.0,474.0,999.0,119,91026,08,241.0,565.0
0801393686,"Upper St. Vrain CCD, Boulder County, Colorado",867.0,830.0,4.0,0.0,0.0,5.0,0.0,7.0,21.0,013,93686,08,5.0,7.0
0801390342,"Boulder CCD, Boulder County, Colorado",123899.0,101673.0,1145.0,218.0,5982.0,109.0,304.0,3369.0,11099.0,013,90342,08,6091.0,3891.0
0801392318,"Longmont CCD, Boulder County, Colorado",106786.0,75198.0,961.0,363.0,3069.0,47.0,118.0,2203.0,24827.0,013,92318,08,3116.0,2684.0
0801392052,"Lafayette-Louisville CCD, Boulder County, Colorado",73111.0,58884.0,349.0,40.0,4984.0,18.0,141.0,1686.0,7009.0,013,92052,08,5002.0,1867.0
0801390228,"Bald Mountain CCD, Boulder County, Colorado",12119.0,11025.0,68.0,31.0,186.0,11.0,0.0,196.0,602.0,013,90228,08,197.0,227.0
0800792812,"Pagosa Springs CCD, Archuleta County, Colorado",11801.0,9094.0,123.0,265.0,85.0,0.0,25.0,96.0,2113.0,007,92812,08,85.0,386.0
0800790114,"Arboles CCD, Archuleta County, Colorado",791.0,567.0,13.0,2.0,7.0,0.0,0.0,6.0,196.0,007,90114,08,7.0,8.0
0809591767,"Holyoke CCD, Phillips County, Colorado",3010.0,2102.0,8.0,0.0,10.0,0.0,0.0,45.0,845.0,095,91767,08,10.0,45.0
0809591710,"Haxtun CCD, Phillips County, Colorado",1317.0,1247.0,1.0,14.0,6.0,0.0,0.0,25.0,24.0,095,91710,08,6.0,39.0
0803191007,"Denver CCD, Denver County, Colorado",678467.0,363712.0,62166.0,3479.0,23967.0,693.0,1431.0,15919.0,207100.0,031,91007,08,24660.0,20829.0
0806191691,"Haswell CCD, Kiowa County, Colorado",94.0,94.0,0.0,0.0,0.0,0.0,0.0,0.0,0.0,061,91691,08,0.0,0.0
0806193268,"Sheridan Lake CCD, Kiowa County, Colorado",331.0,321.0,8.0,0.0,0.0,0.0,0.0,0.0,2.0,061,93268,08,0.0,0.0
0806191121,"Eads CCD, Kiowa County, Colorado",943.0,789.0,0.0,0.0,0.0,0.0,0.0,96.0,58.0,061,91121,08,0.0,96.0
0805592204,"La Veta CCD, Huerfano County, Colorado",1416.0,1324.0,6.0,0.0,0.0,0.0,0.0,0.0,86.0,055,92204,08,0.0,0.0
0805591444,"Gardner CCD, Huerfano County, Colorado",422.0,300.0,0.0,0.0,0.0,0.0,0.0,0.0,122.0,055,91444,08,0.0,0.0
0805593743,"Walsenburg CCD, Huerfano County, Colorado",4660.0,2547.0,6.0,20.0,6.0,0.0,5.0,27.0,2049.0,055,93743,08,6.0,52.0
0800990475,"Campo CCD, Baca County, Colorado",246.0,236.0,0.0,0.0,0.0,0.0,0.0,0.0,10.0,009,90475,08,0.0,0.0
0800993477,"Springfield CCD, Baca County, Colorado",2004.0,1701.0,52.0,29.0,0.0,0.0,0.0,30.0,192.0,009,93477,08,0.0,59.0
0800993762,"Walsh CCD, Baca County, Colorado",1079.0,899.0,0.0,8.0,0.0,0.0,0.0,14.0,158.0,009,93762,08,0.0,22.0
0800992964,"Pritchett CCD, Baca County, Colorado",252.0,233.0,0.0,2.0,0.0,0.0,0.0,1.0,16.0,009,92964,08,0.0,3.0
0801593173,"Salida CCD, Chaffee County, Colorado",10146.0,8470.0,12.0,29.0,98.0,0.0,0.0,241.0,1296.0,015,93173,08,98.0,270.0
0801590437,"Buena Vista CCD, Chaffee County, Colorado",8672.0,7583.0,288.0,47.0,49.0,0.0,0.0,106.0,599.0,015,90437,08,49.0,153.0
0804790570,"Central City CCD, Gilpin County, Colorado",5793.0,4992.0,34.0,73.0,16.0,0.0,8.0,136.0,534.0,047,90570,08,16.0,217.0
0806391273,"Flagler CCD, Kit Carson County, Colorado",994.0,928.0,3.0,0.0,0.0,4.0,0.0,5.0,54.0,063,91273,08,4.0,5.0
0806393534,"Stratton CCD, Kit Carson County, Colorado",1384.0,1174.0,10.0,0.0,18.0,0.0,0.0,20.0,162.0,063,93534,08,18.0,20.0
0806390456,"Burlington CCD, Kit Carson County, Colorado",5468.0,3882.0,236.0,9.0,11.0,36.0,0.0,0.0,1294.0,063,90456,08,47.0,9.0
0804591520,"Glenwood Springs CCD, Garfield County, Colorado",25629.0,17428.0,53.0,6.0,252.0,0.0,0.0,247.0,7643.0,045,91520,08,252.0,253.0
0804593097,"Rifle CCD, Garfield County, Colorado",13317.0,9283.0,97.0,170.0,97.0,0.0,0.0,233.0,3437.0,045,93097,08,97.0,403.0
0804592603,"New Castle CCD, Garfield County, Colorado",12012.0,8491.0,39.0,69.0,1.0,0.0,11.0,175.0,3226.0,045,92603,08,1.0,255.0
0805193211,"Sapinero CCD, Gunnison County, Colorado",292.0,251.0,5.0,5.0,0.0,0.0,0.0,13.0,18.0,051,93211,08,0.0,18.0
0805193363,"Somerset CCD, Gunnison County, Colorado",577.0,437.0,15.0,65.0,19.0,0.0,0.0,14.0,27.0,051,93363,08,19.0,79.0
0805191672,"Gunnison CCD, Gunnison County, Colorado",10501.0,9015.0,21.0,54.0,0.0,14.0,0.0,119.0,1278.0,051,91672,08,14.0,173.0
0805190893,"Crested Butte CCD, Gunnison County, Colorado",4845.0,4470.0,1.0,0.0,69.0,0.0,28.0,122.0,155.0,051,90893,08,69.0,150.0
0805991539,"Golden CCD, Jefferson County, Colorado",37287.0,32848.0,334.0,104.0,945.0,1.0,28.0,911.0,2116.0,059,91539,08,946.0,1043.0
0805992641,"Northeast Jefferson CCD, Jefferson County, Colorado",476113.0,364684.0,4983.0,2235.0,13408.0,328.0,734.0,8937.0,80804.0,059,92641,08,13736.0,11906.0
0805993439,"South Jefferson CCD, Jefferson County, Colorado",25558.0,23523.0,73.0,134.0,392.0,5.0,21.0,332.0,1078.0,059,93439,08,397.0,487.0
0805990589,"Central Jefferson CCD, Jefferson County, Colorado",25071.0,22605.0,251.0,45.0,264.0,0.0,8.0,407.0,1491.0,059,90589,08,264.0,460.0
0807990874,"Creede CCD, Mineral County, Colorado",834.0,699.0,13.0,0.0,3.0,0.0,0.0,14.0,105.0,079,90874,08,3.0,14.0
