geoid,name,housing_units,owner_occupied,renter_occupied,county,county subdivision,state
2500926150,"Gloucester city, Essex County, Massachusetts",12492.0,8119.0,4373.0,009,26150,25
2500927900,"Hamilton town, Essex County, Massachusetts",2530.0,2155.0,375.0,009,27900,25
250115560,"Bernardston town, Franklin County, Massachusetts",903.0,702.0,201.0,011,5560,25
2501125730,"Gill town, Franklin County, Massachusetts",571.0,474.0,97.0,011,25730,25
2501129475,"Hawley town, Franklin County, Massachusetts",149.0,145.0,4.0,011,29475,25
2501161135,"Shelburne town, Franklin County, Massachusetts",867.0,582.0,285.0,011,61135,25
2501135180,"Leverett town, Franklin County, Massachusetts",798.0,706.0,92.0,011,35180,25
2501129650,"Heath town, Franklin County, Massachusetts",270.0,250.0,20.0,011,29650,25
2501135285,"Leyden town, Franklin County, Massachusetts",285.0,267.0,18.0,011,35285,25
2501147835,"Northfield town, Franklin County, Massachusetts",1176.0,930.0,246.0,011,47835,25
2501572880,"Ware town, Hampshire County, Massachusetts",3852.0,2922.0,930.0,015,72880,25
2501546330,"Northampton city, Hampshire County, Massachusetts",9770.0,5836.0,3934.0,015,46330,25
2501554030,"Plainfield town, Hampshire County, Massachusetts",267.0,241.0,26.0,015,54030,25
2501576380,"Westhampton town, Hampshire County, Massachusetts",654.0,611.0,43.0,015,76380,25
2501582175,"Worthington town, Hampshire County, Massachusetts",564.0,489.0,75.0,015,82175,25
250151325,"Amherst town, Hampshire County, Massachusetts",7157.0,3473.0,3684.0,015,1325,25
2501526535,"Granby town, Hampshire County, Massachusetts",2387.0,2078.0,309.0,015,26535,25
2501526290,"Goshen town, Hampshire County, Massachusetts",443.0,391.0,52.0,015,26290,25
2501513590,"Chesterfield town, Hampshire County, Massachusetts",500.0,463.0,37.0,015,13590,25
2501527690,"Hadley town, Hampshire County, Massachusetts",2059.0,1694.0,365.0,015,27690,25
2501531785,"Huntington town, Hampshire County, Massachusetts",759.0,630.0,129.0,015,31785,25
2501552560,"Pelham town, Hampshire County, Massachusetts",502.0,432.0,70.0,015,52560,25
2501564145,"South Hadley town, Hampshire County, Massachusetts",6190.0,4642.0,1548.0,015,64145,25
250154825,"Belchertown town, Hampshire County, Massachusetts",5285.0,4297.0,988.0,015,4825,25
2501540990,"Middlefield town, Hampshire County, Massachusetts",211.0,206.0,5.0,015,40990,25
2501562745,"Southampton town, Hampshire County, Massachusetts",2377.0,2195.0,182.0,015,62745,25
2501516040,"Cummington town, Hampshire County, Massachusetts",399.0,330.0,69.0,015,16040,25
2501579915,"Williamsburg town, Hampshire County, Massachusetts",1104.0,818.0,286.0,015,79915,25
2501529265,"Hatfield town, Hampshire County, Massachusetts",1505.0,1130.0,375.0,015,29265,25
250190,"County subdivisions not defined, Nantucket County, Massachusetts",0.0,0.0,0.0,019,0,25
2501943790,"Nantucket town, Nantucket County, Massachusetts",3244.0,2219.0,1025.0,019,43790,25
2502556585,"Revere city, Suffolk County, Massachusetts",13254.0,7040.0,6214.0,025,56585,25
2502513205,"Chelsea city, Suffolk County, Massachusetts",4141.0,1570.0,2571.0,025,13205,25
250257000,"Boston city, Suffolk County, Massachusetts",135746.0,60720.0,75026.0,025,7000,25
250250,"County subdivisions not defined, Suffolk County, Massachusetts",0.0,0.0,0.0,025,0,25
2500112995,"Chatham town, Barnstable County, Massachusetts",2672.0,2165.0,507.0,001,12995,25
2500119295,"Eastham town, Barnstable County, Massachusetts",2311.0,1938.0,373.0,001,19295,25
2500123105,"Falmouth town, Barnstable County, Massachusetts",12819.0,10071.0,2748.0,001,23105,25
250017175,"Bourne town, Barnstable County, Massachusetts",7841.0,5999.0,1842.0,001,7175,25
2500116775,"Dennis town, Barnstable County, Massachusetts",6652.0,5235.0,1417.0,001,16775,25
2500139100,"Mashpee town, Barnstable County, Massachusetts",5656.0,5021.0,635.0,001,39100,25
2500170605,"Truro town, Barnstable County, Massachusetts",772.0,637.0,135.0,001,70605,25
250010,"County subdivisions not defined, Barnstable County, Massachusetts",0.0,0.0,0.0,001,0,25
2500174385,"Wellfleet town, Barnstable County, Massachusetts",1449.0,1201.0,248.0,001,74385,25
2500151440,"Orleans town, Barnstable County, Massachusetts",2714.0,2170.0,544.0,001,51440,25
250017980,"Brewster town, Barnstable County, Massachusetts",4233.0,3649.0,584.0,001,7980,25
2500159735,"Sandwich town, Barnstable County, Massachusetts",7511.0,6560.0,951.0,001,59735,25
2500155500,"Provincetown town, Barnstable County, Massachusetts",1614.0,1118.0,496.0,001,55500,25
2500129020,"Harwich town, Barnstable County, Massachusetts",5246.0,4483.0,763.0,001,29020,25
2500182525,"Yarmouth town, Barnstable County, Massachusetts",10191.0,8099.0,2092.0,001,82525,25
2500726325,"Gosnold town, Dukes County, Massachusetts",18.0,14.0,4.0,007,26325,25
2500713800,"Chilmark town, Dukes County, Massachusetts",325.0,279.0,46.0,007,13800,25
2500721150,"Edgartown town, Dukes County, Massachusetts",1544.0,1259.0,285.0,007,21150,25
2500769940,"Tisbury town, Dukes County, Massachusetts",1293.0,907.0,386.0,007,69940,25
2500778235,"West Tisbury town, Dukes County, Massachusetts",889.0,786.0,103.0,007,78235,25
2500750390,"Oak Bluffs town, Dukes County, Massachusetts",1489.0,1181.0,308.0,007,50390,25
250071585,"Aquinnah town, Dukes County, Massachusetts",89.0,86.0,3.0,007,1585,25
2501717825,"Dunstable town, Middlesex County, Massachusetts",1082.0,1045.0,37.0,017,17825,25
2501730700,"Holliston town, Middlesex County, Massachusetts",4683.0,4146.0,537.0,017,30700,25
2501738715,"Marlborough city, Middlesex County, Massachusetts",11985.0,7756.0,4229.0,017,38715,25
250172130,"Ashland town, Middlesex County, Massachusetts",5666.0,4532.0,1134.0,017,2130,25
2501756130,"Reading town, Middlesex County, Massachusetts",8635.0,6993.0,1642.0,017,56130,25
2501762535,"Somerville city, Middlesex County, Massachusetts",24790.0,8997.0,15793.0,017,62535,25
250171955,"Ashby town, Middlesex County, Massachusetts",1087.0,955.0,132.0,017,1955,25
250177350,"Boxborough town, Middlesex County, Massachusetts",1764.0,1410.0,354.0,017,7350,25
2501724925,"Framingham town, Middlesex County, Massachusetts",19665.0,12809.0,6856.0,017,24925,25
2501737000,"Lowell city, Middlesex County, Massachusetts",22273.0,11720.0,10553.0,017,37000,25
2501773790,"Wayland town, Middlesex County, Massachusetts",4380.0,3862.0,518.0,017,73790,25
2501711525,"Carlisle town, Middlesex County, Massachusetts",1558.0,1472.0,86.0,017,11525,25
250175805,"Billerica town, Middlesex County, Massachusetts",12636.0,10637.0,1999.0,017,5805,25
2501731540,"Hudson town, Middlesex County, Massachusetts",7068.0,5498.0,1570.0,017,31540,25
2501739625,"Maynard town, Middlesex County, Massachusetts",3975.0,3010.0,965.0,017,39625,25
2501761380,"Sherborn town, Middlesex County, Massachusetts",1373.0,1262.0,111.0,017,61380,25
2501767665,"Stoneham town, Middlesex County, Massachusetts",8265.0,5674.0,2591.0,017,67665,25
2501780230,"Wilmington town, Middlesex County, Massachusetts",7253.0,6248.0,1005.0,017,80230,25
250173005,"Ayer town, Middlesex County, Massachusetts",2886.0,1796.0,1090.0,017,3005,25
250179840,"Burlington town, Middlesex County, Massachusetts",7413.0,5774.0,1639.0,017,9840,25
2501721990,"Everett city, Middlesex County, Massachusetts",8979.0,3866.0,5113.0,017,21990,25
2501735425,"Lincoln town, Middlesex County, Massachusetts",2053.0,1335.0,718.0,017,35425,25
2501768260,"Sudbury town, Middlesex County, Massachusetts",5500.0,5092.0,408.0,017,68260,25
2501771025,"Tyngsborough town, Middlesex County, Massachusetts",3960.0,3420.0,540.0,017,71025,25
2501772215,"Wakefield town, Middlesex County, Massachusetts",9736.0,7498.0,2238.0,017,72215,25
2501781035,"Woburn city, Middlesex County, Massachusetts",12997.0,8864.0,4133.0,017,81035,25
2501777255,"Weston town, Middlesex County, Massachusetts",3208.0,2747.0,461.0,017,77255,25
2501769415,"Tewksbury town, Middlesex County, Massachusetts",10785.0,9439.0,1346.0,017,69415,25
2501776135,"Westford town, Middlesex County, Massachusetts",6732.0,6043.0,689.0,017,76135,25
250175070,"Belmont town, Middlesex County, Massachusetts",7836.0,5097.0,2739.0,017,5070,25
2501717475,"Dracut town, Middlesex County, Massachusetts",9709.0,7780.0,1929.0,017,17475,25
2501727480,"Groton town, Middlesex County, Massachusetts",3881.0,3417.0,464.0,017,27480,25
2501735215,"Lexington town, Middlesex County, Massachusetts",8638.0,6863.0,1775.0,017,35215,25
2501768050,"Stow town, Middlesex County, Massachusetts",2479.0,2266.0,213.0,017,68050,25
2501713135,"Chelmsford town, Middlesex County, Massachusetts",12037.0,10002.0,2035.0,017,13135,25
2501739835,"Medford city, Middlesex County, Massachusetts",18058.0,10741.0,7317.0,017,39835,25
2501761590,"Shirley town, Middlesex County, Massachusetts",2108.0,1437.0,671.0,017,61590,25
2501740115,"Melrose city, Middlesex County, Massachusetts",10130.0,7061.0,3069.0,017,40115,25
2501748955,"North Reading town, Middlesex County, Massachusetts",5073.0,4363.0,710.0,017,48955,25
2501772600,"Waltham city, Middlesex County, Massachusetts",17139.0,10261.0,6878.0,017,72600,25
25017380,"Acton town, Middlesex County, Massachusetts",6498.0,5117.0,1381.0,017,380,25
2501743895,"Natick town, Middlesex County, Massachusetts",11633.0,8963.0,2670.0,017,43895,25
250171605,"Arlington town, Middlesex County, Massachusetts",15911.0,10249.0,5662.0,017,1605,25
2501715060,"Concord town, Middlesex County, Massachusetts",6202.0,4747.0,1455.0,017,15060,25
2501735950,"Littleton town, Middlesex County, Massachusetts",3183.0,2717.0,466.0,017,35950,25
2501752805,"Pepperell town, Middlesex County, Massachusetts",4165.0,3271.0,894.0,017,52805,25
2501780510,"Winchester town, Middlesex County, Massachusetts",6793.0,5945.0,848.0,017,80510,25
250174615,"Bedford town, Middlesex County, Massachusetts",4243.0,3231.0,1012.0,017,4615,25
2501711000,"Cambridge city, Middlesex County, Massachusetts",29054.0,12723.0,16331.0,017,11000,25
2501731085,"Hopkinton town, Middlesex County, Massachusetts",5059.0,4324.0,735.0,017,31085,25
2501770360,"Townsend town, Middlesex County, Massachusetts",3314.0,2759.0,555.0,017,70360,25
2501737875,"Malden city, Middlesex County, Massachusetts",12575.0,6185.0,6390.0,017,37875,25
2501745560,"Newton city, Middlesex County, Massachusetts",24937.0,18265.0,6672.0,017,45560,25
2500330315,"Hinsdale town, Berkshire County, Massachusetts",862.0,739.0,123.0,003,30315,25
2500343300,"Mount Washington town, Berkshire County, Massachusetts",77.0,72.0,5.0,003,43300,25
2500313345,"Cheshire town, Berkshire County, Massachusetts",1365.0,1132.0,233.0,003,13345,25
2500324120,"Florida town, Berkshire County, Massachusetts",328.0,297.0,31.0,003,24120,25
2500328180,"Hancock town, Berkshire County, Massachusetts",245.0,188.0,57.0,003,28180,25
2500360225,"Savoy town, Berkshire County, Massachusetts",301.0,274.0,27.0,003,60225,25
2500377990,"West Stockbridge town, Berkshire County, Massachusetts",445.0,404.0,41.0,003,77990,25
2500379985,"Williamstown town, Berkshire County, Massachusetts",2028.0,1593.0,435.0,003,79985,25
2500342460,"Monterey town, Berkshire County, Massachusetts",362.0,290.0,72.0,003,42460,25
2500344385,"New Ashford town, Berkshire County, Massachusetts",118.0,97.0,21.0,003,44385,25
2500361065,"Sheffield town, Berkshire County, Massachusetts",1441.0,1170.0,271.0,003,61065,25
2501151265,"Orange town, Franklin County, Massachusetts",3073.0,2091.0,982.0,011,51265,25
2501173265,"Warwick town, Franklin County, Massachusetts",331.0,318.0,13.0,011,73265,25
2501179110,"Whately town, Franklin County, Massachusetts",585.0,506.0,79.0,011,79110,25
2501142285,"Montague town, Franklin County, Massachusetts",3517.0,2181.0,1336.0,011,42285,25
250112095,"Ashfield town, Franklin County, Massachusetts",669.0,569.0,100.0,011,2095,25
2501145490,"New Salem town, Franklin County, Massachusetts",415.0,373.0,42.0,011,45490,25
2501112505,"Charlemont town, Franklin County, Massachusetts",447.0,329.0,118.0,011,12505,25
2501115200,"Conway town, Franklin County, Massachusetts",729.0,624.0,105.0,011,15200,25
2501121780,"Erving town, Franklin County, Massachusetts",686.0,593.0,93.0,011,21780,25
2501116670,"Deerfield town, Franklin County, Massachusetts",1986.0,1567.0,419.0,011,16670,25
2501142040,"Monroe town, Franklin County, Massachusetts",47.0,37.0,10.0,011,42040,25
2501161905,"Shutesbury town, Franklin County, Massachusetts",706.0,636.0,70.0,011,61905,25
250119595,"Buckland town, Franklin County, Massachusetts",803.0,659.0,144.0,011,9595,25
2501168400,"Sunderland town, Franklin County, Massachusetts",1264.0,627.0,637.0,011,68400,25
2501174525,"Wendell town, Franklin County, Massachusetts",365.0,303.0,62.0,011,74525,25
2501158335,"Rowe town, Franklin County, Massachusetts",172.0,150.0,22.0,011,58335,25
2501114885,"Colrain town, Franklin County, Massachusetts",692.0,580.0,112.0,011,14885,25
250219175,"Brookline town, Norfolk County, Massachusetts",18032.0,9728.0,8304.0,021,9175,25
2502111315,"Canton town, Norfolk County, Massachusetts",7358.0,5923.0,1435.0,021,11315,25
2502139765,"Medfield town, Norfolk County, Massachusetts",3894.0,3438.0,456.0,021,39765,25
2502141515,"Millis town, Norfolk County, Massachusetts",2900.0,2448.0,452.0,021,41515,25
2502144105,"Needham town, Norfolk County, Massachusetts",9493.0,7910.0,1583.0,021,44105,25
2502146050,"Norfolk town, Norfolk County, Massachusetts",3039.0,2876.0,163.0,021,46050,25
2502150250,"Norwood town, Norfolk County, Massachusetts",9938.0,6363.0,3575.0,021,50250,25
2502154100,"Plainville town, Norfolk County, Massachusetts",3340.0,2509.0,831.0,021,54100,25
2502172495,"Walpole town, Norfolk County, Massachusetts",8040.0,7002.0,1038.0,021,72495,25
250214930,"Bellingham town, Norfolk County, Massachusetts",5922.0,4911.0,1011.0,021,4930,25
2502117405,"Dover town, Norfolk County, Massachusetts",1751.0,1710.0,41.0,021,17405,25
2502114640,"Cohasset town, Norfolk County, Massachusetts",2991.0,2303.0,688.0,021,14640,25
2502167945,"Stoughton town, Norfolk County, Massachusetts",8392.0,6240.0,2152.0,021,67945,25
2502124820,"Foxborough town, Norfolk County, Massachusetts",5964.0,4152.0,1812.0,021,24820,25
2502139975,"Medway town, Norfolk County, Massachusetts",4324.0,3823.0,501.0,021,39975,25
2502130455,"Holbrook town, Norfolk County, Massachusetts",3567.0,2923.0,644.0,021,30455,25
2502174175,"Wellesley town, Norfolk County, Massachusetts",7420.0,6269.0,1151.0,021,74175,25
2502116495,"Dedham town, Norfolk County, Massachusetts",8309.0,6029.0,2280.0,021,16495,25
2502160785,"Sharon town, Norfolk County, Massachusetts",5080.0,4407.0,673.0,021,60785,25
2502182315,"Wrentham town, Norfolk County, Massachusetts",3893.0,3273.0,620.0,021,82315,25
2502141690,"Milton town, Norfolk County, Massachusetts",6713.0,5621.0,1092.0,021,41690,25
2502155745,"Quincy city, Norfolk County, Massachusetts",27956.0,13815.0,14141.0,021,55745,25
250212935,"Avon town, Norfolk County, Massachusetts",1235.0,918.0,317.0,021,2935,25
2502178690,"Westwood town, Norfolk County, Massachusetts",5084.0,4376.0,708.0,021,78690,25
2502155955,"Randolph town, Norfolk County, Massachusetts",5491.0,4018.0,1473.0,021,55955,25
2502768610,"Sutton town, Worcester County, Massachusetts",3125.0,2880.0,245.0,027,68610,25
2502747135,"North Brookfield town, Worcester County, Massachusetts",1744.0,1244.0,500.0,027,47135,25
2502751825,"Oxford town, Worcester County, Massachusetts",4910.0,3674.0,1236.0,027,51825,25
2502766105,"Spencer town, Worcester County, Massachusetts",4684.0,3181.0,1503.0,027,66105,25
2502773090,"Warren town, Worcester County, Massachusetts",1848.0,1361.0,487.0,027,73090,25
2502780405,"Winchendon town, Worcester County, Massachusetts",3640.0,2775.0,865.0,027,80405,25
250272480,"Athol town, Worcester County, Massachusetts",4511.0,3249.0,1262.0,027,2480,25
250276365,"Bolton town, Worcester County, Massachusetts",1541.0,1420.0,121.0,027,6365,25
250277525,"Boylston town, Worcester County, Massachusetts",1622.0,1418.0,204.0,027,7525,25
2502712715,"Charlton town, Worcester County, Massachusetts",4749.0,3839.0,910.0,027,12715,25
2502752420,"Paxton town, Worcester County, Massachusetts",1492.0,1376.0,116.0,027,52420,25
250271885,"Ashburnham town, Worcester County, Massachusetts",2005.0,1791.0,214.0,027,1885,25
2502728740,"Hardwick town, Worcester County, Massachusetts",1217.0,863.0,354.0,027,28740,25
2502758580,"Royalston town, Worcester County, Massachusetts",511.0,425.0,86.0,027,58580,25
2502718560,"East Brookfield town, Worcester County, Massachusetts",798.0,711.0,87.0,027,18560,25
2502730945,"Hopedale town, Worcester County, Massachusetts",2154.0,1731.0,423.0,027,30945,25
2502740255,"Mendon town, Worcester County, Massachusetts",2027.0,1776.0,251.0,027,40255,25
2502741165,"Milford town, Worcester County, Massachusetts",9505.0,6958.0,2547.0,027,41165,25
2502741585,"Millville town, Worcester County, Massachusetts",1111.0,851.0,260.0,027,41585,25
2502753225,"Phillipston town, Worcester County, Massachusetts",570.0,522.0,48.0,027,53225,25
2502768155,"Sturbridge town, Worcester County, Massachusetts",3441.0,2828.0,613.0,027,68155,25
2502771480,"Upton town, Worcester County, Massachusetts",2609.0,2189.0,420.0,027,71480,25
2502755395,"Princeton town, Worcester County, Massachusetts",1229.0,1117.0,112.0,027,55395,25
250273740,"Barre town, Worcester County, Massachusetts",1845.0,1381.0,464.0,027,3740,25
250275490,"Berlin town, Worcester County, Massachusetts",1135.0,990.0,145.0,027,5490,25
2502735075,"Leominster city, Worcester County, Massachusetts",12654.0,8067.0,4587.0,027,35075,25
2502767385,"Sterling town, Worcester County, Massachusetts",2538.0,2201.0,337.0,027,67385,25
2502758825,"Rutland town, Worcester County, Massachusetts",2829.0,2374.0,455.0,027,58825,25
2502769275,"Templeton town, Worcester County, Massachusetts",3284.0,2784.0,500.0,027,69275,25
250272760,"Auburn town, Worcester County, Massachusetts",6242.0,5191.0,1051.0,027,2760,25
2502728950,"Harvard town, Worcester County, Massachusetts",1789.0,1650.0,139.0,027,28950,25
2502730560,"Holden town, Worcester County, Massachusetts",6229.0,5613.0,616.0,027,30560,25
2502745105,"New Braintree town, Worcester County, Massachusetts",419.0,374.0,45.0,027,45105,25
2502763165,"Southborough town, Worcester County, Massachusetts",2947.0,2597.0,350.0,027,63165,25
2502723875,"Fitchburg city, Worcester County, Massachusetts",10778.0,6524.0,4254.0,027,23875,25
2502725485,"Gardner city, Worcester County, Massachusetts",7689.0,4028.0,3661.0,027,25485,25
2502726430,"Grafton town, Worcester County, Massachusetts",5940.0,4456.0,1484.0,027,26430,25
2502734165,"Lancaster town, Worcester County, Massachusetts",2164.0,1833.0,331.0,027,34165,25
2502737420,"Lunenburg town, Worcester County, Massachusetts",3830.0,3155.0,675.0,027,37420,25
2502761800,"Shrewsbury town, Worcester County, Massachusetts",10086.0,7655.0,2431.0,027,61800,25
2502777010,"Westminster town, Worcester County, Massachusetts",2795.0,2480.0,315.0,027,77010,25
2502773895,"Webster town, Worcester County, Massachusetts",5787.0,3419.0,2368.0,027,73895,25
2502775155,"West Boylston town, Worcester County, Massachusetts",1901.0,1637.0,264.0,027,75155,25
250279105,"Brookfield town, Worcester County, Massachusetts",1341.0,1129.0,212.0,027,9105,25
2502750670,"Oakham town, Worcester County, Massachusetts",672.0,634.0,38.0,027,50670,25
2502717300,"Douglas town, Worcester County, Massachusetts",2876.0,2326.0,550.0,027,17300,25
2502731435,"Hubbardston town, Worcester County, Massachusetts",1624.0,1473.0,151.0,027,31435,25
2502734795,"Leicester town, Worcester County, Massachusetts",4045.0,3023.0,1022.0,027,34795,25
2502746820,"Northborough town, Worcester County, Massachusetts",4616.0,3835.0,781.0,027,46820,25
2502746925,"Northbridge town, Worcester County, Massachusetts",5686.0,3721.0,1965.0,027,46925,25
250276015,"Blackstone town, Worcester County, Massachusetts",3285.0,2327.0,958.0,027,6015,25
2502717685,"Dudley town, Worcester County, Massachusetts",3643.0,2754.0,889.0,027,17685,25
2502741340,"Millbury town, Worcester County, Massachusetts",5102.0,3806.0,1296.0,027,41340,25
2502775015,"Westborough town, Worcester County, Massachusetts",4868.0,3319.0,1549.0,027,75015,25
2502782000,"Worcester city, Worcester County, Massachusetts",44871.0,23372.0,21499.0,027,82000,25
2502771620,"Uxbridge town, Worcester County, Massachusetts",4590.0,3679.0,911.0,027,71620,25
2502714395,"Clinton town, Worcester County, Massachusetts",4730.0,2888.0,1842.0,027,14395,25
2502775400,"West Brookfield town, Worcester County, Massachusetts",1453.0,1008.0,445.0,027,75400,25
2502753120,"Petersham town, Worcester County, Massachusetts",479.0,398.0,81.0,027,53120,25
250091260,"Amesbury Town city, Essex County, Massachusetts",6711.0,4778.0,1933.0,009,1260,25
2502581005,"Winthrop Town city, Suffolk County, Massachusetts",7076.0,4059.0,3017.0,025,81005,25
2501127100,"Greenfield Town city, Franklin County, Massachusetts",7215.0,4244.0,2971.0,011,27100,25
2501519370,"Easthampton Town city, Hampshire County, Massachusetts",6614.0,3838.0,2776.0,015,19370,25
2500940710,"Methuen Town city, Essex County, Massachusetts",12567.0,10239.0,2328.0,009,40710,25
2502763345,"Southbridge Town city, Worcester County, Massachusetts",4819.0,2563.0,2256.0,027,63345,25
25013840,"Agawam Town city, Hampden County, Massachusetts",10706.0,8511.0,2195.0,013,840,25
2501352144,"Palmer Town city, Hampden County, Massachusetts",4755.0,3618.0,1137.0,013,52144,25
2501377890,"West Springfield Town city, Hampden County, Massachusetts",9829.0,6470.0,3359.0,013,77890,25
250013690,"Barnstable Town city, Barnstable County, Massachusetts",17190.0,13236.0,3954.0,001,3690,25
2501773440,"Watertown Town city, Middlesex County, Massachusetts",12508.0,6659.0,5849.0,017,73440,25
2502125172,"Franklin Town city, Norfolk County, Massachusetts",10389.0,8579.0,1810.0,021,25172,25
2502178972,"Weymouth Town city, Norfolk County, Massachusetts",19867.0,14126.0,5741.0,021,78972,25
2500371095,"Tyringham town, Berkshire County, Massachusetts",176.0,149.0,27.0,003,71095,25
2500314010,"Clarksburg town, Berkshire County, Massachusetts",693.0,635.0,58.0,003,14010,25
2500316180,"Dalton town, Berkshire County, Massachusetts",2880.0,2122.0,758.0,003,16180,25
2500334655,"Lee town, Berkshire County, Massachusetts",2151.0,1471.0,680.0,003,34655,25
2500346225,"North Adams city, Berkshire County, Massachusetts",5576.0,3124.0,2452.0,003,46225,25
25003975,"Alford town, Berkshire County, Massachusetts",187.0,177.0,10.0,003,975,25
2500334340,"Lanesborough town, Berkshire County, Massachusetts",1120.0,966.0,154.0,003,34340,25
2500353960,"Pittsfield city, Berkshire County, Massachusetts",17221.0,11324.0,5897.0,003,53960,25
2500321360,"Egremont town, Berkshire County, Massachusetts",546.0,474.0,72.0,003,21360,25
2500345420,"New Marlborough town, Berkshire County, Massachusetts",617.0,550.0,67.0,003,45420,25
2500351580,"Otis town, Berkshire County, Massachusetts",721.0,637.0,84.0,003,51580,25
2500356795,"Richmond town, Berkshire County, Massachusetts",703.0,653.0,50.0,003,56795,25
2500373335,"Washington town, Berkshire County, Massachusetts",230.0,227.0,3.0,003,73335,25
25003555,"Adams town, Berkshire County, Massachusetts",3671.0,2415.0,1256.0,003,555,25
250034545,"Becket town, Berkshire County, Massachusetts",753.0,696.0,57.0,003,4545,25
2500367595,"Stockbridge town, Berkshire County, Massachusetts",855.0,603.0,252.0,003,67595,25
2500334970,"Lenox town, Berkshire County, Massachusetts",2241.0,1513.0,728.0,003,34970,25
2500326815,"Great Barrington town, Berkshire County, Massachusetts",2358.0,1720.0,638.0,003,26815,25
2500380685,"Windsor town, Berkshire County, Massachusetts",376.0,376.0,0.0,003,80685,25
25005520,"Acushnet town, Bristol County, Massachusetts",3736.0,3151.0,585.0,005,520,25
2500520100,"Easton town, Bristol County, Massachusetts",7456.0,6166.0,1290.0,005,20100,25
2500525240,"Freetown town, Bristol County, Massachusetts",3133.0,2760.0,373.0,005,25240,25
2500516950,"Dighton town, Bristol County, Massachusetts",2583.0,2279.0,304.0,005,16950,25
2500538225,"Mansfield town, Bristol County, Massachusetts",7624.0,5658.0,1966.0,005,38225,25
2500549970,"Norton town, Bristol County, Massachusetts",6202.0,5180.0,1022.0,005,49970,25
2500562430,"Somerset town, Bristol County, Massachusetts",6840.0,5635.0,1205.0,005,62430,25
2500545000,"New Bedford city, Bristol County, Massachusetts",27594.0,13654.0,13940.0,005,45000,25
2500556060,"Raynham town, Bristol County, Massachusetts",4357.0,3652.0,705.0,005,56060,25
2500556375,"Rehoboth town, Bristol County, Massachusetts",3796.0,3447.0,349.0,005,56375,25
2500522130,"Fairhaven town, Bristol County, Massachusetts",6016.0,4618.0,1398.0,005,22130,25
2500546575,"North Attleborough town, Bristol County, Massachusetts",9608.0,7001.0,2607.0,005,46575,25
2500560645,"Seekonk town, Bristol County, Massachusetts",5744.0,4952.0,792.0,005,60645,25
2500569170,"Taunton city, Bristol County, Massachusetts",19079.0,13074.0,6005.0,005,69170,25
2500577570,"Westport town, Bristol County, Massachusetts",6146.0,5111.0,1035.0,005,77570,25
250050,"County subdivisions not defined, Bristol County, Massachusetts",0.0,0.0,0.0,005,0,25
250055280,"Berkley town, Bristol County, Massachusetts",2357.0,2258.0,99.0,005,5280,25
2500516425,"Dartmouth town, Bristol County, Massachusetts",10742.0,8480.0,2262.0,005,16425,25
2500568750,"Swansea town, Bristol County, Massachusetts",6173.0,5316.0,857.0,005,68750,25
2500523000,"Fall River city, Bristol County, Massachusetts",32125.0,13149.0,18976.0,005,23000,25
250052690,"Attleboro city, Bristol County, Massachusetts",15234.0,10178.0,5056.0,005,2690,25
2501330665,"Holland town, Hampden County, Massachusetts",936.0,845.0,91.0,013,30665,25
2501370045,"Tolland town, Hampden County, Massachusetts",264.0,231.0,33.0,013,70045,25
250136085,"Blandford town, Hampden County, Massachusetts",541.0,501.0,40.0,013,6085,25
2501326675,"Granville town, Hampden County, Massachusetts",586.0,526.0,60.0,013,26675,25
2501342145,"Monson town, Hampden County, Massachusetts",3412.0,2832.0,580.0,013,42145,25
2501342530,"Montgomery town, Hampden County, Massachusetts",317.0,307.0,10.0,013,42530,25
2501365825,"Southwick town, Hampden County, Massachusetts",3640.0,2946.0,694.0,013,65825,25
250217740,"Braintree Town city, Norfolk County, Massachusetts",11849.0,8738.0,3111.0,021,7740,25
2501372390,"Wales town, Hampden County, Massachusetts",796.0,629.0,167.0,013,72390,25
2500353050,"Peru town, Berkshire County, Massachusetts",345.0,318.0,27.0,003,53050,25
2500359665,"Sandisfield town, Berkshire County, Massachusetts",324.0,301.0,23.0,003,59665,25
2501337175,"Ludlow town, Hampden County, Massachusetts",7589.0,5827.0,1762.0,013,37175,25
2501376030,"Westfield city, Hampden County, Massachusetts",13837.0,9773.0,4064.0,013,76030,25
250138470,"Brimfield town, Hampden County, Massachusetts",1393.0,1253.0,140.0,013,8470,25
2501319645,"East Longmeadow town, Hampden County, Massachusetts",5528.0,4552.0,976.0,013,19645,25
2501379740,"Wilbraham town, Hampden County, Massachusetts",4851.0,4283.0,568.0,013,79740,25
2501330840,"Holyoke city, Hampden County, Massachusetts",7648.0,4700.0,2948.0,013,30840,25
2501313660,"Chicopee city, Hampden County, Massachusetts",17819.0,12072.0,5747.0,013,13660,25
2501328075,"Hampden town, Hampden County, Massachusetts",1926.0,1748.0,178.0,013,28075,25
2501336300,"Longmeadow town, Hampden County, Massachusetts",5160.0,4643.0,517.0,013,36300,25
2501367000,"Springfield city, Hampden County, Massachusetts",22029.0,15747.0,6282.0,013,67000,25
2501358650,"Russell town, Hampden County, Massachusetts",502.0,445.0,57.0,013,58650,25
2501313485,"Chester town, Hampden County, Massachusetts",573.0,475.0,98.0,013,13485,25
250230,"County subdivisions not defined, Plymouth County, Massachusetts",0.0,0.0,0.0,023,0,25
25023170,"Abington town, Plymouth County, Massachusetts",5785.0,3991.0,1794.0,023,170,25
2502350145,"Norwell town, Plymouth County, Massachusetts",3521.0,3332.0,189.0,023,50145,25
2502317895,"Duxbury town, Plymouth County, Massachusetts",5356.0,4828.0,528.0,023,17895,25
2502357600,"Rochester town, Plymouth County, Massachusetts",1785.0,1641.0,144.0,023,57600,25
2502338855,"Marshfield town, Plymouth County, Massachusetts",9012.0,7115.0,1897.0,023,38855,25
2502360330,"Scituate town, Plymouth County, Massachusetts",6719.0,5803.0,916.0,023,60330,25
2502372985,"Wareham town, Plymouth County, Massachusetts",8203.0,6411.0,1792.0,023,72985,25
2502340850,"Middleborough town, Plymouth County, Massachusetts",8392.0,6914.0,1478.0,023,40850,25
2502327795,"Halifax town, Plymouth County, Massachusetts",2636.0,2305.0,331.0,023,27795,25
250238085,"Bridgewater town, Plymouth County, Massachusetts",7116.0,5501.0,1615.0,023,8085,25
250239000,"Brockton city, Plymouth County, Massachusetts",14153.0,9578.0,4575.0,023,9000,25
2502330210,"Hingham town, Plymouth County, Massachusetts",8359.0,6656.0,1703.0,023,30210,25
2502331645,"Hull town, Plymouth County, Massachusetts",4676.0,3135.0,1541.0,023,31645,25
2502354310,"Plymouth town, Plymouth County, Massachusetts",21304.0,17055.0,4249.0,023,54310,25
2502311665,"Carver town, Plymouth County, Massachusetts",4264.0,3938.0,326.0,023,11665,25
2502328285,"Hanover town, Plymouth County, Massachusetts",4833.0,4204.0,629.0,023,28285,25
2502328495,"Hanson town, Plymouth County, Massachusetts",3561.0,3263.0,298.0,023,28495,25
2502338540,"Marion town, Plymouth County, Massachusetts",1717.0,1403.0,314.0,023,38540,25
2502339450,"Mattapoisett town, Plymouth County, Massachusetts",2265.0,1751.0,514.0,023,39450,25
2502375260,"West Bridgewater town, Plymouth County, Massachusetts",2336.0,2065.0,271.0,023,75260,25
2502333220,"Kingston town, Plymouth County, Massachusetts",4612.0,3693.0,919.0,023,33220,25
2502352630,"Pembroke town, Plymouth County, Massachusetts",6313.0,5533.0,780.0,023,52630,25
2502354415,"Plympton town, Plymouth County, Massachusetts",974.0,844.0,130.0,023,54415,25
2502318455,"East Bridgewater town, Plymouth County, Massachusetts",4485.0,3810.0,675.0,023,18455,25
250095595,"Beverly city, Essex County, Massachusetts",15660.0,9827.0,5833.0,009,5595,25
2502333920,"Lakeville town, Plymouth County, Massachusetts",3761.0,3260.0,501.0,023,33920,25
2502357775,"Rockland town, Plymouth County, Massachusetts",6333.0,4656.0,1677.0,023,57775,25
2502379530,"Whitman town, Plymouth County, Massachusetts",5165.0,3800.0,1365.0,023,79530,25
2500921850,"Essex town, Essex County, Massachusetts",1428.0,1138.0,290.0,009,21850,25
2500932310,"Ipswich town, Essex County, Massachusetts",5563.0,4122.0,1441.0,009,32310,25
2500946365,"North Andover town, Essex County, Massachusetts",9585.0,7301.0,2284.0,009,46365,25
2500945175,"Newbury town, Essex County, Massachusetts",2741.0,2334.0,407.0,009,45175,25
2500941095,"Middleton town, Essex County, Massachusetts",2869.0,2490.0,379.0,009,41095,25
2500927620,"Groveland town, Essex County, Massachusetts",2267.0,1942.0,325.0,009,27620,25
2500937995,"Manchester-by-the-Sea town, Essex County, Massachusetts",2065.0,1461.0,604.0,009,37995,25
2500943580,"Nahant town, Essex County, Massachusetts",1534.0,1102.0,432.0,009,43580,25
2500977150,"West Newbury town, Essex County, Massachusetts",1547.0,1437.0,110.0,009,77150,25
2500929405,"Haverhill city, Essex County, Massachusetts",19309.0,12587.0,6722.0,009,29405,25
2500957880,"Rockport town, Essex County, Massachusetts",3125.0,2246.0,879.0,009,57880,25
250090,"County subdivisions not defined, Essex County, Massachusetts",0.0,0.0,0.0,009,0,25
2500940430,"Merrimac town, Essex County, Massachusetts",2661.0,2360.0,301.0,009,40430,25
2500952490,"Peabody city, Essex County, Massachusetts",18935.0,13101.0,5834.0,009,52490,25
2500959245,"Salisbury town, Essex County, Massachusetts",3476.0,2663.0,813.0,009,59245,25
2500934550,"Lawrence city, Essex County, Massachusetts",5731.0,2826.0,2905.0,009,34550,25
2500937560,"Lynnfield town, Essex County, Massachusetts",4239.0,3719.0,520.0,009,37560,25
2500968645,"Swampscott town, Essex County, Massachusetts",5198.0,4107.0,1091.0,009,68645,25
2500974595,"Wenham town, Essex County, Massachusetts",1345.0,1213.0,132.0,009,74595,25
250091465,"Andover town, Essex County, Massachusetts",10107.0,8249.0,1858.0,009,1465,25
250097420,"Boxford town, Essex County, Massachusetts",2540.0,2470.0,70.0,009,7420,25
2500959105,"Salem city, Essex County, Massachusetts",14392.0,8279.0,6113.0,009,59105,25
2500960015,"Saugus town, Essex County, Massachusetts",9402.0,7627.0,1775.0,009,60015,25
2500938400,"Marblehead town, Essex County, Massachusetts",7827.0,6338.0,1489.0,009,38400,25
2500916250,"Danvers town, Essex County, Massachusetts",9812.0,7106.0,2706.0,009,16250,25
2500925625,"Georgetown town, Essex County, Massachusetts",3079.0,2480.0,599.0,009,25625,25
2500937490,"Lynn city, Essex County, Massachusetts",15935.0,9711.0,6224.0,009,37490,25
2500958405,"Rowley town, Essex County, Massachusetts",2153.0,1810.0,343.0,009,58405,25
2500970150,"Topsfield town, Essex County, Massachusetts",2161.0,2044.0,117.0,009,70150,25
2500945245,"Newburyport city, Essex County, Massachusetts",7538.0,5833.0,1705.0,009,45245,25
