geoid,name,universe,10_and_under,10_15,15_20,20_25,25_30,30_35,35_40,40_45,45_50,50_60,60_75,75_100,100_125,125_150,150_200,200_and_up,county,county subdivision,state
3300519140,"Dublin town, Cheshire County, New Hampshire",0.0,0.0,0.0,0.0,0.0,0.0,0.0,0.0,0.0,0.0,0.0,0.0,0.0,0.0,0.0,0.0,0.0,005,19140,33
3300564420,"Richmond town, Cheshire County, New Hampshire",0.0,0.0,0.0,0.0,0.0,0.0,0.0,0.0,0.0,0.0,0.0,0.0,0.0,0.0,0.0,0.0,0.0,005,64420,33
3300512260,"Chesterfield town, Cheshire County, New Hampshire",0.0,0.0,0.0,0.0,0.0,0.0,0.0,0.0,0.0,0.0,0.0,0.0,0.0,0.0,0.0,0.0,0.0,005,12260,33
3300578420,"Walpole town, Cheshire County, New Hampshire",0.0,0.0,0.0,0.0,0.0,0.0,0.0,0.0,0.0,0.0,0.0,0.0,0.0,0.0,0.0,0.0,0.0,005,78420,33
3300585540,"Winchester town, Cheshire County, New Hampshire",0.0,0.0,0.0,0.0,0.0,0.0,0.0,0.0,0.0,0.0,0.0,0.0,0.0,0.0,0.0,0.0,0.0,005,85540,33
3300575300,"Surry town, Cheshire County, New Hampshire",0.0,0.0,0.0,0.0,0.0,0.0,0.0,0.0,0.0,0.0,0.0,0.0,0.0,0.0,0.0,0.0,0.0,005,75300,33
3300564580,"Rindge town, Cheshire County, New Hampshire",10.0,0.0,0.0,0.0,0.0,0.0,0.0,0.0,10.0,0.0,0.0,0.0,0.0,0.0,0.0,0.0,0.0,005,64580,33
3300565700,"Roxbury town, Cheshire County, New Hampshire",0.0,0.0,0.0,0.0,0.0,0.0,0.0,0.0,0.0,0.0,0.0,0.0,0.0,0.0,0.0,0.0,0.0,005,65700,33
3300574900,"Sullivan town, Cheshire County, New Hampshire",0.0,0.0,0.0,0.0,0.0,0.0,0.0,0.0,0.0,0.0,0.0,0.0,0.0,0.0,0.0,0.0,0.0,005,74900,33
3300526500,"Fitzwilliam town, Cheshire County, New Hampshire",0.0,0.0,0.0,0.0,0.0,0.0,0.0,0.0,0.0,0.0,0.0,0.0,0.0,0.0,0.0,0.0,0.0,005,26500,33
33005820,"Alstead town, Cheshire County, New Hampshire",0.0,0.0,0.0,0.0,0.0,0.0,0.0,0.0,0.0,0.0,0.0,0.0,0.0,0.0,0.0,0.0,0.0,005,820,33
3300529220,"Gilsum town, Cheshire County, New Hampshire",2.0,2.0,0.0,0.0,0.0,0.0,0.0,0.0,0.0,0.0,0.0,0.0,0.0,0.0,0.0,0.0,0.0,005,29220,33
3300534420,"Harrisville town, Cheshire County, New Hampshire",0.0,0.0,0.0,0.0,0.0,0.0,0.0,0.0,0.0,0.0,0.0,0.0,0.0,0.0,0.0,0.0,0.0,005,34420,33
3300538500,"Jaffrey town, Cheshire County, New Hampshire",0.0,0.0,0.0,0.0,0.0,0.0,0.0,0.0,0.0,0.0,0.0,0.0,0.0,0.0,0.0,0.0,0.0,005,38500,33
3300539300,"Keene city, Cheshire County, New Hampshire",93.0,5.0,0.0,0.0,7.0,31.0,0.0,33.0,0.0,17.0,0.0,0.0,0.0,0.0,0.0,0.0,0.0,005,39300,33
3300573700,"Stoddard town, Cheshire County, New Hampshire",0.0,0.0,0.0,0.0,0.0,0.0,0.0,0.0,0.0,0.0,0.0,0.0,0.0,0.0,0.0,0.0,0.0,005,73700,33
3300577380,"Troy town, Cheshire County, New Hampshire",8.0,0.0,0.0,0.0,0.0,0.0,0.0,0.0,0.0,0.0,0.0,8.0,0.0,0.0,0.0,0.0,0.0,005,77380,33
3300550580,"Nelson town, Cheshire County, New Hampshire",0.0,0.0,0.0,0.0,0.0,0.0,0.0,0.0,0.0,0.0,0.0,0.0,0.0,0.0,0.0,0.0,0.0,005,50580,33
3300575700,"Swanzey town, Cheshire County, New Hampshire",0.0,0.0,0.0,0.0,0.0,0.0,0.0,0.0,0.0,0.0,0.0,0.0,0.0,0.0,0.0,0.0,0.0,005,75700,33
3300545700,"Marlow town, Cheshire County, New Hampshire",0.0,0.0,0.0,0.0,0.0,0.0,0.0,0.0,0.0,0.0,0.0,0.0,0.0,0.0,0.0,0.0,0.0,005,45700,33
3300536660,"Hinsdale town, Cheshire County, New Hampshire",5.0,0.0,0.0,0.0,0.0,0.0,0.0,5.0,0.0,0.0,0.0,0.0,0.0,0.0,0.0,0.0,0.0,005,36660,33
330139860,"Canterbury town, Merrimack County, New Hampshire",5.0,0.0,0.0,0.0,0.0,0.0,0.0,0.0,0.0,0.0,0.0,0.0,5.0,0.0,0.0,0.0,0.0,013,9860,33
3301319460,"Dunbarton town, Merrimack County, New Hampshire",5.0,0.0,0.0,0.0,0.0,0.0,5.0,0.0,0.0,0.0,0.0,0.0,0.0,0.0,0.0,0.0,0.0,013,19460,33
3301343380,"Loudon town, Merrimack County, New Hampshire",0.0,0.0,0.0,0.0,0.0,0.0,0.0,0.0,0.0,0.0,0.0,0.0,0.0,0.0,0.0,0.0,0.0,013,43380,33
3301352100,"New London town, Merrimack County, New Hampshire",0.0,0.0,0.0,0.0,0.0,0.0,0.0,0.0,0.0,0.0,0.0,0.0,0.0,0.0,0.0,0.0,0.0,013,52100,33
3301375460,"Sutton town, Merrimack County, New Hampshire",2.0,0.0,0.0,0.0,0.0,0.0,0.0,0.0,0.0,0.0,0.0,0.0,2.0,0.0,0.0,0.0,0.0,013,75460,33
3301378580,"Warner town, Merrimack County, New Hampshire",0.0,0.0,0.0,0.0,0.0,0.0,0.0,0.0,0.0,0.0,0.0,0.0,0.0,0.0,0.0,0.0,0.0,013,78580,33
3301384900,"Wilmot town, Merrimack County, New Hampshire",0.0,0.0,0.0,0.0,0.0,0.0,0.0,0.0,0.0,0.0,0.0,0.0,0.0,0.0,0.0,0.0,0.0,013,84900,33
3301337540,"Hopkinton town, Merrimack County, New Hampshire",0.0,0.0,0.0,0.0,0.0,0.0,0.0,0.0,0.0,0.0,0.0,0.0,0.0,0.0,0.0,0.0,0.0,013,37540,33
3301380020,"Webster town, Merrimack County, New Hampshire",0.0,0.0,0.0,0.0,0.0,0.0,0.0,0.0,0.0,0.0,0.0,0.0,0.0,0.0,0.0,0.0,0.0,013,80020,33
33013660,"Allenstown town, Merrimack County, New Hampshire",33.0,0.0,0.0,0.0,0.0,0.0,0.0,0.0,0.0,0.0,0.0,9.0,24.0,0.0,0.0,0.0,0.0,013,660,33
3301312420,"Chichester town, Merrimack County, New Hampshire",0.0,0.0,0.0,0.0,0.0,0.0,0.0,0.0,0.0,0.0,0.0,0.0,0.0,0.0,0.0,0.0,0.0,013,12420,33
3301316980,"Danbury town, Merrimack County, New Hampshire",5.0,0.0,0.0,0.0,0.0,5.0,0.0,0.0,0.0,0.0,0.0,0.0,0.0,0.0,0.0,0.0,0.0,013,16980,33
3301327380,"Franklin city, Merrimack County, New Hampshire",46.0,0.0,0.0,0.0,32.0,0.0,0.0,0.0,0.0,0.0,0.0,0.0,0.0,14.0,0.0,0.0,0.0,013,27380,33
330136260,"Boscawen town, Merrimack County, New Hampshire",0.0,0.0,0.0,0.0,0.0,0.0,0.0,0.0,0.0,0.0,0.0,0.0,0.0,0.0,0.0,0.0,0.0,013,6260,33
3301335540,"Henniker town, Merrimack County, New Hampshire",28.0,0.0,0.0,0.0,0.0,0.0,0.0,0.0,0.0,0.0,0.0,0.0,28.0,0.0,0.0,0.0,0.0,013,35540,33
3301337300,"Hooksett town, Merrimack County, New Hampshire",35.0,0.0,0.0,0.0,0.0,0.0,0.0,0.0,0.0,0.0,0.0,0.0,0.0,35.0,0.0,0.0,0.0,013,37300,33
3301350900,"Newbury town, Merrimack County, New Hampshire",0.0,0.0,0.0,0.0,0.0,0.0,0.0,0.0,0.0,0.0,0.0,0.0,0.0,0.0,0.0,0.0,0.0,013,50900,33
3301360020,"Pembroke town, Merrimack County, New Hampshire",12.0,0.0,0.0,0.0,12.0,0.0,0.0,0.0,0.0,0.0,0.0,0.0,0.0,0.0,0.0,0.0,0.0,013,60020,33
3301354260,"Northfield town, Merrimack County, New Hampshire",8.0,0.0,0.0,0.0,0.0,0.0,0.0,0.0,0.0,0.0,0.0,8.0,0.0,0.0,0.0,0.0,0.0,013,54260,33
3301366980,"Salisbury town, Merrimack County, New Hampshire",0.0,0.0,0.0,0.0,0.0,0.0,0.0,0.0,0.0,0.0,0.0,0.0,0.0,0.0,0.0,0.0,0.0,013,66980,33
330136500,"Bow town, Merrimack County, New Hampshire",0.0,0.0,0.0,0.0,0.0,0.0,0.0,0.0,0.0,0.0,0.0,0.0,0.0,0.0,0.0,0.0,0.0,013,6500,33
330136980,"Bradford town, Merrimack County, New Hampshire",0.0,0.0,0.0,0.0,0.0,0.0,0.0,0.0,0.0,0.0,0.0,0.0,0.0,0.0,0.0,0.0,0.0,013,6980,33
330131460,"Andover town, Merrimack County, New Hampshire",0.0,0.0,0.0,0.0,0.0,0.0,0.0,0.0,0.0,0.0,0.0,0.0,0.0,0.0,0.0,0.0,0.0,013,1460,33
3301335860,"Hill town, Merrimack County, New Hampshire",0.0,0.0,0.0,0.0,0.0,0.0,0.0,0.0,0.0,0.0,0.0,0.0,0.0,0.0,0.0,0.0,0.0,013,35860,33
3301314200,"Concord city, Merrimack County, New Hampshire",217.0,21.0,0.0,13.0,0.0,43.0,9.0,12.0,14.0,0.0,31.0,12.0,62.0,0.0,0.0,0.0,0.0,013,14200,33
3301324900,"Epsom town, Merrimack County, New Hampshire",0.0,0.0,0.0,0.0,0.0,0.0,0.0,0.0,0.0,0.0,0.0,0.0,0.0,0.0,0.0,0.0,0.0,013,24900,33
330093940,"Bath town, Grafton County, New Hampshire",0.0,0.0,0.0,0.0,0.0,0.0,0.0,0.0,0.0,0.0,0.0,0.0,0.0,0.0,0.0,0.0,0.0,009,3940,33
330098660,"Campton town, Grafton County, New Hampshire",0.0,0.0,0.0,0.0,0.0,0.0,0.0,0.0,0.0,0.0,0.0,0.0,0.0,0.0,0.0,0.0,0.0,009,8660,33
3300936900,"Holderness town, Grafton County, New Hampshire",11.0,0.0,0.0,0.0,0.0,0.0,0.0,11.0,0.0,0.0,0.0,0.0,0.0,0.0,0.0,0.0,0.0,009,36900,33
330095060,"Benton town, Grafton County, New Hampshire",3.0,0.0,0.0,3.0,0.0,0.0,0.0,0.0,0.0,0.0,0.0,0.0,0.0,0.0,0.0,0.0,0.0,009,5060,33
330097700,"Bristol town, Grafton County, New Hampshire",0.0,0.0,0.0,0.0,0.0,0.0,0.0,0.0,0.0,0.0,0.0,0.0,0.0,0.0,0.0,0.0,0.0,009,7700,33
3300958500,"Orford town, Grafton County, New Hampshire",5.0,0.0,0.0,0.0,0.0,0.0,0.0,0.0,0.0,0.0,0.0,0.0,0.0,0.0,0.0,0.0,5.0,009,58500,33
3300961060,"Piermont town, Grafton County, New Hampshire",0.0,0.0,0.0,0.0,0.0,0.0,0.0,0.0,0.0,0.0,0.0,0.0,0.0,0.0,0.0,0.0,0.0,009,61060,33
3300941860,"Lincoln town, Grafton County, New Hampshire",0.0,0.0,0.0,0.0,0.0,0.0,0.0,0.0,0.0,0.0,0.0,0.0,0.0,0.0,0.0,0.0,0.0,009,41860,33
3300942020,"Lisbon town, Grafton County, New Hampshire",0.0,0.0,0.0,0.0,0.0,0.0,0.0,0.0,0.0,0.0,0.0,0.0,0.0,0.0,0.0,0.0,0.0,009,42020,33
3300942580,"Littleton town, Grafton County, New Hampshire",0.0,0.0,0.0,0.0,0.0,0.0,0.0,0.0,0.0,0.0,0.0,0.0,0.0,0.0,0.0,0.0,0.0,009,42580,33
330097540,"Bridgewater town, Grafton County, New Hampshire",0.0,0.0,0.0,0.0,0.0,0.0,0.0,0.0,0.0,0.0,0.0,0.0,0.0,0.0,0.0,0.0,0.0,009,7540,33
3300922020,"Easton town, Grafton County, New Hampshire",0.0,0.0,0.0,0.0,0.0,0.0,0.0,0.0,0.0,0.0,0.0,0.0,0.0,0.0,0.0,0.0,0.0,009,22020,33
3300935220,"Hebron town, Grafton County, New Hampshire",0.0,0.0,0.0,0.0,0.0,0.0,0.0,0.0,0.0,0.0,0.0,0.0,0.0,0.0,0.0,0.0,0.0,009,35220,33
3300942820,"Livermore town, Grafton County, New Hampshire",0.0,0.0,0.0,0.0,0.0,0.0,0.0,0.0,0.0,0.0,0.0,0.0,0.0,0.0,0.0,0.0,0.0,009,42820,33
330098980,"Canaan town, Grafton County, New Hampshire",6.0,0.0,0.0,0.0,0.0,0.0,0.0,0.0,0.0,0.0,0.0,0.0,6.0,0.0,0.0,0.0,0.0,009,8980,33
3300923860,"Ellsworth town, Grafton County, New Hampshire",0.0,0.0,0.0,0.0,0.0,0.0,0.0,0.0,0.0,0.0,0.0,0.0,0.0,0.0,0.0,0.0,0.0,009,23860,33
3300934820,"Haverhill town, Grafton County, New Hampshire",0.0,0.0,0.0,0.0,0.0,0.0,0.0,0.0,0.0,0.0,0.0,0.0,0.0,0.0,0.0,0.0,0.0,009,34820,33
3300944100,"Lyman town, Grafton County, New Hampshire",0.0,0.0,0.0,0.0,0.0,0.0,0.0,0.0,0.0,0.0,0.0,0.0,0.0,0.0,0.0,0.0,0.0,009,44100,33
3300979380,"Waterville Valley town, Grafton County, New Hampshire",0.0,0.0,0.0,0.0,0.0,0.0,0.0,0.0,0.0,0.0,0.0,0.0,0.0,0.0,0.0,0.0,0.0,009,79380,33
3300924340,"Enfield town, Grafton County, New Hampshire",17.0,0.0,0.0,0.0,0.0,0.0,0.0,0.0,0.0,0.0,0.0,0.0,17.0,0.0,0.0,0.0,0.0,009,24340,33
3300958340,"Orange town, Grafton County, New Hampshire",0.0,0.0,0.0,0.0,0.0,0.0,0.0,0.0,0.0,0.0,0.0,0.0,0.0,0.0,0.0,0.0,0.0,009,58340,33
3300962660,"Plymouth town, Grafton County, New Hampshire",150.0,0.0,121.0,0.0,0.0,0.0,0.0,0.0,0.0,0.0,0.0,0.0,0.0,29.0,0.0,0.0,0.0,009,62660,33
3300974740,"Sugar Hill town, Grafton County, New Hampshire",0.0,0.0,0.0,0.0,0.0,0.0,0.0,0.0,0.0,0.0,0.0,0.0,0.0,0.0,0.0,0.0,0.0,009,74740,33
3300978740,"Warren town, Grafton County, New Hampshire",0.0,0.0,0.0,0.0,0.0,0.0,0.0,0.0,0.0,0.0,0.0,0.0,0.0,0.0,0.0,0.0,0.0,009,78740,33
330092020,"Ashland town, Grafton County, New Hampshire",0.0,0.0,0.0,0.0,0.0,0.0,0.0,0.0,0.0,0.0,0.0,0.0,0.0,0.0,0.0,0.0,0.0,009,2020,33
3300918740,"Dorchester town, Grafton County, New Hampshire",0.0,0.0,0.0,0.0,0.0,0.0,0.0,0.0,0.0,0.0,0.0,0.0,0.0,0.0,0.0,0.0,0.0,009,18740,33
3300940660,"Landaff town, Grafton County, New Hampshire",0.0,0.0,0.0,0.0,0.0,0.0,0.0,0.0,0.0,0.0,0.0,0.0,0.0,0.0,0.0,0.0,0.0,009,40660,33
330095460,"Bethlehem town, Grafton County, New Hampshire",0.0,0.0,0.0,0.0,0.0,0.0,0.0,0.0,0.0,0.0,0.0,0.0,0.0,0.0,0.0,0.0,0.0,009,5460,33
33009580,"Alexandria town, Grafton County, New Hampshire",0.0,0.0,0.0,0.0,0.0,0.0,0.0,0.0,0.0,0.0,0.0,0.0,0.0,0.0,0.0,0.0,0.0,009,580,33
3300927300,"Franconia town, Grafton County, New Hampshire",0.0,0.0,0.0,0.0,0.0,0.0,0.0,0.0,0.0,0.0,0.0,0.0,0.0,0.0,0.0,0.0,0.0,009,27300,33
3300930820,"Grafton town, Grafton County, New Hampshire",0.0,0.0,0.0,0.0,0.0,0.0,0.0,0.0,0.0,0.0,0.0,0.0,0.0,0.0,0.0,0.0,0.0,009,30820,33
3300932180,"Groton town, Grafton County, New Hampshire",0.0,0.0,0.0,0.0,0.0,0.0,0.0,0.0,0.0,0.0,0.0,0.0,0.0,0.0,0.0,0.0,0.0,009,32180,33
3300987060,"Woodstock town, Grafton County, New Hampshire",0.0,0.0,0.0,0.0,0.0,0.0,0.0,0.0,0.0,0.0,0.0,0.0,0.0,0.0,0.0,0.0,0.0,009,87060,33
3300944260,"Lyme town, Grafton County, New Hampshire",6.0,0.0,0.0,0.0,0.0,0.0,0.0,6.0,0.0,0.0,0.0,0.0,0.0,0.0,0.0,0.0,0.0,009,44260,33
3300980500,"Wentworth town, Grafton County, New Hampshire",0.0,0.0,0.0,0.0,0.0,0.0,0.0,0.0,0.0,0.0,0.0,0.0,0.0,0.0,0.0,0.0,0.0,009,80500,33
3300965940,"Rumney town, Grafton County, New Hampshire",0.0,0.0,0.0,0.0,0.0,0.0,0.0,0.0,0.0,0.0,0.0,0.0,0.0,0.0,0.0,0.0,0.0,009,65940,33
3300976740,"Thornton town, Grafton County, New Hampshire",0.0,0.0,0.0,0.0,0.0,0.0,0.0,0.0,0.0,0.0,0.0,0.0,0.0,0.0,0.0,0.0,0.0,009,76740,33
3300941300,"Lebanon city, Grafton County, New Hampshire",188.0,113.0,0.0,0.0,0.0,0.0,0.0,0.0,0.0,0.0,19.0,0.0,56.0,0.0,0.0,0.0,0.0,009,41300,33
3300948980,"Monroe town, Grafton County, New Hampshire",0.0,0.0,0.0,0.0,0.0,0.0,0.0,0.0,0.0,0.0,0.0,0.0,0.0,0.0,0.0,0.0,0.0,009,48980,33
3300545460,"Marlborough town, Cheshire County, New Hampshire",0.0,0.0,0.0,0.0,0.0,0.0,0.0,0.0,0.0,0.0,0.0,0.0,0.0,0.0,0.0,0.0,0.0,005,45460,33
3300582660,"Westmoreland town, Cheshire County, New Hampshire",0.0,0.0,0.0,0.0,0.0,0.0,0.0,0.0,0.0,0.0,0.0,0.0,0.0,0.0,0.0,0.0,0.0,005,82660,33
3301361940,"Pittsfield town, Merrimack County, New Hampshire",0.0,0.0,0.0,0.0,0.0,0.0,0.0,0.0,0.0,0.0,0.0,0.0,0.0,0.0,0.0,0.0,0.0,013,61940,33
3300933860,"Hanover town, Grafton County, New Hampshire",24.0,0.0,0.0,0.0,0.0,0.0,0.0,0.0,0.0,0.0,0.0,0.0,24.0,0.0,0.0,0.0,0.0,009,33860,33
3301521380,"East Kingston town, Rockingham County, New Hampshire",0.0,0.0,0.0,0.0,0.0,0.0,0.0,0.0,0.0,0.0,0.0,0.0,0.0,0.0,0.0,0.0,0.0,015,21380,33
3301551620,"Newington town, Rockingham County, New Hampshire",0.0,0.0,0.0,0.0,0.0,0.0,0.0,0.0,0.0,0.0,0.0,0.0,0.0,0.0,0.0,0.0,0.0,015,51620,33
3301556820,"Northwood town, Rockingham County, New Hampshire",0.0,0.0,0.0,0.0,0.0,0.0,0.0,0.0,0.0,0.0,0.0,0.0,0.0,0.0,0.0,0.0,0.0,015,56820,33
3301554580,"North Hampton town, Rockingham County, New Hampshire",15.0,0.0,0.0,0.0,0.0,0.0,0.0,0.0,0.0,0.0,0.0,0.0,5.0,0.0,0.0,0.0,10.0,015,54580,33
3301517460,"Deerfield town, Rockingham County, New Hampshire",0.0,0.0,0.0,0.0,0.0,0.0,0.0,0.0,0.0,0.0,0.0,0.0,0.0,0.0,0.0,0.0,0.0,015,17460,33
3301531700,"Greenland town, Rockingham County, New Hampshire",0.0,0.0,0.0,0.0,0.0,0.0,0.0,0.0,0.0,0.0,0.0,0.0,0.0,0.0,0.0,0.0,0.0,015,31700,33
3301533460,"Hampton Falls town, Rockingham County, New Hampshire",0.0,0.0,0.0,0.0,0.0,0.0,0.0,0.0,0.0,0.0,0.0,0.0,0.0,0.0,0.0,0.0,0.0,015,33460,33
3301567620,"Sandown town, Rockingham County, New Hampshire",21.0,0.0,0.0,0.0,0.0,0.0,0.0,0.0,0.0,0.0,0.0,0.0,0.0,21.0,0.0,0.0,0.0,015,67620,33
3301585780,"Windham town, Rockingham County, New Hampshire",33.0,0.0,0.0,0.0,0.0,15.0,0.0,0.0,0.0,0.0,0.0,0.0,0.0,0.0,0.0,18.0,0.0,015,85780,33
330152340,"Atkinson town, Rockingham County, New Hampshire",0.0,0.0,0.0,0.0,0.0,0.0,0.0,0.0,0.0,0.0,0.0,0.0,0.0,0.0,0.0,0.0,0.0,015,2340,33
3301517940,"Derry town, Rockingham County, New Hampshire",67.0,0.0,0.0,40.0,0.0,0.0,0.0,0.0,0.0,0.0,0.0,0.0,0.0,20.0,0.0,0.0,7.0,015,17940,33
3301525380,"Exeter town, Rockingham County, New Hampshire",36.0,0.0,0.0,0.0,0.0,0.0,0.0,0.0,0.0,0.0,0.0,0.0,8.0,0.0,0.0,0.0,28.0,015,25380,33
330152820,"Auburn town, Rockingham County, New Hampshire",0.0,0.0,0.0,0.0,0.0,0.0,0.0,0.0,0.0,0.0,0.0,0.0,0.0,0.0,0.0,0.0,0.0,015,2820,33
3301532900,"Hampstead town, Rockingham County, New Hampshire",16.0,0.0,0.0,0.0,0.0,0.0,0.0,0.0,0.0,9.0,0.0,0.0,0.0,0.0,7.0,0.0,0.0,015,32900,33
3301564020,"Raymond town, Rockingham County, New Hampshire",0.0,0.0,0.0,0.0,0.0,0.0,0.0,0.0,0.0,0.0,0.0,0.0,0.0,0.0,0.0,0.0,0.0,015,64020,33
3301533060,"Hampton town, Rockingham County, New Hampshire",20.0,0.0,0.0,0.0,0.0,0.0,15.0,0.0,0.0,0.0,0.0,0.0,0.0,0.0,0.0,5.0,0.0,015,33060,33
3301551380,"Newfields town, Rockingham County, New Hampshire",5.0,0.0,0.0,0.0,0.0,0.0,0.0,0.0,0.0,0.0,0.0,0.0,0.0,3.0,0.0,0.0,2.0,015,51380,33
3301552340,"Newmarket town, Rockingham County, New Hampshire",39.0,0.0,22.0,0.0,0.0,6.0,11.0,0.0,0.0,0.0,0.0,0.0,0.0,0.0,0.0,0.0,0.0,015,52340,33
3301566180,"Rye town, Rockingham County, New Hampshire",13.0,0.0,0.0,0.0,0.0,0.0,0.0,0.0,0.0,0.0,13.0,0.0,0.0,0.0,0.0,0.0,0.0,015,66180,33
330150,"County subdivisions not defined, Rockingham County, New Hampshire",0.0,0.0,0.0,0.0,0.0,0.0,0.0,0.0,0.0,0.0,0.0,0.0,0.0,0.0,0.0,0.0,0.0,015,0,33
330159300,"Candia town, Rockingham County, New Hampshire",0.0,0.0,0.0,0.0,0.0,0.0,0.0,0.0,0.0,0.0,0.0,0.0,0.0,0.0,0.0,0.0,0.0,015,9300,33
3301512100,"Chester town, Rockingham County, New Hampshire",0.0,0.0,0.0,0.0,0.0,0.0,0.0,0.0,0.0,0.0,0.0,0.0,0.0,0.0,0.0,0.0,0.0,015,12100,33
3301517140,"Danville town, Rockingham County, New Hampshire",12.0,0.0,0.0,0.0,0.0,0.0,0.0,0.0,0.0,0.0,0.0,0.0,0.0,0.0,0.0,0.0,12.0,015,17140,33
3301540100,"Kingston town, Rockingham County, New Hampshire",0.0,0.0,0.0,0.0,0.0,0.0,0.0,0.0,0.0,0.0,0.0,0.0,0.0,0.0,0.0,0.0,0.0,015,40100,33
3301557460,"Nottingham town, Rockingham County, New Hampshire",0.0,0.0,0.0,0.0,0.0,0.0,0.0,0.0,0.0,0.0,0.0,0.0,0.0,0.0,0.0,0.0,0.0,015,57460,33
3301568260,"Seabrook town, Rockingham County, New Hampshire",0.0,0.0,0.0,0.0,0.0,0.0,0.0,0.0,0.0,0.0,0.0,0.0,0.0,0.0,0.0,0.0,0.0,015,68260,33
3301527940,"Fremont town, Rockingham County, New Hampshire",0.0,0.0,0.0,0.0,0.0,0.0,0.0,0.0,0.0,0.0,0.0,0.0,0.0,0.0,0.0,0.0,0.0,015,27940,33
3301552900,"Newton town, Rockingham County, New Hampshire",29.0,0.0,0.0,0.0,0.0,0.0,0.0,0.0,0.0,29.0,0.0,0.0,0.0,0.0,0.0,0.0,0.0,015,52900,33
3301562500,"Plaistow town, Rockingham County, New Hampshire",29.0,0.0,0.0,0.0,0.0,0.0,0.0,0.0,0.0,0.0,13.0,0.0,0.0,16.0,0.0,0.0,0.0,015,62500,33
3301539780,"Kensington town, Rockingham County, New Hampshire",0.0,0.0,0.0,0.0,0.0,0.0,0.0,0.0,0.0,0.0,0.0,0.0,0.0,0.0,0.0,0.0,0.0,015,39780,33
3301524660,"Epping town, Rockingham County, New Hampshire",14.0,0.0,0.0,0.0,0.0,0.0,0.0,0.0,0.0,0.0,0.0,0.0,0.0,0.0,14.0,0.0,0.0,015,24660,33
3301550980,"New Castle town, Rockingham County, New Hampshire",0.0,0.0,0.0,0.0,0.0,0.0,0.0,0.0,0.0,0.0,0.0,0.0,0.0,0.0,0.0,0.0,0.0,015,50980,33
3301566660,"Salem town, Rockingham County, New Hampshire",69.0,0.0,0.0,14.0,0.0,13.0,0.0,0.0,0.0,0.0,0.0,19.0,23.0,0.0,0.0,0.0,0.0,015,66660,33
3301571140,"South Hampton town, Rockingham County, New Hampshire",0.0,0.0,0.0,0.0,0.0,0.0,0.0,0.0,0.0,0.0,0.0,0.0,0.0,0.0,0.0,0.0,0.0,015,71140,33
3301574340,"Stratham town, Rockingham County, New Hampshire",0.0,0.0,0.0,0.0,0.0,0.0,0.0,0.0,0.0,0.0,0.0,0.0,0.0,0.0,0.0,0.0,0.0,015,74340,33
3301543220,"Londonderry town, Rockingham County, New Hampshire",114.0,0.0,0.0,0.0,0.0,0.0,0.0,0.0,60.0,0.0,0.0,25.0,0.0,29.0,0.0,0.0,0.0,015,43220,33
330157220,"Brentwood town, Rockingham County, New Hampshire",0.0,0.0,0.0,0.0,0.0,0.0,0.0,0.0,0.0,0.0,0.0,0.0,0.0,0.0,0.0,0.0,0.0,015,7220,33
3301562900,"Portsmouth city, Rockingham County, New Hampshire",220.0,10.0,10.0,0.0,17.0,0.0,0.0,0.0,72.0,0.0,0.0,39.0,11.0,39.0,0.0,0.0,22.0,015,62900,33
330013220,"Barnstead town, Belknap County, New Hampshire",0.0,0.0,0.0,0.0,0.0,0.0,0.0,0.0,0.0,0.0,0.0,0.0,0.0,0.0,0.0,0.0,0.0,001,3220,33
3300140180,"Laconia city, Belknap County, New Hampshire",35.0,0.0,0.0,0.0,0.0,0.0,0.0,0.0,0.0,0.0,0.0,0.0,0.0,35.0,0.0,0.0,0.0,001,40180,33
3300151540,"New Hampton town, Belknap County, New Hampshire",24.0,0.0,0.0,0.0,0.0,0.0,0.0,0.0,0.0,4.0,0.0,0.0,12.0,8.0,0.0,0.0,0.0,001,51540,33
3300167300,"Sanbornton town, Belknap County, New Hampshire",6.0,0.0,0.0,0.0,0.0,0.0,6.0,0.0,0.0,0.0,0.0,0.0,0.0,0.0,0.0,0.0,0.0,001,67300,33
330014740,"Belmont town, Belknap County, New Hampshire",0.0,0.0,0.0,0.0,0.0,0.0,0.0,0.0,0.0,0.0,0.0,0.0,0.0,0.0,0.0,0.0,0.0,001,4740,33
3300110660,"Center Harbor town, Belknap County, New Hampshire",0.0,0.0,0.0,0.0,0.0,0.0,0.0,0.0,0.0,0.0,0.0,0.0,0.0,0.0,0.0,0.0,0.0,001,10660,33
3300128980,"Gilmanton town, Belknap County, New Hampshire",5.0,0.0,5.0,0.0,0.0,0.0,0.0,0.0,0.0,0.0,0.0,0.0,0.0,0.0,0.0,0.0,0.0,001,28980,33
3300147140,"Meredith town, Belknap County, New Hampshire",0.0,0.0,0.0,0.0,0.0,0.0,0.0,0.0,0.0,0.0,0.0,0.0,0.0,0.0,0.0,0.0,0.0,001,47140,33
3300128740,"Gilford town, Belknap County, New Hampshire",0.0,0.0,0.0,0.0,0.0,0.0,0.0,0.0,0.0,0.0,0.0,0.0,0.0,0.0,0.0,0.0,0.0,001,28740,33
3300177060,"Tilton town, Belknap County, New Hampshire",31.0,31.0,0.0,0.0,0.0,0.0,0.0,0.0,0.0,0.0,0.0,0.0,0.0,0.0,0.0,0.0,0.0,001,77060,33
330011060,"Alton town, Belknap County, New Hampshire",0.0,0.0,0.0,0.0,0.0,0.0,0.0,0.0,0.0,0.0,0.0,0.0,0.0,0.0,0.0,0.0,0.0,001,1060,33
3301911380,"Charlestown town, Sullivan County, New Hampshire",0.0,0.0,0.0,0.0,0.0,0.0,0.0,0.0,0.0,0.0,0.0,0.0,0.0,0.0,0.0,0.0,0.0,019,11380,33
3301940900,"Langdon town, Sullivan County, New Hampshire",8.0,0.0,0.0,0.0,0.0,0.0,0.0,0.0,0.0,0.0,0.0,0.0,0.0,8.0,0.0,0.0,0.0,019,40900,33
3301952580,"Newport town, Sullivan County, New Hampshire",0.0,0.0,0.0,0.0,0.0,0.0,0.0,0.0,0.0,0.0,0.0,0.0,0.0,0.0,0.0,0.0,0.0,019,52580,33
3301930500,"Goshen town, Sullivan County, New Hampshire",0.0,0.0,0.0,0.0,0.0,0.0,0.0,0.0,0.0,0.0,0.0,0.0,0.0,0.0,0.0,0.0,0.0,019,30500,33
3301962340,"Plainfield town, Sullivan County, New Hampshire",0.0,0.0,0.0,0.0,0.0,0.0,0.0,0.0,0.0,0.0,0.0,0.0,0.0,0.0,0.0,0.0,0.0,019,62340,33
3301978980,"Washington town, Sullivan County, New Hampshire",0.0,0.0,0.0,0.0,0.0,0.0,0.0,0.0,0.0,0.0,0.0,0.0,0.0,0.0,0.0,0.0,0.0,019,78980,33
3301915060,"Cornish town, Sullivan County, New Hampshire",0.0,0.0,0.0,0.0,0.0,0.0,0.0,0.0,0.0,0.0,0.0,0.0,0.0,0.0,0.0,0.0,0.0,019,15060,33
3301916340,"Croydon town, Sullivan County, New Hampshire",0.0,0.0,0.0,0.0,0.0,0.0,0.0,0.0,0.0,0.0,0.0,0.0,0.0,0.0,0.0,0.0,0.0,019,16340,33
3301941700,"Lempster town, Sullivan County, New Hampshire",0.0,0.0,0.0,0.0,0.0,0.0,0.0,0.0,0.0,0.0,0.0,0.0,0.0,0.0,0.0,0.0,0.0,019,41700,33
3301977940,"Unity town, Sullivan County, New Hampshire",0.0,0.0,0.0,0.0,0.0,0.0,0.0,0.0,0.0,0.0,0.0,0.0,0.0,0.0,0.0,0.0,0.0,019,77940,33
33019260,"Acworth town, Sullivan County, New Hampshire",0.0,0.0,0.0,0.0,0.0,0.0,0.0,0.0,0.0,0.0,0.0,0.0,0.0,0.0,0.0,0.0,0.0,019,260,33
3301972740,"Springfield town, Sullivan County, New Hampshire",0.0,0.0,0.0,0.0,0.0,0.0,0.0,0.0,0.0,0.0,0.0,0.0,0.0,0.0,0.0,0.0,0.0,019,72740,33
3301931220,"Grantham town, Sullivan County, New Hampshire",0.0,0.0,0.0,0.0,0.0,0.0,0.0,0.0,0.0,0.0,0.0,0.0,0.0,0.0,0.0,0.0,0.0,019,31220,33
3301975060,"Sunapee town, Sullivan County, New Hampshire",35.0,0.0,0.0,0.0,35.0,0.0,0.0,0.0,0.0,0.0,0.0,0.0,0.0,0.0,0.0,0.0,0.0,019,75060,33
3301912900,"Claremont city, Sullivan County, New Hampshire",26.0,0.0,0.0,0.0,0.0,0.0,0.0,0.0,0.0,0.0,0.0,0.0,0.0,26.0,0.0,0.0,0.0,019,12900,33
330118100,"Brookline town, Hillsborough County, New Hampshire",0.0,0.0,0.0,0.0,0.0,0.0,0.0,0.0,0.0,0.0,0.0,0.0,0.0,0.0,0.0,0.0,0.0,011,8100,33
3301136180,"Hillsborough town, Hillsborough County, New Hampshire",0.0,0.0,0.0,0.0,0.0,0.0,0.0,0.0,0.0,0.0,0.0,0.0,0.0,0.0,0.0,0.0,0.0,011,36180,33
3301142260,"Litchfield town, Hillsborough County, New Hampshire",0.0,0.0,0.0,0.0,0.0,0.0,0.0,0.0,0.0,0.0,0.0,0.0,0.0,0.0,0.0,0.0,0.0,011,42260,33
3301146260,"Mason town, Hillsborough County, New Hampshire",0.0,0.0,0.0,0.0,0.0,0.0,0.0,0.0,0.0,0.0,0.0,0.0,0.0,0.0,0.0,0.0,0.0,011,46260,33
3301147540,"Merrimack town, Hillsborough County, New Hampshire",31.0,8.0,23.0,0.0,0.0,0.0,0.0,0.0,0.0,0.0,0.0,0.0,0.0,0.0,0.0,0.0,0.0,011,47540,33
3301149140,"Mont Vernon town, Hillsborough County, New Hampshire",0.0,0.0,0.0,0.0,0.0,0.0,0.0,0.0,0.0,0.0,0.0,0.0,0.0,0.0,0.0,0.0,0.0,011,49140,33
330111300,"Amherst town, Hillsborough County, New Hampshire",0.0,0.0,0.0,0.0,0.0,0.0,0.0,0.0,0.0,0.0,0.0,0.0,0.0,0.0,0.0,0.0,0.0,011,1300,33
3301117780,"Deering town, Hillsborough County, New Hampshire",0.0,0.0,0.0,0.0,0.0,0.0,0.0,0.0,0.0,0.0,0.0,0.0,0.0,0.0,0.0,0.0,0.0,011,17780,33
3301133700,"Hancock town, Hillsborough County, New Hampshire",6.0,0.0,0.0,0.0,0.0,0.0,0.0,0.0,0.0,0.0,0.0,0.0,6.0,0.0,0.0,0.0,0.0,011,33700,33
3301148020,"Milford town, Hillsborough County, New Hampshire",114.0,0.0,0.0,0.0,0.0,0.0,0.0,0.0,0.0,0.0,28.0,0.0,0.0,30.0,40.0,16.0,0.0,011,48020,33
3301150260,"Nashua city, Hillsborough County, New Hampshire",1218.0,115.0,28.0,53.0,110.0,55.0,129.0,0.0,65.0,110.0,69.0,58.0,182.0,115.0,0.0,66.0,63.0,011,50260,33
3301131940,"Greenville town, Hillsborough County, New Hampshire",0.0,0.0,0.0,0.0,0.0,0.0,0.0,0.0,0.0,0.0,0.0,0.0,0.0,0.0,0.0,0.0,0.0,011,31940,33
3301168820,"Sharon town, Hillsborough County, New Hampshire",0.0,0.0,0.0,0.0,0.0,0.0,0.0,0.0,0.0,0.0,0.0,0.0,0.0,0.0,0.0,0.0,0.0,011,68820,33
3301179780,"Weare town, Hillsborough County, New Hampshire",0.0,0.0,0.0,0.0,0.0,0.0,0.0,0.0,0.0,0.0,0.0,0.0,0.0,0.0,0.0,0.0,0.0,011,79780,33
3301151940,"New Ipswich town, Hillsborough County, New Hampshire",0.0,0.0,0.0,0.0,0.0,0.0,0.0,0.0,0.0,0.0,0.0,0.0,0.0,0.0,0.0,0.0,0.0,011,51940,33
330114500,"Bedford town, Hillsborough County, New Hampshire",158.0,0.0,0.0,0.0,0.0,0.0,0.0,0.0,0.0,26.0,39.0,36.0,0.0,0.0,0.0,19.0,38.0,011,4500,33
3301131540,"Greenfield town, Hillsborough County, New Hampshire",0.0,0.0,0.0,0.0,0.0,0.0,0.0,0.0,0.0,0.0,0.0,0.0,0.0,0.0,0.0,0.0,0.0,011,31540,33
3301137140,"Hollis town, Hillsborough County, New Hampshire",0.0,0.0,0.0,0.0,0.0,0.0,0.0,0.0,0.0,0.0,0.0,0.0,0.0,0.0,0.0,0.0,0.0,011,37140,33
3301185220,"Wilton town, Hillsborough County, New Hampshire",22.0,0.0,0.0,0.0,0.0,0.0,0.0,0.0,0.0,0.0,0.0,0.0,0.0,0.0,22.0,0.0,0.0,011,85220,33
3301185940,"Windsor town, Hillsborough County, New Hampshire",0.0,0.0,0.0,0.0,0.0,0.0,0.0,0.0,0.0,0.0,0.0,0.0,0.0,0.0,0.0,0.0,0.0,011,85940,33
330111700,"Antrim town, Hillsborough County, New Hampshire",9.0,0.0,0.0,0.0,0.0,0.0,0.0,0.0,0.0,0.0,0.0,0.0,9.0,0.0,0.0,0.0,0.0,011,1700,33
3301145140,"Manchester city, Hillsborough County, New Hampshire",1681.0,157.0,78.0,131.0,78.0,166.0,39.0,81.0,42.0,66.0,133.0,284.0,246.0,70.0,28.0,65.0,17.0,011,45140,33
330114900,"Bennington town, Hillsborough County, New Hampshire",0.0,0.0,0.0,0.0,0.0,0.0,0.0,0.0,0.0,0.0,0.0,0.0,0.0,0.0,0.0,0.0,0.0,011,4900,33
3301127140,"Francestown town, Hillsborough County, New Hampshire",0.0,0.0,0.0,0.0,0.0,0.0,0.0,0.0,0.0,0.0,0.0,0.0,0.0,0.0,0.0,0.0,0.0,011,27140,33
3301144580,"Lyndeborough town, Hillsborough County, New Hampshire",7.0,0.0,0.0,0.0,0.0,0.0,0.0,0.0,0.0,0.0,0.0,0.0,0.0,0.0,0.0,0.0,7.0,011,44580,33
3301150740,"New Boston town, Hillsborough County, New Hampshire",0.0,0.0,0.0,0.0,0.0,0.0,0.0,0.0,0.0,0.0,0.0,0.0,0.0,0.0,0.0,0.0,0.0,011,50740,33
3301129860,"Goffstown town, Hillsborough County, New Hampshire",49.0,0.0,0.0,0.0,0.0,0.0,0.0,0.0,16.0,17.0,0.0,0.0,0.0,16.0,0.0,0.0,0.0,011,29860,33
3301160580,"Peterborough town, Hillsborough County, New Hampshire",0.0,0.0,0.0,0.0,0.0,0.0,0.0,0.0,0.0,0.0,0.0,0.0,0.0,0.0,0.0,0.0,0.0,011,60580,33
3301176260,"Temple town, Hillsborough County, New Hampshire",0.0,0.0,0.0,0.0,0.0,0.0,0.0,0.0,0.0,0.0,0.0,0.0,0.0,0.0,0.0,0.0,0.0,011,76260,33
3301137940,"Hudson town, Hillsborough County, New Hampshire",181.0,0.0,0.0,0.0,0.0,0.0,0.0,15.0,20.0,0.0,0.0,0.0,68.0,50.0,0.0,0.0,28.0,011,37940,33
3301159940,"Pelham town, Hillsborough County, New Hampshire",16.0,0.0,0.0,0.0,0.0,0.0,0.0,0.0,0.0,0.0,0.0,0.0,0.0,8.0,8.0,0.0,0.0,011,59940,33
3301726020,"Farmington town, Strafford County, New Hampshire",0.0,0.0,0.0,0.0,0.0,0.0,0.0,0.0,0.0,0.0,0.0,0.0,0.0,0.0,0.0,0.0,0.0,017,26020,33
330173460,"Barrington town, Strafford County, New Hampshire",0.0,0.0,0.0,0.0,0.0,0.0,0.0,0.0,0.0,0.0,0.0,0.0,0.0,0.0,0.0,0.0,0.0,017,3460,33
3301744820,"Madbury town, Strafford County, New Hampshire",0.0,0.0,0.0,0.0,0.0,0.0,0.0,0.0,0.0,0.0,0.0,0.0,0.0,0.0,0.0,0.0,0.0,017,44820,33
3301765540,"Rollinsford town, Strafford County, New Hampshire",22.0,0.0,0.0,0.0,0.0,0.0,0.0,0.0,0.0,0.0,17.0,0.0,0.0,5.0,0.0,0.0,0.0,017,65540,33
3301718820,"Dover city, Strafford County, New Hampshire",64.0,0.0,13.0,47.0,0.0,0.0,0.0,4.0,0.0,0.0,0.0,0.0,0.0,0.0,0.0,0.0,0.0,017,18820,33
3301719700,"Durham town, Strafford County, New Hampshire",0.0,0.0,0.0,0.0,0.0,0.0,0.0,0.0,0.0,0.0,0.0,0.0,0.0,0.0,0.0,0.0,0.0,017,19700,33
3301765140,"Rochester city, Strafford County, New Hampshire",170.0,101.0,0.0,55.0,0.0,0.0,0.0,0.0,0.0,14.0,0.0,0.0,0.0,0.0,0.0,0.0,0.0,017,65140,33
3301769940,"Somersworth city, Strafford County, New Hampshire",102.0,0.0,0.0,0.0,0.0,0.0,0.0,0.0,17.0,0.0,0.0,38.0,0.0,47.0,0.0,0.0,0.0,017,69940,33
3301773860,"Strafford town, Strafford County, New Hampshire",0.0,0.0,0.0,0.0,0.0,0.0,0.0,0.0,0.0,0.0,0.0,0.0,0.0,0.0,0.0,0.0,0.0,017,73860,33
3301748660,"Milton town, Strafford County, New Hampshire",13.0,0.0,0.0,0.0,0.0,0.0,0.0,0.0,0.0,0.0,13.0,0.0,0.0,0.0,0.0,0.0,0.0,017,48660,33
3301751220,"New Durham town, Strafford County, New Hampshire",0.0,0.0,0.0,0.0,0.0,0.0,0.0,0.0,0.0,0.0,0.0,0.0,0.0,0.0,0.0,0.0,0.0,017,51220,33
3301741460,"Lee town, Strafford County, New Hampshire",0.0,0.0,0.0,0.0,0.0,0.0,0.0,0.0,0.0,0.0,0.0,0.0,0.0,0.0,0.0,0.0,0.0,017,41460,33
3301747700,"Middleton town, Strafford County, New Hampshire",2.0,0.0,0.0,0.0,0.0,0.0,0.0,0.0,0.0,0.0,0.0,2.0,0.0,0.0,0.0,0.0,0.0,017,47700,33
3300716100,"Crawfords purchase, Coos County, New Hampshire",0.0,0.0,0.0,0.0,0.0,0.0,0.0,0.0,0.0,0.0,0.0,0.0,0.0,0.0,0.0,0.0,0.0,007,16100,33
3300716660,"Cutts grant, Coos County, New Hampshire",0.0,0.0,0.0,0.0,0.0,0.0,0.0,0.0,0.0,0.0,0.0,0.0,0.0,0.0,0.0,0.0,0.0,007,16660,33
3300725180,"Ervings location, Coos County, New Hampshire",0.0,0.0,0.0,0.0,0.0,0.0,0.0,0.0,0.0,0.0,0.0,0.0,0.0,0.0,0.0,0.0,0.0,007,25180,33
3300743620,"Low and Burbanks grant, Coos County, New Hampshire",0.0,0.0,0.0,0.0,0.0,0.0,0.0,0.0,0.0,0.0,0.0,0.0,0.0,0.0,0.0,0.0,0.0,007,43620,33
3300767860,"Sargents purchase, Coos County, New Hampshire",0.0,0.0,0.0,0.0,0.0,0.0,0.0,0.0,0.0,0.0,0.0,0.0,0.0,0.0,0.0,0.0,0.0,007,67860,33
3300768980,"Shelburne town, Coos County, New Hampshire",0.0,0.0,0.0,0.0,0.0,0.0,0.0,0.0,0.0,0.0,0.0,0.0,0.0,0.0,0.0,0.0,0.0,007,68980,33
3300773060,"Stark town, Coos County, New Hampshire",5.0,0.0,0.0,0.0,0.0,0.0,0.0,0.0,0.0,0.0,0.0,0.0,0.0,0.0,0.0,5.0,0.0,007,73060,33
3300773380,"Stewartstown town, Coos County, New Hampshire",0.0,0.0,0.0,0.0,0.0,0.0,0.0,0.0,0.0,0.0,0.0,0.0,0.0,0.0,0.0,0.0,0.0,007,73380,33
3300774180,"Stratford town, Coos County, New Hampshire",0.0,0.0,0.0,0.0,0.0,0.0,0.0,0.0,0.0,0.0,0.0,0.0,0.0,0.0,0.0,0.0,0.0,007,74180,33
3300774500,"Success township, Coos County, New Hampshire",0.0,0.0,0.0,0.0,0.0,0.0,0.0,0.0,0.0,0.0,0.0,0.0,0.0,0.0,0.0,0.0,0.0,007,74500,33
3300761780,"Pittsburg town, Coos County, New Hampshire",0.0,0.0,0.0,0.0,0.0,0.0,0.0,0.0,0.0,0.0,0.0,0.0,0.0,0.0,0.0,0.0,0.0,007,61780,33
330074100,"Beans grant, Coos County, New Hampshire",0.0,0.0,0.0,0.0,0.0,0.0,0.0,0.0,0.0,0.0,0.0,0.0,0.0,0.0,0.0,0.0,0.0,007,4100,33
3300710100,"Carroll town, Coos County, New Hampshire",0.0,0.0,0.0,0.0,0.0,0.0,0.0,0.0,0.0,0.0,0.0,0.0,0.0,0.0,0.0,0.0,0.0,007,10100,33
3300747860,"Milan town, Coos County, New Hampshire",0.0,0.0,0.0,0.0,0.0,0.0,0.0,0.0,0.0,0.0,0.0,0.0,0.0,0.0,0.0,0.0,0.0,007,47860,33
3300730260,"Gorham town, Coos County, New Hampshire",0.0,0.0,0.0,0.0,0.0,0.0,0.0,0.0,0.0,0.0,0.0,0.0,0.0,0.0,0.0,0.0,0.0,007,30260,33
3300713940,"Columbia town, Coos County, New Hampshire",0.0,0.0,0.0,0.0,0.0,0.0,0.0,0.0,0.0,0.0,0.0,0.0,0.0,0.0,0.0,0.0,0.0,007,13940,33
3300719300,"Dummer town, Coos County, New Hampshire",0.0,0.0,0.0,0.0,0.0,0.0,0.0,0.0,0.0,0.0,0.0,0.0,0.0,0.0,0.0,0.0,0.0,007,19300,33
3300746020,"Martins location, Coos County, New Hampshire",0.0,0.0,0.0,0.0,0.0,0.0,0.0,0.0,0.0,0.0,0.0,0.0,0.0,0.0,0.0,0.0,0.0,007,46020,33
3300761620,"Pinkhams grant, Coos County, New Hampshire",0.0,0.0,0.0,0.0,0.0,0.0,0.0,0.0,0.0,0.0,0.0,0.0,0.0,0.0,0.0,0.0,0.0,007,61620,33
3300763860,"Randolph town, Coos County, New Hampshire",0.0,0.0,0.0,0.0,0.0,0.0,0.0,0.0,0.0,0.0,0.0,0.0,0.0,0.0,0.0,0.0,0.0,007,63860,33
3300780740,"Wentworth location, Coos County, New Hampshire",0.0,0.0,0.0,0.0,0.0,0.0,0.0,0.0,0.0,0.0,0.0,0.0,0.0,0.0,0.0,0.0,0.0,007,80740,33
330072420,"Atkinson and Gilmanton Academy grant, Coos County, New Hampshire",0.0,0.0,0.0,0.0,0.0,0.0,0.0,0.0,0.0,0.0,0.0,0.0,0.0,0.0,0.0,0.0,0.0,007,2420,33
330075140,"Berlin city, Coos County, New Hampshire",0.0,0.0,0.0,0.0,0.0,0.0,0.0,0.0,0.0,0.0,0.0,0.0,0.0,0.0,0.0,0.0,0.0,007,5140,33
3300768500,"Second College grant, Coos County, New Hampshire",0.0,0.0,0.0,0.0,0.0,0.0,0.0,0.0,0.0,0.0,0.0,0.0,0.0,0.0,0.0,0.0,0.0,007,68500,33
330078420,"Cambridge township, Coos County, New Hampshire",0.0,0.0,0.0,0.0,0.0,0.0,0.0,0.0,0.0,0.0,0.0,0.0,0.0,0.0,0.0,0.0,0.0,007,8420,33
3300725140,"Errol town, Coos County, New Hampshire",0.0,0.0,0.0,0.0,0.0,0.0,0.0,0.0,0.0,0.0,0.0,0.0,0.0,0.0,0.0,0.0,0.0,007,25140,33
3300731780,"Greens grant, Coos County, New Hampshire",0.0,0.0,0.0,0.0,0.0,0.0,0.0,0.0,0.0,0.0,0.0,0.0,0.0,0.0,0.0,0.0,0.0,007,31780,33
3300739940,"Kilkenny township, Coos County, New Hampshire",0.0,0.0,0.0,0.0,0.0,0.0,0.0,0.0,0.0,0.0,0.0,0.0,0.0,0.0,0.0,0.0,0.0,007,39940,33
3300713220,"Clarksville town, Coos County, New Hampshire",0.0,0.0,0.0,0.0,0.0,0.0,0.0,0.0,0.0,0.0,0.0,0.0,0.0,0.0,0.0,0.0,0.0,007,13220,33
3300716820,"Dalton town, Coos County, New Hampshire",0.0,0.0,0.0,0.0,0.0,0.0,0.0,0.0,0.0,0.0,0.0,0.0,0.0,0.0,0.0,0.0,0.0,007,16820,33
3300784420,"Whitefield town, Coos County, New Hampshire",0.0,0.0,0.0,0.0,0.0,0.0,0.0,0.0,0.0,0.0,0.0,0.0,0.0,0.0,0.0,0.0,0.0,007,84420,33
3300378180,"Wakefield town, Carroll County, New Hampshire",0.0,0.0,0.0,0.0,0.0,0.0,0.0,0.0,0.0,0.0,0.0,0.0,0.0,0.0,0.0,0.0,0.0,003,78180,33
3300386420,"Wolfeboro town, Carroll County, New Hampshire",0.0,0.0,0.0,0.0,0.0,0.0,0.0,0.0,0.0,0.0,0.0,0.0,0.0,0.0,0.0,0.0,0.0,003,86420,33
33003420,"Albany town, Carroll County, New Hampshire",0.0,0.0,0.0,0.0,0.0,0.0,0.0,0.0,0.0,0.0,0.0,0.0,0.0,0.0,0.0,0.0,0.0,003,420,33
3300311780,"Chatham town, Carroll County, New Hampshire",0.0,0.0,0.0,0.0,0.0,0.0,0.0,0.0,0.0,0.0,0.0,0.0,0.0,0.0,0.0,0.0,0.0,003,11780,33
3300327700,"Freedom town, Carroll County, New Hampshire",0.0,0.0,0.0,0.0,0.0,0.0,0.0,0.0,0.0,0.0,0.0,0.0,0.0,0.0,0.0,0.0,0.0,003,27700,33
3300377620,"Tuftonboro town, Carroll County, New Hampshire",0.0,0.0,0.0,0.0,0.0,0.0,0.0,0.0,0.0,0.0,0.0,0.0,0.0,0.0,0.0,0.0,0.0,003,77620,33
330033700,"Bartlett town, Carroll County, New Hampshire",0.0,0.0,0.0,0.0,0.0,0.0,0.0,0.0,0.0,0.0,0.0,0.0,0.0,0.0,0.0,0.0,0.0,003,3700,33
3300334500,"Hart's Location town, Carroll County, New Hampshire",0.0,0.0,0.0,0.0,0.0,0.0,0.0,0.0,0.0,0.0,0.0,0.0,0.0,0.0,0.0,0.0,0.0,003,34500,33
3300367780,"Sandwich town, Carroll County, New Hampshire",0.0,0.0,0.0,0.0,0.0,0.0,0.0,0.0,0.0,0.0,0.0,0.0,0.0,0.0,0.0,0.0,0.0,003,67780,33
3300332500,"Hale's location, Carroll County, New Hampshire",0.0,0.0,0.0,0.0,0.0,0.0,0.0,0.0,0.0,0.0,0.0,0.0,0.0,0.0,0.0,0.0,0.0,003,32500,33
3300338260,"Jackson town, Carroll County, New Hampshire",0.0,0.0,0.0,0.0,0.0,0.0,0.0,0.0,0.0,0.0,0.0,0.0,0.0,0.0,0.0,0.0,0.0,003,38260,33
3300349380,"Moultonborough town, Carroll County, New Hampshire",0.0,0.0,0.0,0.0,0.0,0.0,0.0,0.0,0.0,0.0,0.0,0.0,0.0,0.0,0.0,0.0,0.0,003,49380,33
3300376100,"Tamworth town, Carroll County, New Hampshire",0.0,0.0,0.0,0.0,0.0,0.0,0.0,0.0,0.0,0.0,0.0,0.0,0.0,0.0,0.0,0.0,0.0,003,76100,33
3300323620,"Effingham town, Carroll County, New Hampshire",0.0,0.0,0.0,0.0,0.0,0.0,0.0,0.0,0.0,0.0,0.0,0.0,0.0,0.0,0.0,0.0,0.0,003,23620,33
3300323380,"Eaton town, Carroll County, New Hampshire",0.0,0.0,0.0,0.0,0.0,0.0,0.0,0.0,0.0,0.0,0.0,0.0,0.0,0.0,0.0,0.0,0.0,003,23380,33
3300345060,"Madison town, Carroll County, New Hampshire",0.0,0.0,0.0,0.0,0.0,0.0,0.0,0.0,0.0,0.0,0.0,0.0,0.0,0.0,0.0,0.0,0.0,003,45060,33
3300358740,"Ossipee town, Carroll County, New Hampshire",0.0,0.0,0.0,0.0,0.0,0.0,0.0,0.0,0.0,0.0,0.0,0.0,0.0,0.0,0.0,0.0,0.0,003,58740,33
330037940,"Brookfield town, Carroll County, New Hampshire",0.0,0.0,0.0,0.0,0.0,0.0,0.0,0.0,0.0,0.0,0.0,0.0,0.0,0.0,0.0,0.0,0.0,003,7940,33
3300314660,"Conway town, Carroll County, New Hampshire",0.0,0.0,0.0,0.0,0.0,0.0,0.0,0.0,0.0,0.0,0.0,0.0,0.0,0.0,0.0,0.0,0.0,003,14660,33
3300718420,"Dixville township, Coos County, New Hampshire",0.0,0.0,0.0,0.0,0.0,0.0,0.0,0.0,0.0,0.0,0.0,0.0,0.0,0.0,0.0,0.0,0.0,007,18420,33
3300732420,"Hadleys purchase, Coos County, New Hampshire",0.0,0.0,0.0,0.0,0.0,0.0,0.0,0.0,0.0,0.0,0.0,0.0,0.0,0.0,0.0,0.0,0.0,007,32420,33
3300740420,"Lancaster town, Coos County, New Hampshire",10.0,0.0,0.0,0.0,0.0,0.0,0.0,10.0,0.0,0.0,0.0,0.0,0.0,0.0,0.0,0.0,0.0,007,40420,33
3300756100,"Northumberland town, Coos County, New Hampshire",0.0,0.0,0.0,0.0,0.0,0.0,0.0,0.0,0.0,0.0,0.0,0.0,0.0,0.0,0.0,0.0,0.0,007,56100,33
330074260,"Beans purchase, Coos County, New Hampshire",0.0,0.0,0.0,0.0,0.0,0.0,0.0,0.0,0.0,0.0,0.0,0.0,0.0,0.0,0.0,0.0,0.0,007,4260,33
3300711220,"Chandlers purchase, Coos County, New Hampshire",0.0,0.0,0.0,0.0,0.0,0.0,0.0,0.0,0.0,0.0,0.0,0.0,0.0,0.0,0.0,0.0,0.0,007,11220,33
3300713780,"Colebrook town, Coos County, New Hampshire",0.0,0.0,0.0,0.0,0.0,0.0,0.0,0.0,0.0,0.0,0.0,0.0,0.0,0.0,0.0,0.0,0.0,007,13780,33
3300718340,"Dixs grant, Coos County, New Hampshire",0.0,0.0,0.0,0.0,0.0,0.0,0.0,0.0,0.0,0.0,0.0,0.0,0.0,0.0,0.0,0.0,0.0,007,18340,33
3300748260,"Millsfield township, Coos County, New Hampshire",0.0,0.0,0.0,0.0,0.0,0.0,0.0,0.0,0.0,0.0,0.0,0.0,0.0,0.0,0.0,0.0,0.0,007,48260,33
3300757860,"Odell township, Coos County, New Hampshire",0.0,0.0,0.0,0.0,0.0,0.0,0.0,0.0,0.0,0.0,0.0,0.0,0.0,0.0,0.0,0.0,0.0,007,57860,33
3300776580,"Thompson and Meserves purchase, Coos County, New Hampshire",0.0,0.0,0.0,0.0,0.0,0.0,0.0,0.0,0.0,0.0,0.0,0.0,0.0,0.0,0.0,0.0,0.0,007,76580,33
3300738820,"Jefferson town, Coos County, New Hampshire",0.0,0.0,0.0,0.0,0.0,0.0,0.0,0.0,0.0,0.0,0.0,0.0,0.0,0.0,0.0,0.0,0.0,007,38820,33
