geoid,name,total,male_total,female_total,total_same_house,male_same_house,female_same_house,total_moved_within_county,male_moved_within_county,female_moved_within_county,total_moved_from_different_county_in_same_state,male_moved_from_different_county_in_same_state,female_moved_from_different_county_in_same_state,total_moved_from_different_state,male_moved_from_different_state,female_moved_from_different_state,total_moved_from_abroad,male_moved_from_abroad,female_moved_from_abroad,county,county subdivision,state
3300519140,"Dublin town, Cheshire County, New Hampshire",1487.0,760.0,727.0,1391.0,715.0,676.0,27.0,6.0,21.0,58.0,34.0,24.0,10.0,5.0,5.0,1.0,0.0,1.0,005,19140,33
3300564420,"Richmond town, Cheshire County, New Hampshire",1243.0,605.0,638.0,1092.0,519.0,573.0,85.0,52.0,33.0,4.0,2.0,2.0,62.0,32.0,30.0,0.0,0.0,0.0,005,64420,33
3300512260,"Chesterfield town, Cheshire County, New Hampshire",3459.0,1675.0,1784.0,2919.0,1372.0,1547.0,470.0,274.0,196.0,0.0,0.0,0.0,70.0,29.0,41.0,0.0,0.0,0.0,005,12260,33
3300578420,"Walpole town, Cheshire County, New Hampshire",3788.0,1957.0,1831.0,3358.0,1784.0,1574.0,245.0,110.0,135.0,55.0,31.0,24.0,98.0,8.0,90.0,32.0,24.0,8.0,005,78420,33
3300585540,"Winchester town, Cheshire County, New Hampshire",4179.0,2015.0,2164.0,3590.0,1749.0,1841.0,535.0,232.0,303.0,47.0,27.0,20.0,7.0,7.0,0.0,0.0,0.0,0.0,005,85540,33
3300575300,"Surry town, Cheshire County, New Hampshire",872.0,436.0,436.0,798.0,405.0,393.0,65.0,27.0,38.0,0.0,0.0,0.0,9.0,4.0,5.0,0.0,0.0,0.0,005,75300,33
3300564580,"Rindge town, Cheshire County, New Hampshire",5963.0,3077.0,2886.0,4809.0,2432.0,2377.0,425.0,246.0,179.0,217.0,114.0,103.0,508.0,285.0,223.0,4.0,0.0,4.0,005,64580,33
3300565700,"Roxbury town, Cheshire County, New Hampshire",213.0,116.0,97.0,193.0,104.0,89.0,14.0,8.0,6.0,4.0,2.0,2.0,2.0,2.0,0.0,0.0,0.0,0.0,005,65700,33
3300574900,"Sullivan town, Cheshire County, New Hampshire",722.0,356.0,366.0,669.0,338.0,331.0,27.0,13.0,14.0,13.0,0.0,13.0,7.0,5.0,2.0,6.0,0.0,6.0,005,74900,33
3300526500,"Fitzwilliam town, Cheshire County, New Hampshire",2294.0,1176.0,1118.0,2070.0,1056.0,1014.0,94.0,41.0,53.0,77.0,44.0,33.0,53.0,35.0,18.0,0.0,0.0,0.0,005,26500,33
33005820,"Alstead town, Cheshire County, New Hampshire",1821.0,915.0,906.0,1492.0,733.0,759.0,110.0,53.0,57.0,195.0,110.0,85.0,24.0,19.0,5.0,0.0,0.0,0.0,005,820,33
3300529220,"Gilsum town, Cheshire County, New Hampshire",702.0,361.0,341.0,623.0,307.0,316.0,37.0,24.0,13.0,21.0,13.0,8.0,21.0,17.0,4.0,0.0,0.0,0.0,005,29220,33
3300534420,"Harrisville town, Cheshire County, New Hampshire",910.0,470.0,440.0,815.0,421.0,394.0,68.0,42.0,26.0,18.0,4.0,14.0,9.0,3.0,6.0,0.0,0.0,0.0,005,34420,33
3300538500,"Jaffrey town, Cheshire County, New Hampshire",5278.0,2691.0,2587.0,4820.0,2490.0,2330.0,266.0,102.0,164.0,143.0,77.0,66.0,49.0,22.0,27.0,0.0,0.0,0.0,005,38500,33
3300539300,"Keene city, Cheshire County, New Hampshire",23070.0,10799.0,12271.0,16673.0,7652.0,9021.0,3717.0,1941.0,1776.0,829.0,456.0,373.0,1664.0,669.0,995.0,187.0,81.0,106.0,005,39300,33
3300573700,"Stoddard town, Cheshire County, New Hampshire",1159.0,559.0,600.0,1076.0,517.0,559.0,71.0,34.0,37.0,0.0,0.0,0.0,12.0,8.0,4.0,0.0,0.0,0.0,005,73700,33
3300577380,"Troy town, Cheshire County, New Hampshire",2148.0,1103.0,1045.0,1826.0,964.0,862.0,216.0,95.0,121.0,30.0,6.0,24.0,68.0,30.0,38.0,8.0,8.0,0.0,005,77380,33
3300550580,"Nelson town, Cheshire County, New Hampshire",562.0,292.0,270.0,483.0,254.0,229.0,59.0,28.0,31.0,3.0,0.0,3.0,17.0,10.0,7.0,0.0,0.0,0.0,005,50580,33
3300575700,"Swanzey town, Cheshire County, New Hampshire",7117.0,3429.0,3688.0,6464.0,3160.0,3304.0,460.0,157.0,303.0,17.0,17.0,0.0,159.0,95.0,64.0,17.0,0.0,17.0,005,75700,33
3300545700,"Marlow town, Cheshire County, New Hampshire",704.0,368.0,336.0,641.0,339.0,302.0,25.0,5.0,20.0,23.0,14.0,9.0,15.0,10.0,5.0,0.0,0.0,0.0,005,45700,33
3300536660,"Hinsdale town, Cheshire County, New Hampshire",3925.0,1862.0,2063.0,3465.0,1616.0,1849.0,310.0,139.0,171.0,52.0,52.0,0.0,98.0,55.0,43.0,0.0,0.0,0.0,005,36660,33
330139860,"Canterbury town, Merrimack County, New Hampshire",2241.0,1103.0,1138.0,2046.0,1001.0,1045.0,54.0,33.0,21.0,76.0,32.0,44.0,65.0,37.0,28.0,0.0,0.0,0.0,013,9860,33
3301319460,"Dunbarton town, Merrimack County, New Hampshire",2768.0,1401.0,1367.0,2599.0,1322.0,1277.0,86.0,40.0,46.0,26.0,6.0,20.0,50.0,29.0,21.0,7.0,4.0,3.0,013,19460,33
3301343380,"Loudon town, Merrimack County, New Hampshire",5403.0,2429.0,2974.0,4675.0,2145.0,2530.0,322.0,165.0,157.0,333.0,77.0,256.0,73.0,42.0,31.0,0.0,0.0,0.0,013,43380,33
3301352100,"New London town, Merrimack County, New Hampshire",4505.0,1965.0,2540.0,3809.0,1662.0,2147.0,108.0,46.0,62.0,158.0,74.0,84.0,420.0,183.0,237.0,10.0,0.0,10.0,013,52100,33
3301375460,"Sutton town, Merrimack County, New Hampshire",1909.0,1003.0,906.0,1821.0,963.0,858.0,65.0,37.0,28.0,6.0,0.0,6.0,17.0,3.0,14.0,0.0,0.0,0.0,013,75460,33
3301378580,"Warner town, Merrimack County, New Hampshire",2865.0,1385.0,1480.0,2686.0,1287.0,1399.0,75.0,34.0,41.0,41.0,23.0,18.0,63.0,41.0,22.0,0.0,0.0,0.0,013,78580,33
3301384900,"Wilmot town, Merrimack County, New Hampshire",1468.0,629.0,839.0,1250.0,546.0,704.0,169.0,57.0,112.0,19.0,19.0,0.0,26.0,7.0,19.0,4.0,0.0,4.0,013,84900,33
3301337540,"Hopkinton town, Merrimack County, New Hampshire",5544.0,2766.0,2778.0,5062.0,2583.0,2479.0,253.0,93.0,160.0,105.0,56.0,49.0,92.0,19.0,73.0,32.0,15.0,17.0,013,37540,33
3301380020,"Webster town, Merrimack County, New Hampshire",1848.0,959.0,889.0,1615.0,834.0,781.0,171.0,88.0,83.0,44.0,26.0,18.0,14.0,7.0,7.0,4.0,4.0,0.0,013,80020,33
33013660,"Allenstown town, Merrimack County, New Hampshire",4261.0,2206.0,2055.0,3619.0,1958.0,1661.0,251.0,126.0,125.0,284.0,103.0,181.0,96.0,19.0,77.0,11.0,0.0,11.0,013,660,33
3301312420,"Chichester town, Merrimack County, New Hampshire",2550.0,1373.0,1177.0,2475.0,1355.0,1120.0,40.0,16.0,24.0,35.0,2.0,33.0,0.0,0.0,0.0,0.0,0.0,0.0,013,12420,33
3301316980,"Danbury town, Merrimack County, New Hampshire",1272.0,641.0,631.0,1162.0,592.0,570.0,66.0,29.0,37.0,32.0,14.0,18.0,12.0,6.0,6.0,0.0,0.0,0.0,013,16980,33
3301327380,"Franklin city, Merrimack County, New Hampshire",8396.0,4079.0,4317.0,6960.0,3443.0,3517.0,801.0,438.0,363.0,385.0,143.0,242.0,241.0,46.0,195.0,9.0,9.0,0.0,013,27380,33
330136260,"Boscawen town, Merrimack County, New Hampshire",3932.0,1829.0,2103.0,3316.0,1554.0,1762.0,414.0,193.0,221.0,169.0,59.0,110.0,20.0,10.0,10.0,13.0,13.0,0.0,013,6260,33
3301335540,"Henniker town, Merrimack County, New Hampshire",4857.0,2338.0,2519.0,3947.0,1915.0,2032.0,248.0,78.0,170.0,246.0,136.0,110.0,416.0,209.0,207.0,0.0,0.0,0.0,013,35540,33
3301337300,"Hooksett town, Merrimack County, New Hampshire",13859.0,6635.0,7224.0,12123.0,5676.0,6447.0,481.0,219.0,262.0,863.0,534.0,329.0,374.0,206.0,168.0,18.0,0.0,18.0,013,37300,33
3301350900,"Newbury town, Merrimack County, New Hampshire",1880.0,983.0,897.0,1678.0,874.0,804.0,78.0,38.0,40.0,44.0,30.0,14.0,80.0,41.0,39.0,0.0,0.0,0.0,013,50900,33
3301360020,"Pembroke town, Merrimack County, New Hampshire",7124.0,3492.0,3632.0,6487.0,3076.0,3411.0,387.0,239.0,148.0,107.0,73.0,34.0,72.0,33.0,39.0,71.0,71.0,0.0,013,60020,33
3301354260,"Northfield town, Merrimack County, New Hampshire",4726.0,2414.0,2312.0,4218.0,2156.0,2062.0,272.0,140.0,132.0,110.0,51.0,59.0,126.0,67.0,59.0,0.0,0.0,0.0,013,54260,33
3301366980,"Salisbury town, Merrimack County, New Hampshire",1254.0,640.0,614.0,1188.0,616.0,572.0,45.0,20.0,25.0,19.0,4.0,15.0,2.0,0.0,2.0,0.0,0.0,0.0,013,66980,33
330136500,"Bow town, Merrimack County, New Hampshire",7647.0,3901.0,3746.0,7272.0,3715.0,3557.0,163.0,68.0,95.0,129.0,57.0,72.0,50.0,50.0,0.0,33.0,11.0,22.0,013,6500,33
330136980,"Bradford town, Merrimack County, New Hampshire",1669.0,842.0,827.0,1491.0,740.0,751.0,101.0,63.0,38.0,46.0,22.0,24.0,27.0,17.0,10.0,4.0,0.0,4.0,013,6980,33
330131460,"Andover town, Merrimack County, New Hampshire",2755.0,1510.0,1245.0,2432.0,1323.0,1109.0,159.0,87.0,72.0,82.0,54.0,28.0,71.0,41.0,30.0,11.0,5.0,6.0,013,1460,33
3301335860,"Hill town, Merrimack County, New Hampshire",938.0,474.0,464.0,870.0,432.0,438.0,34.0,24.0,10.0,18.0,12.0,6.0,16.0,6.0,10.0,0.0,0.0,0.0,013,35860,33
3301314200,"Concord city, Merrimack County, New Hampshire",42296.0,20916.0,21380.0,35485.0,17381.0,18104.0,3619.0,1775.0,1844.0,1783.0,1102.0,681.0,1153.0,620.0,533.0,256.0,38.0,218.0,013,14200,33
3301324900,"Epsom town, Merrimack County, New Hampshire",4618.0,2351.0,2267.0,4192.0,2128.0,2064.0,231.0,164.0,67.0,109.0,22.0,87.0,86.0,37.0,49.0,0.0,0.0,0.0,013,24900,33
330093940,"Bath town, Grafton County, New Hampshire",892.0,502.0,390.0,857.0,477.0,380.0,8.0,4.0,4.0,0.0,0.0,0.0,27.0,21.0,6.0,0.0,0.0,0.0,009,3940,33
330098660,"Campton town, Grafton County, New Hampshire",3295.0,1667.0,1628.0,3259.0,1661.0,1598.0,29.0,5.0,24.0,6.0,0.0,6.0,0.0,0.0,0.0,1.0,1.0,0.0,009,8660,33
3300936900,"Holderness town, Grafton County, New Hampshire",2286.0,1112.0,1174.0,2147.0,1031.0,1116.0,72.0,52.0,20.0,20.0,14.0,6.0,47.0,15.0,32.0,0.0,0.0,0.0,009,36900,33
330095060,"Benton town, Grafton County, New Hampshire",415.0,216.0,199.0,380.0,192.0,188.0,13.0,6.0,7.0,15.0,13.0,2.0,7.0,5.0,2.0,0.0,0.0,0.0,009,5060,33
330097700,"Bristol town, Grafton County, New Hampshire",3031.0,1621.0,1410.0,2683.0,1405.0,1278.0,161.0,108.0,53.0,85.0,31.0,54.0,94.0,69.0,25.0,8.0,8.0,0.0,009,7700,33
3300958500,"Orford town, Grafton County, New Hampshire",1570.0,679.0,891.0,1296.0,570.0,726.0,30.0,5.0,25.0,3.0,3.0,0.0,82.0,41.0,41.0,159.0,60.0,99.0,009,58500,33
3300961060,"Piermont town, Grafton County, New Hampshire",860.0,427.0,433.0,823.0,412.0,411.0,16.0,10.0,6.0,4.0,2.0,2.0,14.0,0.0,14.0,3.0,3.0,0.0,009,61060,33
3300941860,"Lincoln town, Grafton County, New Hampshire",1283.0,710.0,573.0,1143.0,614.0,529.0,60.0,41.0,19.0,5.0,5.0,0.0,51.0,26.0,25.0,24.0,24.0,0.0,009,41860,33
3300942020,"Lisbon town, Grafton County, New Hampshire",1652.0,859.0,793.0,1499.0,785.0,714.0,68.0,22.0,46.0,42.0,17.0,25.0,43.0,35.0,8.0,0.0,0.0,0.0,009,42020,33
3300942580,"Littleton town, Grafton County, New Hampshire",5885.0,2942.0,2943.0,4737.0,2395.0,2342.0,568.0,273.0,295.0,312.0,190.0,122.0,268.0,84.0,184.0,0.0,0.0,0.0,009,42580,33
330097540,"Bridgewater town, Grafton County, New Hampshire",1027.0,484.0,543.0,942.0,445.0,497.0,23.0,17.0,6.0,37.0,13.0,24.0,25.0,9.0,16.0,0.0,0.0,0.0,009,7540,33
3300922020,"Easton town, Grafton County, New Hampshire",283.0,123.0,160.0,270.0,117.0,153.0,4.0,2.0,2.0,0.0,0.0,0.0,6.0,4.0,2.0,3.0,0.0,3.0,009,22020,33
3300935220,"Hebron town, Grafton County, New Hampshire",577.0,312.0,265.0,479.0,236.0,243.0,40.0,32.0,8.0,0.0,0.0,0.0,58.0,44.0,14.0,0.0,0.0,0.0,009,35220,33
3300942820,"Livermore town, Grafton County, New Hampshire",0.0,0.0,0.0,0.0,0.0,0.0,0.0,0.0,0.0,0.0,0.0,0.0,0.0,0.0,0.0,0.0,0.0,0.0,009,42820,33
330098980,"Canaan town, Grafton County, New Hampshire",3879.0,1774.0,2105.0,3388.0,1533.0,1855.0,271.0,126.0,145.0,61.0,61.0,0.0,159.0,54.0,105.0,0.0,0.0,0.0,009,8980,33
3300923860,"Ellsworth town, Grafton County, New Hampshire",62.0,45.0,17.0,59.0,43.0,16.0,2.0,2.0,0.0,0.0,0.0,0.0,1.0,0.0,1.0,0.0,0.0,0.0,009,23860,33
3300934820,"Haverhill town, Grafton County, New Hampshire",4597.0,2177.0,2420.0,3772.0,1793.0,1979.0,424.0,208.0,216.0,87.0,48.0,39.0,294.0,108.0,186.0,20.0,20.0,0.0,009,34820,33
3300944100,"Lyman town, Grafton County, New Hampshire",625.0,302.0,323.0,606.0,292.0,314.0,4.0,2.0,2.0,9.0,6.0,3.0,6.0,2.0,4.0,0.0,0.0,0.0,009,44100,33
3300979380,"Waterville Valley town, Grafton County, New Hampshire",191.0,109.0,82.0,177.0,101.0,76.0,6.0,2.0,4.0,0.0,0.0,0.0,8.0,6.0,2.0,0.0,0.0,0.0,009,79380,33
3300924340,"Enfield town, Grafton County, New Hampshire",4522.0,2032.0,2490.0,4092.0,1870.0,2222.0,205.0,78.0,127.0,81.0,25.0,56.0,144.0,59.0,85.0,0.0,0.0,0.0,009,24340,33
3300958340,"Orange town, Grafton County, New Hampshire",199.0,107.0,92.0,180.0,95.0,85.0,9.0,4.0,5.0,10.0,8.0,2.0,0.0,0.0,0.0,0.0,0.0,0.0,009,58340,33
3300962660,"Plymouth town, Grafton County, New Hampshire",6652.0,3431.0,3221.0,4396.0,2116.0,2280.0,736.0,471.0,265.0,565.0,324.0,241.0,949.0,514.0,435.0,6.0,6.0,0.0,009,62660,33
3300974740,"Sugar Hill town, Grafton County, New Hampshire",637.0,294.0,343.0,587.0,263.0,324.0,34.0,19.0,15.0,3.0,3.0,0.0,13.0,9.0,4.0,0.0,0.0,0.0,009,74740,33
3300978740,"Warren town, Grafton County, New Hampshire",815.0,408.0,407.0,665.0,348.0,317.0,137.0,51.0,86.0,4.0,2.0,2.0,7.0,5.0,2.0,2.0,2.0,0.0,009,78740,33
330092020,"Ashland town, Grafton County, New Hampshire",2209.0,1021.0,1188.0,1789.0,812.0,977.0,289.0,150.0,139.0,69.0,11.0,58.0,62.0,48.0,14.0,0.0,0.0,0.0,009,2020,33
3300918740,"Dorchester town, Grafton County, New Hampshire",346.0,176.0,170.0,326.0,170.0,156.0,0.0,0.0,0.0,4.0,0.0,4.0,16.0,6.0,10.0,0.0,0.0,0.0,009,18740,33
3300940660,"Landaff town, Grafton County, New Hampshire",452.0,216.0,236.0,407.0,192.0,215.0,30.0,16.0,14.0,0.0,0.0,0.0,15.0,8.0,7.0,0.0,0.0,0.0,009,40660,33
330095460,"Bethlehem town, Grafton County, New Hampshire",2519.0,1207.0,1312.0,2173.0,1039.0,1134.0,238.0,105.0,133.0,50.0,29.0,21.0,58.0,34.0,24.0,0.0,0.0,0.0,009,5460,33
33009580,"Alexandria town, Grafton County, New Hampshire",2013.0,1022.0,991.0,1919.0,974.0,945.0,18.0,14.0,4.0,47.0,17.0,30.0,24.0,17.0,7.0,5.0,0.0,5.0,009,580,33
3300927300,"Franconia town, Grafton County, New Hampshire",1073.0,534.0,539.0,976.0,490.0,486.0,66.0,27.0,39.0,9.0,0.0,9.0,22.0,17.0,5.0,0.0,0.0,0.0,009,27300,33
3300930820,"Grafton town, Grafton County, New Hampshire",1157.0,595.0,562.0,1024.0,544.0,480.0,99.0,32.0,67.0,26.0,13.0,13.0,8.0,6.0,2.0,0.0,0.0,0.0,009,30820,33
3300932180,"Groton town, Grafton County, New Hampshire",562.0,259.0,303.0,474.0,231.0,243.0,65.0,20.0,45.0,6.0,0.0,6.0,17.0,8.0,9.0,0.0,0.0,0.0,009,32180,33
3300987060,"Woodstock town, Grafton County, New Hampshire",1212.0,581.0,631.0,1116.0,530.0,586.0,33.0,19.0,14.0,42.0,22.0,20.0,21.0,10.0,11.0,0.0,0.0,0.0,009,87060,33
3300944260,"Lyme town, Grafton County, New Hampshire",1680.0,823.0,857.0,1443.0,714.0,729.0,87.0,44.0,43.0,0.0,0.0,0.0,143.0,58.0,85.0,7.0,7.0,0.0,009,44260,33
3300980500,"Wentworth town, Grafton County, New Hampshire",826.0,404.0,422.0,774.0,367.0,407.0,16.0,8.0,8.0,14.0,7.0,7.0,20.0,20.0,0.0,2.0,2.0,0.0,009,80500,33
3300965940,"Rumney town, Grafton County, New Hampshire",1617.0,771.0,846.0,1453.0,685.0,768.0,87.0,36.0,51.0,17.0,11.0,6.0,60.0,39.0,21.0,0.0,0.0,0.0,009,65940,33
3300976740,"Thornton town, Grafton County, New Hampshire",2032.0,1084.0,948.0,1816.0,977.0,839.0,122.0,60.0,62.0,25.0,6.0,19.0,69.0,41.0,28.0,0.0,0.0,0.0,009,76740,33
3300941300,"Lebanon city, Grafton County, New Hampshire",13352.0,6324.0,7028.0,10748.0,5028.0,5720.0,853.0,372.0,481.0,294.0,214.0,80.0,1339.0,676.0,663.0,118.0,34.0,84.0,009,41300,33
3300948980,"Monroe town, Grafton County, New Hampshire",969.0,504.0,465.0,929.0,487.0,442.0,5.0,2.0,3.0,11.0,0.0,11.0,24.0,15.0,9.0,0.0,0.0,0.0,009,48980,33
3300545460,"Marlborough town, Cheshire County, New Hampshire",2125.0,1063.0,1062.0,1912.0,943.0,969.0,192.0,113.0,79.0,0.0,0.0,0.0,15.0,1.0,14.0,6.0,6.0,0.0,005,45460,33
3300582660,"Westmoreland town, Cheshire County, New Hampshire",1793.0,817.0,976.0,1679.0,777.0,902.0,96.0,31.0,65.0,2.0,0.0,2.0,14.0,7.0,7.0,2.0,2.0,0.0,005,82660,33
3301361940,"Pittsfield town, Merrimack County, New Hampshire",4037.0,1958.0,2079.0,3430.0,1664.0,1766.0,362.0,160.0,202.0,209.0,106.0,103.0,36.0,28.0,8.0,0.0,0.0,0.0,013,61940,33
3300933860,"Hanover town, Grafton County, New Hampshire",11408.0,5709.0,5699.0,8221.0,4156.0,4065.0,621.0,291.0,330.0,235.0,103.0,132.0,1824.0,883.0,941.0,507.0,276.0,231.0,009,33860,33
3301521380,"East Kingston town, Rockingham County, New Hampshire",2463.0,1214.0,1249.0,2101.0,1010.0,1091.0,303.0,163.0,140.0,0.0,0.0,0.0,59.0,41.0,18.0,0.0,0.0,0.0,015,21380,33
3301551620,"Newington town, Rockingham County, New Hampshire",816.0,413.0,403.0,737.0,367.0,370.0,43.0,22.0,21.0,8.0,4.0,4.0,21.0,13.0,8.0,7.0,7.0,0.0,015,51620,33
3301556820,"Northwood town, Rockingham County, New Hampshire",4207.0,2135.0,2072.0,3892.0,1996.0,1896.0,158.0,47.0,111.0,82.0,54.0,28.0,65.0,28.0,37.0,10.0,10.0,0.0,015,56820,33
3301554580,"North Hampton town, Rockingham County, New Hampshire",4402.0,2042.0,2360.0,3954.0,1831.0,2123.0,138.0,68.0,70.0,61.0,27.0,34.0,222.0,107.0,115.0,27.0,9.0,18.0,015,54580,33
3301517460,"Deerfield town, Rockingham County, New Hampshire",4398.0,2299.0,2099.0,4235.0,2213.0,2022.0,52.0,26.0,26.0,57.0,21.0,36.0,54.0,39.0,15.0,0.0,0.0,0.0,015,17460,33
3301531700,"Greenland town, Rockingham County, New Hampshire",3831.0,1931.0,1900.0,3479.0,1718.0,1761.0,137.0,52.0,85.0,35.0,22.0,13.0,180.0,139.0,41.0,0.0,0.0,0.0,015,31700,33
3301533460,"Hampton Falls town, Rockingham County, New Hampshire",2321.0,1208.0,1113.0,2061.0,1075.0,986.0,141.0,77.0,64.0,42.0,16.0,26.0,77.0,40.0,37.0,0.0,0.0,0.0,015,33460,33
3301567620,"Sandown town, Rockingham County, New Hampshire",6226.0,3002.0,3224.0,5857.0,2791.0,3066.0,340.0,193.0,147.0,0.0,0.0,0.0,29.0,18.0,11.0,0.0,0.0,0.0,015,67620,33
3301585780,"Windham town, Rockingham County, New Hampshire",14194.0,7105.0,7089.0,12787.0,6432.0,6355.0,579.0,299.0,280.0,162.0,56.0,106.0,666.0,318.0,348.0,0.0,0.0,0.0,015,85780,33
330152340,"Atkinson town, Rockingham County, New Hampshire",6777.0,3285.0,3492.0,6425.0,3140.0,3285.0,280.0,134.0,146.0,0.0,0.0,0.0,72.0,11.0,61.0,0.0,0.0,0.0,015,2340,33
3301517940,"Derry town, Rockingham County, New Hampshire",32944.0,16663.0,16281.0,29167.0,14732.0,14435.0,2067.0,1006.0,1061.0,374.0,159.0,215.0,1289.0,733.0,556.0,47.0,33.0,14.0,015,17940,33
3301525380,"Exeter town, Rockingham County, New Hampshire",14584.0,6605.0,7979.0,12935.0,5889.0,7046.0,815.0,303.0,512.0,257.0,81.0,176.0,503.0,265.0,238.0,74.0,67.0,7.0,015,25380,33
330152820,"Auburn town, Rockingham County, New Hampshire",5260.0,2662.0,2598.0,4895.0,2460.0,2435.0,76.0,29.0,47.0,216.0,129.0,87.0,63.0,34.0,29.0,10.0,10.0,0.0,015,2820,33
3301532900,"Hampstead town, Rockingham County, New Hampshire",8504.0,4259.0,4245.0,7310.0,3622.0,3688.0,747.0,428.0,319.0,36.0,9.0,27.0,360.0,200.0,160.0,51.0,0.0,51.0,015,32900,33
3301564020,"Raymond town, Rockingham County, New Hampshire",10105.0,5112.0,4993.0,8583.0,4347.0,4236.0,952.0,476.0,476.0,308.0,153.0,155.0,253.0,127.0,126.0,9.0,9.0,0.0,015,64020,33
3301533060,"Hampton town, Rockingham County, New Hampshire",15250.0,7116.0,8134.0,13655.0,6437.0,7218.0,906.0,381.0,525.0,294.0,109.0,185.0,380.0,180.0,200.0,15.0,9.0,6.0,015,33060,33
3301551380,"Newfields town, Rockingham County, New Hampshire",1545.0,743.0,802.0,1356.0,650.0,706.0,84.0,40.0,44.0,23.0,15.0,8.0,82.0,38.0,44.0,0.0,0.0,0.0,015,51380,33
3301552340,"Newmarket town, Rockingham County, New Hampshire",8864.0,4372.0,4492.0,6671.0,3260.0,3411.0,606.0,308.0,298.0,909.0,474.0,435.0,428.0,238.0,190.0,250.0,92.0,158.0,015,52340,33
3301566180,"Rye town, Rockingham County, New Hampshire",5401.0,2757.0,2644.0,4742.0,2453.0,2289.0,372.0,200.0,172.0,0.0,0.0,0.0,272.0,104.0,168.0,15.0,0.0,15.0,015,66180,33
330150,"County subdivisions not defined, Rockingham County, New Hampshire",0.0,0.0,0.0,0.0,0.0,0.0,0.0,0.0,0.0,0.0,0.0,0.0,0.0,0.0,0.0,0.0,0.0,0.0,015,0,33
330159300,"Candia town, Rockingham County, New Hampshire",3900.0,2055.0,1845.0,3680.0,1965.0,1715.0,56.0,39.0,17.0,105.0,32.0,73.0,49.0,19.0,30.0,10.0,0.0,10.0,015,9300,33
3301512100,"Chester town, Rockingham County, New Hampshire",4935.0,2557.0,2378.0,4397.0,2280.0,2117.0,235.0,133.0,102.0,173.0,62.0,111.0,113.0,72.0,41.0,17.0,10.0,7.0,015,12100,33
3301517140,"Danville town, Rockingham County, New Hampshire",4467.0,2293.0,2174.0,3934.0,1926.0,2008.0,144.0,94.0,50.0,1.0,0.0,1.0,388.0,273.0,115.0,0.0,0.0,0.0,015,17140,33
3301540100,"Kingston town, Rockingham County, New Hampshire",6082.0,3015.0,3067.0,5176.0,2537.0,2639.0,388.0,251.0,137.0,198.0,73.0,125.0,320.0,154.0,166.0,0.0,0.0,0.0,015,40100,33
3301557460,"Nottingham town, Rockingham County, New Hampshire",4912.0,2403.0,2509.0,4633.0,2273.0,2360.0,99.0,61.0,38.0,66.0,12.0,54.0,114.0,57.0,57.0,0.0,0.0,0.0,015,57460,33
3301568260,"Seabrook town, Rockingham County, New Hampshire",8793.0,4306.0,4487.0,7482.0,3690.0,3792.0,757.0,379.0,378.0,59.0,19.0,40.0,370.0,158.0,212.0,125.0,60.0,65.0,015,68260,33
3301527940,"Fremont town, Rockingham County, New Hampshire",4547.0,2264.0,2283.0,4189.0,2116.0,2073.0,270.0,103.0,167.0,40.0,11.0,29.0,48.0,34.0,14.0,0.0,0.0,0.0,015,27940,33
3301552900,"Newton town, Rockingham County, New Hampshire",4790.0,2403.0,2387.0,4436.0,2216.0,2220.0,83.0,34.0,49.0,0.0,0.0,0.0,259.0,146.0,113.0,12.0,7.0,5.0,015,52900,33
3301562500,"Plaistow town, Rockingham County, New Hampshire",7599.0,3524.0,4075.0,6873.0,3188.0,3685.0,425.0,196.0,229.0,1.0,0.0,1.0,300.0,140.0,160.0,0.0,0.0,0.0,015,62500,33
3301539780,"Kensington town, Rockingham County, New Hampshire",2173.0,1117.0,1056.0,1940.0,990.0,950.0,95.0,52.0,43.0,54.0,35.0,19.0,84.0,40.0,44.0,0.0,0.0,0.0,015,39780,33
3301524660,"Epping town, Rockingham County, New Hampshire",6775.0,3368.0,3407.0,6405.0,3172.0,3233.0,210.0,84.0,126.0,25.0,25.0,0.0,119.0,71.0,48.0,16.0,16.0,0.0,015,24660,33
3301550980,"New Castle town, Rockingham County, New Hampshire",908.0,403.0,505.0,839.0,380.0,459.0,38.0,13.0,25.0,0.0,0.0,0.0,31.0,10.0,21.0,0.0,0.0,0.0,015,50980,33
3301566660,"Salem town, Rockingham County, New Hampshire",28661.0,14250.0,14411.0,25926.0,12948.0,12978.0,1169.0,507.0,662.0,101.0,84.0,17.0,1388.0,643.0,745.0,77.0,68.0,9.0,015,66660,33
3301571140,"South Hampton town, Rockingham County, New Hampshire",784.0,367.0,417.0,715.0,337.0,378.0,16.0,14.0,2.0,0.0,0.0,0.0,53.0,16.0,37.0,0.0,0.0,0.0,015,71140,33
3301574340,"Stratham town, Rockingham County, New Hampshire",7297.0,3779.0,3518.0,6738.0,3575.0,3163.0,339.0,132.0,207.0,49.0,23.0,26.0,157.0,35.0,122.0,14.0,14.0,0.0,015,74340,33
3301543220,"Londonderry town, Rockingham County, New Hampshire",24938.0,12218.0,12720.0,22916.0,11194.0,11722.0,1029.0,563.0,466.0,428.0,213.0,215.0,522.0,227.0,295.0,43.0,21.0,22.0,015,43220,33
330157220,"Brentwood town, Rockingham County, New Hampshire",4654.0,2469.0,2185.0,3937.0,1974.0,1963.0,470.0,312.0,158.0,65.0,57.0,8.0,134.0,103.0,31.0,48.0,23.0,25.0,015,7220,33
3301562900,"Portsmouth city, Rockingham County, New Hampshire",21444.0,10790.0,10654.0,17026.0,8155.0,8871.0,2066.0,1111.0,955.0,397.0,209.0,188.0,1816.0,1208.0,608.0,139.0,107.0,32.0,015,62900,33
330013220,"Barnstead town, Belknap County, New Hampshire",4615.0,2252.0,2363.0,4388.0,2110.0,2278.0,55.0,41.0,14.0,162.0,91.0,71.0,10.0,10.0,0.0,0.0,0.0,0.0,001,3220,33
3300140180,"Laconia city, Belknap County, New Hampshire",16107.0,7780.0,8327.0,13718.0,6564.0,7154.0,1324.0,673.0,651.0,600.0,283.0,317.0,426.0,237.0,189.0,39.0,23.0,16.0,001,40180,33
3300151540,"New Hampton town, Belknap County, New Hampshire",2263.0,1097.0,1166.0,2131.0,1058.0,1073.0,39.0,9.0,30.0,47.0,6.0,41.0,46.0,24.0,22.0,0.0,0.0,0.0,001,51540,33
3300167300,"Sanbornton town, Belknap County, New Hampshire",2954.0,1555.0,1399.0,2795.0,1474.0,1321.0,85.0,37.0,48.0,33.0,22.0,11.0,36.0,17.0,19.0,5.0,5.0,0.0,001,67300,33
330014740,"Belmont town, Belknap County, New Hampshire",7179.0,3506.0,3673.0,6425.0,3197.0,3228.0,545.0,169.0,376.0,135.0,77.0,58.0,74.0,63.0,11.0,0.0,0.0,0.0,001,4740,33
3300110660,"Center Harbor town, Belknap County, New Hampshire",976.0,477.0,499.0,895.0,437.0,458.0,12.0,4.0,8.0,53.0,20.0,33.0,16.0,16.0,0.0,0.0,0.0,0.0,001,10660,33
3300128980,"Gilmanton town, Belknap County, New Hampshire",3740.0,1889.0,1851.0,3535.0,1802.0,1733.0,37.0,37.0,0.0,70.0,28.0,42.0,71.0,22.0,49.0,27.0,0.0,27.0,001,28980,33
3300147140,"Meredith town, Belknap County, New Hampshire",6237.0,3057.0,3180.0,5623.0,2708.0,2915.0,434.0,242.0,192.0,56.0,39.0,17.0,117.0,61.0,56.0,7.0,7.0,0.0,001,47140,33
3300128740,"Gilford town, Belknap County, New Hampshire",7010.0,3155.0,3855.0,6451.0,2937.0,3514.0,343.0,140.0,203.0,48.0,27.0,21.0,168.0,51.0,117.0,0.0,0.0,0.0,001,28740,33
3300177060,"Tilton town, Belknap County, New Hampshire",3555.0,1877.0,1678.0,3014.0,1581.0,1433.0,281.0,155.0,126.0,227.0,122.0,105.0,33.0,19.0,14.0,0.0,0.0,0.0,001,77060,33
330011060,"Alton town, Belknap County, New Hampshire",5237.0,2751.0,2486.0,4496.0,2264.0,2232.0,384.0,222.0,162.0,265.0,216.0,49.0,92.0,49.0,43.0,0.0,0.0,0.0,001,1060,33
3301911380,"Charlestown town, Sullivan County, New Hampshire",4938.0,2405.0,2533.0,3812.0,1837.0,1975.0,980.0,511.0,469.0,128.0,57.0,71.0,18.0,0.0,18.0,0.0,0.0,0.0,019,11380,33
3301940900,"Langdon town, Sullivan County, New Hampshire",884.0,408.0,476.0,855.0,398.0,457.0,10.0,2.0,8.0,14.0,8.0,6.0,0.0,0.0,0.0,5.0,0.0,5.0,019,40900,33
3301952580,"Newport town, Sullivan County, New Hampshire",6370.0,3186.0,3184.0,5492.0,2724.0,2768.0,545.0,213.0,332.0,167.0,122.0,45.0,166.0,127.0,39.0,0.0,0.0,0.0,019,52580,33
3301930500,"Goshen town, Sullivan County, New Hampshire",720.0,362.0,358.0,630.0,311.0,319.0,72.0,37.0,35.0,2.0,0.0,2.0,16.0,14.0,2.0,0.0,0.0,0.0,019,30500,33
3301962340,"Plainfield town, Sullivan County, New Hampshire",2429.0,1236.0,1193.0,2245.0,1122.0,1123.0,83.0,48.0,35.0,24.0,14.0,10.0,77.0,52.0,25.0,0.0,0.0,0.0,019,62340,33
3301978980,"Washington town, Sullivan County, New Hampshire",1265.0,717.0,548.0,1115.0,597.0,518.0,23.0,13.0,10.0,104.0,90.0,14.0,18.0,12.0,6.0,5.0,5.0,0.0,019,78980,33
3301915060,"Cornish town, Sullivan County, New Hampshire",1766.0,929.0,837.0,1653.0,861.0,792.0,73.0,41.0,32.0,21.0,14.0,7.0,10.0,4.0,6.0,9.0,9.0,0.0,019,15060,33
3301916340,"Croydon town, Sullivan County, New Hampshire",803.0,349.0,454.0,758.0,334.0,424.0,37.0,13.0,24.0,0.0,0.0,0.0,8.0,2.0,6.0,0.0,0.0,0.0,019,16340,33
3301941700,"Lempster town, Sullivan County, New Hampshire",853.0,423.0,430.0,761.0,379.0,382.0,68.0,29.0,39.0,0.0,0.0,0.0,20.0,11.0,9.0,4.0,4.0,0.0,019,41700,33
3301977940,"Unity town, Sullivan County, New Hampshire",1484.0,760.0,724.0,1317.0,669.0,648.0,135.0,77.0,58.0,28.0,10.0,18.0,0.0,0.0,0.0,4.0,4.0,0.0,019,77940,33
33019260,"Acworth town, Sullivan County, New Hampshire",1024.0,509.0,515.0,986.0,496.0,490.0,21.0,8.0,13.0,15.0,5.0,10.0,0.0,0.0,0.0,2.0,0.0,2.0,019,260,33
3301972740,"Springfield town, Sullivan County, New Hampshire",1009.0,543.0,466.0,968.0,523.0,445.0,11.0,11.0,0.0,21.0,9.0,12.0,9.0,0.0,9.0,0.0,0.0,0.0,019,72740,33
3301931220,"Grantham town, Sullivan County, New Hampshire",2907.0,1354.0,1553.0,2616.0,1227.0,1389.0,88.0,16.0,72.0,147.0,84.0,63.0,56.0,27.0,29.0,0.0,0.0,0.0,019,31220,33
3301975060,"Sunapee town, Sullivan County, New Hampshire",3372.0,1793.0,1579.0,3014.0,1597.0,1417.0,122.0,75.0,47.0,144.0,64.0,80.0,92.0,57.0,35.0,0.0,0.0,0.0,019,75060,33
3301912900,"Claremont city, Sullivan County, New Hampshire",12950.0,6164.0,6786.0,10983.0,5212.0,5771.0,1279.0,663.0,616.0,266.0,144.0,122.0,411.0,134.0,277.0,11.0,11.0,0.0,019,12900,33
330118100,"Brookline town, Hillsborough County, New Hampshire",5110.0,2322.0,2788.0,4690.0,2174.0,2516.0,246.0,84.0,162.0,7.0,7.0,0.0,167.0,57.0,110.0,0.0,0.0,0.0,011,8100,33
3301136180,"Hillsborough town, Hillsborough County, New Hampshire",5864.0,2891.0,2973.0,5367.0,2674.0,2693.0,81.0,15.0,66.0,329.0,152.0,177.0,65.0,50.0,15.0,22.0,0.0,22.0,011,36180,33
3301142260,"Litchfield town, Hillsborough County, New Hampshire",8360.0,4348.0,4012.0,7770.0,4007.0,3763.0,356.0,193.0,163.0,81.0,34.0,47.0,153.0,114.0,39.0,0.0,0.0,0.0,011,42260,33
3301146260,"Mason town, Hillsborough County, New Hampshire",1467.0,735.0,732.0,1347.0,676.0,671.0,75.0,42.0,33.0,4.0,4.0,0.0,37.0,9.0,28.0,4.0,4.0,0.0,011,46260,33
3301147540,"Merrimack town, Hillsborough County, New Hampshire",25343.0,12951.0,12392.0,22718.0,11494.0,11224.0,1172.0,598.0,574.0,370.0,158.0,212.0,738.0,476.0,262.0,345.0,225.0,120.0,011,47540,33
3301149140,"Mont Vernon town, Hillsborough County, New Hampshire",2464.0,1229.0,1235.0,2270.0,1127.0,1143.0,117.0,36.0,81.0,9.0,5.0,4.0,68.0,61.0,7.0,0.0,0.0,0.0,011,49140,33
330111300,"Amherst town, Hillsborough County, New Hampshire",11189.0,5461.0,5728.0,10389.0,5090.0,5299.0,574.0,290.0,284.0,0.0,0.0,0.0,226.0,81.0,145.0,0.0,0.0,0.0,011,1300,33
3301117780,"Deering town, Hillsborough County, New Hampshire",1866.0,997.0,869.0,1671.0,899.0,772.0,118.0,69.0,49.0,17.0,5.0,12.0,45.0,24.0,21.0,15.0,0.0,15.0,011,17780,33
3301133700,"Hancock town, Hillsborough County, New Hampshire",1840.0,905.0,935.0,1610.0,784.0,826.0,159.0,78.0,81.0,18.0,13.0,5.0,53.0,30.0,23.0,0.0,0.0,0.0,011,33700,33
3301148020,"Milford town, Hillsborough County, New Hampshire",15110.0,7382.0,7728.0,13014.0,6339.0,6675.0,1376.0,745.0,631.0,60.0,26.0,34.0,660.0,272.0,388.0,0.0,0.0,0.0,011,48020,33
3301150260,"Nashua city, Hillsborough County, New Hampshire",86552.0,41721.0,44831.0,70318.0,33662.0,36656.0,9116.0,4367.0,4749.0,1181.0,521.0,660.0,5024.0,2613.0,2411.0,913.0,558.0,355.0,011,50260,33
3301131940,"Greenville town, Hillsborough County, New Hampshire",1959.0,953.0,1006.0,1899.0,924.0,975.0,16.0,7.0,9.0,0.0,0.0,0.0,44.0,22.0,22.0,0.0,0.0,0.0,011,31940,33
3301168820,"Sharon town, Hillsborough County, New Hampshire",332.0,162.0,170.0,307.0,151.0,156.0,6.0,3.0,3.0,10.0,5.0,5.0,2.0,1.0,1.0,7.0,2.0,5.0,011,68820,33
3301179780,"Weare town, Hillsborough County, New Hampshire",8855.0,4217.0,4638.0,8303.0,3958.0,4345.0,264.0,107.0,157.0,224.0,115.0,109.0,32.0,18.0,14.0,32.0,19.0,13.0,011,79780,33
3301151940,"New Ipswich town, Hillsborough County, New Hampshire",5162.0,2872.0,2290.0,4936.0,2744.0,2192.0,150.0,81.0,69.0,31.0,17.0,14.0,15.0,15.0,0.0,30.0,15.0,15.0,011,51940,33
330114500,"Bedford town, Hillsborough County, New Hampshire",21709.0,10526.0,11183.0,18959.0,9126.0,9833.0,1830.0,905.0,925.0,225.0,120.0,105.0,554.0,353.0,201.0,141.0,22.0,119.0,011,4500,33
3301131540,"Greenfield town, Hillsborough County, New Hampshire",1745.0,909.0,836.0,1619.0,848.0,771.0,55.0,36.0,19.0,19.0,9.0,10.0,52.0,16.0,36.0,0.0,0.0,0.0,011,31540,33
3301137140,"Hollis town, Hillsborough County, New Hampshire",7686.0,3933.0,3753.0,6913.0,3584.0,3329.0,476.0,175.0,301.0,14.0,0.0,14.0,283.0,174.0,109.0,0.0,0.0,0.0,011,37140,33
3301185220,"Wilton town, Hillsborough County, New Hampshire",3672.0,1926.0,1746.0,3220.0,1670.0,1550.0,382.0,222.0,160.0,0.0,0.0,0.0,58.0,34.0,24.0,12.0,0.0,12.0,011,85220,33
3301185940,"Windsor town, Hillsborough County, New Hampshire",223.0,123.0,100.0,202.0,113.0,89.0,3.0,0.0,3.0,2.0,0.0,2.0,16.0,10.0,6.0,0.0,0.0,0.0,011,85940,33
330111700,"Antrim town, Hillsborough County, New Hampshire",2643.0,1322.0,1321.0,2455.0,1215.0,1240.0,85.0,42.0,43.0,51.0,40.0,11.0,52.0,25.0,27.0,0.0,0.0,0.0,011,1700,33
3301145140,"Manchester city, Hillsborough County, New Hampshire",109122.0,55845.0,53277.0,85792.0,43368.0,42424.0,14283.0,7639.0,6644.0,3868.0,2138.0,1730.0,3921.0,2041.0,1880.0,1258.0,659.0,599.0,011,45140,33
330114900,"Bennington town, Hillsborough County, New Hampshire",1404.0,737.0,667.0,1324.0,693.0,631.0,51.0,30.0,21.0,3.0,0.0,3.0,26.0,14.0,12.0,0.0,0.0,0.0,011,4900,33
3301127140,"Francestown town, Hillsborough County, New Hampshire",1555.0,777.0,778.0,1418.0,706.0,712.0,87.0,52.0,35.0,3.0,0.0,3.0,47.0,19.0,28.0,0.0,0.0,0.0,011,27140,33
3301144580,"Lyndeborough town, Hillsborough County, New Hampshire",1727.0,897.0,830.0,1612.0,844.0,768.0,66.0,27.0,39.0,9.0,6.0,3.0,40.0,20.0,20.0,0.0,0.0,0.0,011,44580,33
3301150740,"New Boston town, Hillsborough County, New Hampshire",5447.0,2701.0,2746.0,4893.0,2452.0,2441.0,276.0,118.0,158.0,231.0,116.0,115.0,47.0,15.0,32.0,0.0,0.0,0.0,011,50740,33
3301129860,"Goffstown town, Hillsborough County, New Hampshire",17661.0,8259.0,9402.0,15267.0,7174.0,8093.0,1198.0,612.0,586.0,287.0,102.0,185.0,862.0,334.0,528.0,47.0,37.0,10.0,011,29860,33
3301160580,"Peterborough town, Hillsborough County, New Hampshire",6439.0,3134.0,3305.0,5405.0,2526.0,2879.0,750.0,444.0,306.0,125.0,84.0,41.0,159.0,80.0,79.0,0.0,0.0,0.0,011,60580,33
3301176260,"Temple town, Hillsborough County, New Hampshire",1403.0,695.0,708.0,1356.0,668.0,688.0,14.0,6.0,8.0,15.0,11.0,4.0,18.0,10.0,8.0,0.0,0.0,0.0,011,76260,33
3301137940,"Hudson town, Hillsborough County, New Hampshire",24629.0,12067.0,12562.0,21869.0,10643.0,11226.0,1547.0,794.0,753.0,256.0,125.0,131.0,938.0,501.0,437.0,19.0,4.0,15.0,011,37940,33
3301159940,"Pelham town, Hillsborough County, New Hampshire",13158.0,6271.0,6887.0,12046.0,5718.0,6328.0,276.0,117.0,159.0,173.0,107.0,66.0,633.0,320.0,313.0,30.0,9.0,21.0,011,59940,33
3301726020,"Farmington town, Strafford County, New Hampshire",6720.0,3636.0,3084.0,5897.0,3177.0,2720.0,587.0,326.0,261.0,116.0,85.0,31.0,77.0,39.0,38.0,43.0,9.0,34.0,017,26020,33
330173460,"Barrington town, Strafford County, New Hampshire",8742.0,4271.0,4471.0,7974.0,3981.0,3993.0,322.0,193.0,129.0,311.0,36.0,275.0,135.0,61.0,74.0,0.0,0.0,0.0,017,3460,33
3301744820,"Madbury town, Strafford County, New Hampshire",1877.0,986.0,891.0,1656.0,868.0,788.0,72.0,39.0,33.0,93.0,51.0,42.0,54.0,26.0,28.0,2.0,2.0,0.0,017,44820,33
3301765540,"Rollinsford town, Strafford County, New Hampshire",2497.0,1214.0,1283.0,2185.0,1061.0,1124.0,169.0,109.0,60.0,41.0,10.0,31.0,102.0,34.0,68.0,0.0,0.0,0.0,017,65540,33
3301718820,"Dover city, Strafford County, New Hampshire",30519.0,14340.0,16179.0,24279.0,11510.0,12769.0,2935.0,1211.0,1724.0,1567.0,646.0,921.0,1387.0,809.0,578.0,351.0,164.0,187.0,017,18820,33
3301719700,"Durham town, Strafford County, New Hampshire",16104.0,7700.0,8404.0,7685.0,3738.0,3947.0,4057.0,2069.0,1988.0,1833.0,819.0,1014.0,2278.0,921.0,1357.0,251.0,153.0,98.0,017,19700,33
3301765140,"Rochester city, Strafford County, New Hampshire",30009.0,15064.0,14945.0,25432.0,12577.0,12855.0,3339.0,1836.0,1503.0,569.0,244.0,325.0,646.0,397.0,249.0,23.0,10.0,13.0,017,65140,33
3301769940,"Somersworth city, Strafford County, New Hampshire",11593.0,5550.0,6043.0,9551.0,4507.0,5044.0,1164.0,568.0,596.0,426.0,280.0,146.0,347.0,144.0,203.0,105.0,51.0,54.0,017,69940,33
3301773860,"Strafford town, Strafford County, New Hampshire",4010.0,2025.0,1985.0,3767.0,1905.0,1862.0,180.0,69.0,111.0,45.0,45.0,0.0,18.0,6.0,12.0,0.0,0.0,0.0,017,73860,33
3301748660,"Milton town, Strafford County, New Hampshire",4551.0,2291.0,2260.0,4256.0,2136.0,2120.0,158.0,87.0,71.0,63.0,32.0,31.0,74.0,36.0,38.0,0.0,0.0,0.0,017,48660,33
3301751220,"New Durham town, Strafford County, New Hampshire",2636.0,1319.0,1317.0,2468.0,1238.0,1230.0,50.0,20.0,30.0,67.0,47.0,20.0,51.0,14.0,37.0,0.0,0.0,0.0,017,51220,33
3301741460,"Lee town, Strafford County, New Hampshire",4373.0,2061.0,2312.0,4123.0,1890.0,2233.0,36.0,22.0,14.0,119.0,55.0,64.0,15.0,14.0,1.0,80.0,80.0,0.0,017,41460,33
3301747700,"Middleton town, Strafford County, New Hampshire",1671.0,833.0,838.0,1435.0,729.0,706.0,169.0,77.0,92.0,28.0,11.0,17.0,39.0,16.0,23.0,0.0,0.0,0.0,017,47700,33
3300716100,"Crawfords purchase, Coos County, New Hampshire",0.0,0.0,0.0,0.0,0.0,0.0,0.0,0.0,0.0,0.0,0.0,0.0,0.0,0.0,0.0,0.0,0.0,0.0,007,16100,33
3300716660,"Cutts grant, Coos County, New Hampshire",0.0,0.0,0.0,0.0,0.0,0.0,0.0,0.0,0.0,0.0,0.0,0.0,0.0,0.0,0.0,0.0,0.0,0.0,007,16660,33
3300725180,"Ervings location, Coos County, New Hampshire",0.0,0.0,0.0,0.0,0.0,0.0,0.0,0.0,0.0,0.0,0.0,0.0,0.0,0.0,0.0,0.0,0.0,0.0,007,25180,33
3300743620,"Low and Burbanks grant, Coos County, New Hampshire",0.0,0.0,0.0,0.0,0.0,0.0,0.0,0.0,0.0,0.0,0.0,0.0,0.0,0.0,0.0,0.0,0.0,0.0,007,43620,33
3300767860,"Sargents purchase, Coos County, New Hampshire",27.0,0.0,27.0,0.0,0.0,0.0,0.0,0.0,0.0,0.0,0.0,0.0,27.0,0.0,27.0,0.0,0.0,0.0,007,67860,33
3300768980,"Shelburne town, Coos County, New Hampshire",345.0,176.0,169.0,315.0,157.0,158.0,19.0,13.0,6.0,2.0,2.0,0.0,9.0,4.0,5.0,0.0,0.0,0.0,007,68980,33
3300773060,"Stark town, Coos County, New Hampshire",512.0,275.0,237.0,468.0,243.0,225.0,18.0,15.0,3.0,0.0,0.0,0.0,26.0,17.0,9.0,0.0,0.0,0.0,007,73060,33
3300773380,"Stewartstown town, Coos County, New Hampshire",799.0,400.0,399.0,675.0,333.0,342.0,45.0,28.0,17.0,71.0,39.0,32.0,1.0,0.0,1.0,7.0,0.0,7.0,007,73380,33
3300774180,"Stratford town, Coos County, New Hampshire",633.0,338.0,295.0,567.0,305.0,262.0,39.0,17.0,22.0,4.0,1.0,3.0,23.0,15.0,8.0,0.0,0.0,0.0,007,74180,33
3300774500,"Success township, Coos County, New Hampshire",0.0,0.0,0.0,0.0,0.0,0.0,0.0,0.0,0.0,0.0,0.0,0.0,0.0,0.0,0.0,0.0,0.0,0.0,007,74500,33
3300761780,"Pittsburg town, Coos County, New Hampshire",815.0,433.0,382.0,713.0,392.0,321.0,63.0,24.0,39.0,29.0,13.0,16.0,10.0,4.0,6.0,0.0,0.0,0.0,007,61780,33
330074100,"Beans grant, Coos County, New Hampshire",0.0,0.0,0.0,0.0,0.0,0.0,0.0,0.0,0.0,0.0,0.0,0.0,0.0,0.0,0.0,0.0,0.0,0.0,007,4100,33
3300710100,"Carroll town, Coos County, New Hampshire",733.0,412.0,321.0,622.0,338.0,284.0,17.0,8.0,9.0,21.0,17.0,4.0,73.0,49.0,24.0,0.0,0.0,0.0,007,10100,33
3300747860,"Milan town, Coos County, New Hampshire",1278.0,664.0,614.0,1169.0,617.0,552.0,58.0,20.0,38.0,22.0,16.0,6.0,29.0,11.0,18.0,0.0,0.0,0.0,007,47860,33
3300730260,"Gorham town, Coos County, New Hampshire",2657.0,1345.0,1312.0,2396.0,1158.0,1238.0,205.0,146.0,59.0,56.0,41.0,15.0,0.0,0.0,0.0,0.0,0.0,0.0,007,30260,33
3300713940,"Columbia town, Coos County, New Hampshire",617.0,323.0,294.0,567.0,285.0,282.0,37.0,25.0,12.0,11.0,11.0,0.0,2.0,2.0,0.0,0.0,0.0,0.0,007,13940,33
3300719300,"Dummer town, Coos County, New Hampshire",293.0,165.0,128.0,278.0,160.0,118.0,12.0,4.0,8.0,1.0,1.0,0.0,2.0,0.0,2.0,0.0,0.0,0.0,007,19300,33
3300746020,"Martins location, Coos County, New Hampshire",0.0,0.0,0.0,0.0,0.0,0.0,0.0,0.0,0.0,0.0,0.0,0.0,0.0,0.0,0.0,0.0,0.0,0.0,007,46020,33
3300761620,"Pinkhams grant, Coos County, New Hampshire",11.0,11.0,0.0,7.0,7.0,0.0,4.0,4.0,0.0,0.0,0.0,0.0,0.0,0.0,0.0,0.0,0.0,0.0,007,61620,33
3300763860,"Randolph town, Coos County, New Hampshire",380.0,198.0,182.0,368.0,195.0,173.0,12.0,3.0,9.0,0.0,0.0,0.0,0.0,0.0,0.0,0.0,0.0,0.0,007,63860,33
3300780740,"Wentworth location, Coos County, New Hampshire",34.0,22.0,12.0,28.0,17.0,11.0,0.0,0.0,0.0,0.0,0.0,0.0,6.0,5.0,1.0,0.0,0.0,0.0,007,80740,33
330072420,"Atkinson and Gilmanton Academy grant, Coos County, New Hampshire",0.0,0.0,0.0,0.0,0.0,0.0,0.0,0.0,0.0,0.0,0.0,0.0,0.0,0.0,0.0,0.0,0.0,0.0,007,2420,33
330075140,"Berlin city, Coos County, New Hampshire",10149.0,5677.0,4472.0,8178.0,4417.0,3761.0,1223.0,661.0,562.0,501.0,406.0,95.0,239.0,192.0,47.0,8.0,1.0,7.0,007,5140,33
3300768500,"Second College grant, Coos County, New Hampshire",0.0,0.0,0.0,0.0,0.0,0.0,0.0,0.0,0.0,0.0,0.0,0.0,0.0,0.0,0.0,0.0,0.0,0.0,007,68500,33
330078420,"Cambridge township, Coos County, New Hampshire",0.0,0.0,0.0,0.0,0.0,0.0,0.0,0.0,0.0,0.0,0.0,0.0,0.0,0.0,0.0,0.0,0.0,0.0,007,8420,33
3300725140,"Errol town, Coos County, New Hampshire",233.0,129.0,104.0,210.0,121.0,89.0,16.0,4.0,12.0,0.0,0.0,0.0,7.0,4.0,3.0,0.0,0.0,0.0,007,25140,33
3300731780,"Greens grant, Coos County, New Hampshire",12.0,12.0,0.0,6.0,6.0,0.0,2.0,2.0,0.0,2.0,2.0,0.0,2.0,2.0,0.0,0.0,0.0,0.0,007,31780,33
3300739940,"Kilkenny township, Coos County, New Hampshire",0.0,0.0,0.0,0.0,0.0,0.0,0.0,0.0,0.0,0.0,0.0,0.0,0.0,0.0,0.0,0.0,0.0,0.0,007,39940,33
3300713220,"Clarksville town, Coos County, New Hampshire",307.0,160.0,147.0,273.0,147.0,126.0,4.0,2.0,2.0,6.0,4.0,2.0,20.0,5.0,15.0,4.0,2.0,2.0,007,13220,33
3300716820,"Dalton town, Coos County, New Hampshire",1005.0,480.0,525.0,838.0,398.0,440.0,49.0,30.0,19.0,34.0,20.0,14.0,84.0,32.0,52.0,0.0,0.0,0.0,007,16820,33
3300784420,"Whitefield town, Coos County, New Hampshire",2168.0,1113.0,1055.0,1816.0,890.0,926.0,242.0,158.0,84.0,54.0,26.0,28.0,51.0,34.0,17.0,5.0,5.0,0.0,007,84420,33
3300378180,"Wakefield town, Carroll County, New Hampshire",4974.0,2584.0,2390.0,4216.0,2164.0,2052.0,270.0,163.0,107.0,373.0,175.0,198.0,115.0,82.0,33.0,0.0,0.0,0.0,003,78180,33
3300386420,"Wolfeboro town, Carroll County, New Hampshire",6213.0,3114.0,3099.0,5550.0,2753.0,2797.0,104.0,57.0,47.0,168.0,83.0,85.0,391.0,221.0,170.0,0.0,0.0,0.0,003,86420,33
33003420,"Albany town, Carroll County, New Hampshire",779.0,393.0,386.0,680.0,326.0,354.0,17.0,11.0,6.0,29.0,16.0,13.0,53.0,40.0,13.0,0.0,0.0,0.0,003,420,33
3300311780,"Chatham town, Carroll County, New Hampshire",332.0,182.0,150.0,274.0,144.0,130.0,29.0,21.0,8.0,1.0,0.0,1.0,26.0,15.0,11.0,2.0,2.0,0.0,003,11780,33
3300327700,"Freedom town, Carroll County, New Hampshire",1314.0,648.0,666.0,1107.0,550.0,557.0,142.0,50.0,92.0,56.0,42.0,14.0,6.0,6.0,0.0,3.0,0.0,3.0,003,27700,33
3300377620,"Tuftonboro town, Carroll County, New Hampshire",2128.0,999.0,1129.0,1990.0,913.0,1077.0,26.0,21.0,5.0,81.0,46.0,35.0,31.0,19.0,12.0,0.0,0.0,0.0,003,77620,33
330033700,"Bartlett town, Carroll County, New Hampshire",2760.0,1414.0,1346.0,2546.0,1303.0,1243.0,121.0,54.0,67.0,45.0,45.0,0.0,48.0,12.0,36.0,0.0,0.0,0.0,003,3700,33
3300334500,"Hart's Location town, Carroll County, New Hampshire",52.0,26.0,26.0,52.0,26.0,26.0,0.0,0.0,0.0,0.0,0.0,0.0,0.0,0.0,0.0,0.0,0.0,0.0,003,34500,33
3300367780,"Sandwich town, Carroll County, New Hampshire",1339.0,653.0,686.0,1137.0,557.0,580.0,100.0,55.0,45.0,33.0,13.0,20.0,69.0,28.0,41.0,0.0,0.0,0.0,003,67780,33
3300332500,"Hale's location, Carroll County, New Hampshire",159.0,79.0,80.0,152.0,75.0,77.0,2.0,2.0,0.0,0.0,0.0,0.0,5.0,2.0,3.0,0.0,0.0,0.0,003,32500,33
3300338260,"Jackson town, Carroll County, New Hampshire",957.0,445.0,512.0,893.0,417.0,476.0,24.0,8.0,16.0,12.0,12.0,0.0,28.0,8.0,20.0,0.0,0.0,0.0,003,38260,33
3300349380,"Moultonborough town, Carroll County, New Hampshire",4049.0,1989.0,2060.0,3650.0,1772.0,1878.0,203.0,129.0,74.0,158.0,63.0,95.0,29.0,16.0,13.0,9.0,9.0,0.0,003,49380,33
3300376100,"Tamworth town, Carroll County, New Hampshire",2917.0,1548.0,1369.0,2627.0,1331.0,1296.0,211.0,172.0,39.0,61.0,27.0,34.0,18.0,18.0,0.0,0.0,0.0,0.0,003,76100,33
3300323620,"Effingham town, Carroll County, New Hampshire",1430.0,701.0,729.0,1261.0,614.0,647.0,129.0,74.0,55.0,12.0,3.0,9.0,28.0,10.0,18.0,0.0,0.0,0.0,003,23620,33
3300323380,"Eaton town, Carroll County, New Hampshire",318.0,152.0,166.0,293.0,135.0,158.0,14.0,6.0,8.0,7.0,7.0,0.0,4.0,4.0,0.0,0.0,0.0,0.0,003,23380,33
3300345060,"Madison town, Carroll County, New Hampshire",2490.0,1231.0,1259.0,2142.0,1046.0,1096.0,219.0,112.0,107.0,26.0,19.0,7.0,103.0,54.0,49.0,0.0,0.0,0.0,003,45060,33
3300358740,"Ossipee town, Carroll County, New Hampshire",4262.0,2048.0,2214.0,3699.0,1832.0,1867.0,160.0,31.0,129.0,184.0,104.0,80.0,184.0,62.0,122.0,35.0,19.0,16.0,003,58740,33
330037940,"Brookfield town, Carroll County, New Hampshire",876.0,471.0,405.0,727.0,375.0,352.0,118.0,76.0,42.0,0.0,0.0,0.0,31.0,20.0,11.0,0.0,0.0,0.0,003,7940,33
3300314660,"Conway town, Carroll County, New Hampshire",9912.0,4949.0,4963.0,8335.0,4273.0,4062.0,995.0,412.0,583.0,173.0,82.0,91.0,401.0,174.0,227.0,8.0,8.0,0.0,003,14660,33
3300718420,"Dixville township, Coos County, New Hampshire",12.0,9.0,3.0,5.0,4.0,1.0,1.0,1.0,0.0,0.0,0.0,0.0,6.0,4.0,2.0,0.0,0.0,0.0,007,18420,33
3300732420,"Hadleys purchase, Coos County, New Hampshire",0.0,0.0,0.0,0.0,0.0,0.0,0.0,0.0,0.0,0.0,0.0,0.0,0.0,0.0,0.0,0.0,0.0,0.0,007,32420,33
3300740420,"Lancaster town, Coos County, New Hampshire",3341.0,1678.0,1663.0,3027.0,1523.0,1504.0,150.0,49.0,101.0,28.0,9.0,19.0,136.0,97.0,39.0,0.0,0.0,0.0,007,40420,33
3300756100,"Northumberland town, Coos County, New Hampshire",2347.0,1210.0,1137.0,2082.0,1081.0,1001.0,190.0,90.0,100.0,0.0,0.0,0.0,75.0,39.0,36.0,0.0,0.0,0.0,007,56100,33
330074260,"Beans purchase, Coos County, New Hampshire",0.0,0.0,0.0,0.0,0.0,0.0,0.0,0.0,0.0,0.0,0.0,0.0,0.0,0.0,0.0,0.0,0.0,0.0,007,4260,33
3300711220,"Chandlers purchase, Coos County, New Hampshire",0.0,0.0,0.0,0.0,0.0,0.0,0.0,0.0,0.0,0.0,0.0,0.0,0.0,0.0,0.0,0.0,0.0,0.0,007,11220,33
3300713780,"Colebrook town, Coos County, New Hampshire",2166.0,1065.0,1101.0,2023.0,980.0,1043.0,82.0,48.0,34.0,38.0,33.0,5.0,23.0,4.0,19.0,0.0,0.0,0.0,007,13780,33
3300718340,"Dixs grant, Coos County, New Hampshire",0.0,0.0,0.0,0.0,0.0,0.0,0.0,0.0,0.0,0.0,0.0,0.0,0.0,0.0,0.0,0.0,0.0,0.0,007,18340,33
3300748260,"Millsfield township, Coos County, New Hampshire",12.0,8.0,4.0,12.0,8.0,4.0,0.0,0.0,0.0,0.0,0.0,0.0,0.0,0.0,0.0,0.0,0.0,0.0,007,48260,33
3300757860,"Odell township, Coos County, New Hampshire",0.0,0.0,0.0,0.0,0.0,0.0,0.0,0.0,0.0,0.0,0.0,0.0,0.0,0.0,0.0,0.0,0.0,0.0,007,57860,33
3300776580,"Thompson and Meserves purchase, Coos County, New Hampshire",9.0,4.0,5.0,9.0,4.0,5.0,0.0,0.0,0.0,0.0,0.0,0.0,0.0,0.0,0.0,0.0,0.0,0.0,007,76580,33
3300738820,"Jefferson town, Coos County, New Hampshire",994.0,481.0,513.0,932.0,438.0,494.0,32.0,29.0,3.0,23.0,10.0,13.0,7.0,4.0,3.0,0.0,0.0,0.0,007,38820,33
