geoid,name,total_households,total_with_computer,dialup_internet,broadband_internet,computer_no_internet,total_no_computer,county,county subdivision,state,total_with_internet,total_no_internet
0803991190,"Elizabeth CCD, Elbert County, Colorado",8007.0,7683.0,48.0,7149.0,486.0,324.0,039,91190,08,7197.0,810.0
0803990019,"Agate CCD, Elbert County, Colorado",235.0,220.0,3.0,210.0,7.0,15.0,039,90019,08,213.0,22.0
0807191976,"Kim CCD, Las Animas County, Colorado",151.0,131.0,0.0,120.0,11.0,20.0,071,91976,08,120.0,31.0
0803993325,"Simla CCD, Elbert County, Colorado",624.0,483.0,4.0,432.0,47.0,141.0,039,93325,08,436.0,188.0
0807192508,"Model CCD, Las Animas County, Colorado",59.0,50.0,0.0,34.0,16.0,9.0,071,92508,08,34.0,25.0
0807190361,"Branson CCD, Las Animas County, Colorado",94.0,79.0,0.0,62.0,17.0,15.0,071,90361,08,62.0,32.0
0807190038,"Aguilar CCD, Las Animas County, Colorado",434.0,338.0,0.0,252.0,86.0,96.0,071,90038,08,252.0,182.0
0807193838,"Weston CCD, Las Animas County, Colorado",605.0,417.0,9.0,367.0,41.0,188.0,071,93838,08,376.0,229.0
0807193648,"Trinidad CCD, Las Animas County, Colorado",4984.0,3828.0,88.0,3237.0,503.0,1156.0,071,93648,08,3325.0,1659.0
0812593952,"Yuma CCD, Yuma County, Colorado",2228.0,1646.0,35.0,1376.0,235.0,582.0,125,93952,08,1411.0,817.0
0812593914,"Wray CCD, Yuma County, Colorado",1495.0,1272.0,14.0,1088.0,170.0,223.0,125,93914,08,1102.0,393.0
0807391824,"Hugo CCD, Lincoln County, Colorado",376.0,312.0,11.0,270.0,31.0,64.0,073,91824,08,281.0,95.0
0810793933,"Yampa CCD, Routt County, Colorado",322.0,284.0,0.0,273.0,11.0,38.0,107,93933,08,273.0,49.0
0810791729,"Hayden CCD, Routt County, Colorado",1037.0,880.0,20.0,736.0,124.0,157.0,107,91729,08,756.0,281.0
0810793496,"Steamboat Springs CCD, Routt County, Colorado",6659.0,6332.0,6.0,6085.0,241.0,327.0,107,93496,08,6091.0,568.0
0810792717,"Oak Creek CCD, Routt County, Colorado",1460.0,1338.0,7.0,1278.0,53.0,122.0,107,92717,08,1285.0,175.0
0811793287,"Silverthorne CCD, Summit County, Colorado",3717.0,3594.0,42.0,2985.0,567.0,123.0,117,93287,08,3027.0,690.0
0811790380,"Breckenridge CCD, Summit County, Colorado",5738.0,5535.0,10.0,4764.0,761.0,203.0,117,90380,08,4774.0,964.0
0807390133,"Arriba CCD, Lincoln County, Colorado",166.0,123.0,1.0,83.0,39.0,43.0,073,90133,08,84.0,82.0
0807391919,"Karval CCD, Lincoln County, Colorado",171.0,129.0,6.0,118.0,5.0,42.0,073,91919,08,124.0,47.0
0807392261,"Limon CCD, Lincoln County, Colorado",764.0,685.0,15.0,630.0,40.0,79.0,073,92261,08,645.0,119.0
0801991843,"Idaho Springs CCD, Clear Creek County, Colorado",3097.0,2994.0,65.0,2634.0,295.0,103.0,019,91843,08,2699.0,398.0
0801991463,"Georgetown CCD, Clear Creek County, Colorado",1277.0,1082.0,1.0,908.0,173.0,195.0,019,91463,08,909.0,368.0
0800392584,"Mosca-Hooper CCD, Alamosa County, Colorado",429.0,329.0,4.0,240.0,85.0,100.0,003,92584,08,244.0,185.0
0800390076,"Alamosa CCD, Alamosa County, Colorado",5620.0,4600.0,69.0,3770.0,761.0,1020.0,003,90076,08,3839.0,1781.0
0802990988,"Delta CCD, Delta County, Colorado",5279.0,4218.0,84.0,3606.0,528.0,1061.0,029,90988,08,3690.0,1589.0
0802992831,"Paonia CCD, Delta County, Colorado",1490.0,1233.0,13.0,1053.0,167.0,257.0,029,92831,08,1066.0,424.0
0802990532,"Cedaredge CCD, Delta County, Colorado",3433.0,2847.0,64.0,2424.0,359.0,586.0,029,90532,08,2488.0,945.0
0802991786,"Hotchkiss CCD, Delta County, Colorado",1917.0,1668.0,18.0,1353.0,297.0,249.0,029,91786,08,1371.0,546.0
0804390836,"Cotopaxi CCD, Fremont County, Colorado",1708.0,1398.0,5.0,1288.0,105.0,310.0,043,90836,08,1293.0,415.0
0804392888,"Penrose-Portland CCD, Fremont County, Colorado",1634.0,1481.0,19.0,1296.0,166.0,153.0,043,92888,08,1315.0,319.0
0804391311,"Florence CCD, Fremont County, Colorado",2638.0,2206.0,0.0,2004.0,202.0,432.0,043,91311,08,2004.0,634.0
0810192983,"Pueblo CCD, Pueblo County, Colorado",45707.0,37092.0,416.0,29756.0,6920.0,8615.0,101,92983,08,30172.0,15535.0
0810190722,"Colorado City-Rye CCD, Pueblo County, Colorado",1750.0,1523.0,32.0,1298.0,193.0,227.0,101,90722,08,1330.0,420.0
0810191805,"Huerfano Valley CCD, Pueblo County, Colorado",319.0,253.0,14.0,161.0,78.0,66.0,101,91805,08,175.0,144.0
0810193154,"St. Charles Mesa CCD, Pueblo County, Colorado",3245.0,2724.0,4.0,2453.0,267.0,521.0,101,93154,08,2457.0,788.0
0810193002,"Pueblo West CCD, Pueblo County, Colorado",11303.0,10761.0,162.0,9502.0,1097.0,542.0,101,93002,08,9664.0,1639.0
0810190209,"Avondale CCD, Pueblo County, Colorado",964.0,819.0,9.0,711.0,99.0,145.0,101,90209,08,720.0,244.0
0810192660,"Northeast Pueblo CCD, Pueblo County, Colorado",201.0,160.0,1.0,133.0,26.0,41.0,101,92660,08,134.0,67.0
0808592546,"Montrose CCD, Montrose County, Colorado",13216.0,11195.0,81.0,9749.0,1365.0,2021.0,085,92546,08,9830.0,3386.0
0808592698,"Nucla CCD, Montrose County, Colorado",1072.0,899.0,49.0,687.0,163.0,173.0,085,92698,08,736.0,336.0
0808592736,"Olathe CCD, Montrose County, Colorado",2663.0,1941.0,57.0,1733.0,151.0,722.0,085,92736,08,1790.0,873.0
0808793781,"Weldona CCD, Morgan County, Colorado",370.0,331.0,2.0,282.0,47.0,39.0,087,93781,08,284.0,86.0
0808790418,"Brush CCD, Morgan County, Colorado",3072.0,2499.0,29.0,2147.0,323.0,573.0,087,90418,08,2176.0,896.0
0808791368,"Fort Morgan CCD, Morgan County, Colorado",6034.0,4980.0,22.0,4531.0,427.0,1054.0,087,91368,08,4553.0,1481.0
0808793876,"Wiggins CCD, Morgan County, Colorado",1123.0,1003.0,27.0,891.0,85.0,120.0,087,93876,08,918.0,205.0
0809391254,"Fairplay CCD, Park County, Colorado",6156.0,5737.0,35.0,5110.0,592.0,419.0,093,91254,08,5145.0,1011.0
0809392128,"Lake George CCD, Park County, Colorado",1233.0,1003.0,0.0,914.0,89.0,230.0,093,92128,08,914.0,319.0
0810990551,"Center CCD, Saguache County, Colorado",1024.0,793.0,12.0,706.0,75.0,231.0,109,90551,08,718.0,306.0
0810990684,"Cochetopa CCD, Saguache County, Colorado",78.0,78.0,0.0,78.0,0.0,0.0,109,90684,08,78.0,0.0
0810993135,"Saguache CCD, Saguache County, Colorado",1524.0,1308.0,14.0,973.0,321.0,216.0,109,93135,08,987.0,537.0
0807791425,"Fruita CCD, Mesa County, Colorado",9586.0,8841.0,97.0,8358.0,386.0,745.0,077,91425,08,8455.0,1131.0
0807790665,"Clifton CCD, Mesa County, Colorado",11305.0,10178.0,129.0,9158.0,891.0,1127.0,077,90665,08,9287.0,2018.0
0807791596,"Grand Junction CCD, Mesa County, Colorado",36341.0,32130.0,249.0,29483.0,2398.0,4211.0,077,91596,08,29732.0,6609.0
0807790950,"De Beque CCD, Mesa County, Colorado",322.0,280.0,5.0,231.0,44.0,42.0,077,90950,08,236.0,86.0
0807790703,"Collbran CCD, Mesa County, Colorado",809.0,670.0,6.0,599.0,65.0,139.0,077,90703,08,605.0,204.0
0807791501,"Glade Park-Gateway CCD, Mesa County, Colorado",1008.0,965.0,35.0,891.0,39.0,43.0,077,91501,08,926.0,82.0
0809991558,"Granada CCD, Prowers County, Colorado",291.0,214.0,0.0,186.0,28.0,77.0,099,91558,08,186.0,105.0
0809992147,"Lamar CCD, Prowers County, Colorado",4011.0,3296.0,0.0,2991.0,305.0,715.0,099,92147,08,2991.0,1020.0
0809993667,"Two Butte Creek CCD, Prowers County, Colorado",87.0,71.0,0.0,69.0,2.0,16.0,099,93667,08,69.0,18.0
0804191387,"Fountain CCD, El Paso County, Colorado",25886.0,24351.0,130.0,23045.0,1176.0,1535.0,041,91387,08,23175.0,2711.0
0809991748,"Holly CCD, Prowers County, Colorado",524.0,428.0,3.0,388.0,37.0,96.0,099,91748,08,391.0,133.0
0805392109,"Lake City CCD, Hinsdale County, Colorado",368.0,330.0,3.0,250.0,77.0,38.0,053,92109,08,253.0,115.0
0804191197,"Elsmere CCD, El Paso County, Colorado",23720.0,23190.0,99.0,22433.0,658.0,530.0,041,91197,08,22532.0,1188.0
0804192907,"Pikes Peak CCD, El Paso County, Colorado",1586.0,1488.0,11.0,1370.0,107.0,98.0,041,92907,08,1381.0,205.0
0804190627,"Cheyenne Mountain CCD, El Paso County, Colorado",4005.0,3812.0,67.0,3541.0,204.0,193.0,041,90627,08,3608.0,397.0
0812190798,"Cope CCD, Washington County, Colorado",229.0,193.0,3.0,178.0,12.0,36.0,121,90798,08,181.0,48.0
0804193420,"Southeastern El Paso CCD, El Paso County, Colorado",5281.0,4941.0,69.0,4470.0,402.0,340.0,041,93420,08,4539.0,742.0
0804190304,"Black Forest-Peyton CCD, El Paso County, Colorado",26082.0,25122.0,170.0,24027.0,925.0,960.0,041,90304,08,24197.0,1885.0
0804190741,"Colorado Springs CCD, El Paso County, Colorado",156923.0,143804.0,941.0,133623.0,9240.0,13119.0,041,90741,08,134564.0,22359.0
0804192565,"Monument CCD, El Paso County, Colorado",6262.0,5972.0,14.0,5650.0,308.0,290.0,041,92565,08,5664.0,598.0
0812190057,"Akron CCD, Washington County, Colorado",1149.0,978.0,11.0,814.0,153.0,171.0,121,90057,08,825.0,324.0
0812192774,"Otis CCD, Washington County, Colorado",430.0,364.0,5.0,327.0,32.0,66.0,121,92774,08,332.0,98.0
0804991577,"Granby CCD, Grand County, Colorado",4564.0,4205.0,0.0,4084.0,121.0,359.0,049,91577,08,4084.0,480.0
0804992033,"Kremmling CCD, Grand County, Colorado",1160.0,947.0,5.0,838.0,104.0,213.0,049,92033,08,843.0,317.0
0800591178,"East Arapahoe CCD, Arapahoe County, Colorado",9996.0,9638.0,35.0,8919.0,684.0,358.0,005,91178,08,8954.0,1042.0
0800593458,"Southwest Arapahoe CCD, Arapahoe County, Colorado",83851.0,79003.0,528.0,73717.0,4758.0,4848.0,005,93458,08,74245.0,9606.0
0800593382,"South Aurora CCD, Arapahoe County, Colorado",141416.0,132467.0,1202.0,119724.0,11541.0,8949.0,005,93382,08,120926.0,20490.0
0808991406,"Fowler CCD, Otero County, Colorado",644.0,511.0,0.0,475.0,36.0,133.0,089,91406,08,475.0,169.0
0808993116,"Rocky Ford CCD, Otero County, Colorado",2223.0,1774.0,7.0,1442.0,325.0,449.0,089,93116,08,1449.0,774.0
0808992413,"Manzanola CCD, Otero County, Colorado",390.0,307.0,10.0,243.0,54.0,83.0,089,92413,08,253.0,137.0
0808990608,"Cheraw CCD, Otero County, Colorado",680.0,598.0,3.0,508.0,87.0,82.0,089,90608,08,511.0,169.0
0802193825,"West Conejos CCD, Conejos County, Colorado",214.0,130.0,6.0,106.0,18.0,84.0,021,93825,08,112.0,102.0
0811393844,"West San Miguel CCD, San Miguel County, Colorado",108.0,89.0,0.0,64.0,25.0,19.0,113,93844,08,64.0,44.0
0808992090,"La Junta CCD, Otero County, Colorado",3504.0,2988.0,0.0,2641.0,347.0,516.0,089,92090,08,2641.0,863.0
0808993629,"Timpas CCD, Otero County, Colorado",49.0,31.0,5.0,23.0,3.0,18.0,089,93629,08,28.0,21.0
0804390494,"Cañon City CCD, Fremont County, Colorado",10782.0,9261.0,188.0,8034.0,1039.0,1521.0,043,90494,08,8222.0,2560.0
0804593832,"West Garfield CCD, Garfield County, Colorado",2686.0,2465.0,4.0,2281.0,180.0,221.0,045,93832,08,2285.0,401.0
0811593450,"South Sedgwick CCD, Sedgwick County, Colorado",151.0,113.0,0.0,91.0,22.0,38.0,115,93450,08,91.0,60.0
0812193905,"Woodlin CCD, Washington County, Colorado",204.0,168.0,8.0,148.0,12.0,36.0,121,93905,08,156.0,48.0
0801193388,"South Bent CCD, Bent County, Colorado",86.0,66.0,0.0,65.0,1.0,20.0,011,93388,08,65.0,21.0
0812591850,"Idalia-Joes CCD, Yuma County, Colorado",330.0,281.0,2.0,253.0,26.0,49.0,125,91850,08,255.0,75.0
0807793857,"Whitewater-Kannah Creek CCD, Mesa County, Colorado",1191.0,1019.0,0.0,959.0,60.0,172.0,077,93857,08,959.0,232.0
0801490408,"Broomfield CCD, Broomfield County, Colorado",25938.0,24915.0,90.0,23585.0,1240.0,1023.0,014,90408,08,23675.0,2263.0
0810393040,"Rangely CCD, Rio Blanco County, Colorado",918.0,799.0,11.0,716.0,72.0,119.0,103,93040,08,727.0,191.0
0811591900,"Julesburg CCD, Sedgwick County, Colorado",847.0,683.0,26.0,544.0,113.0,164.0,115,91900,08,570.0,277.0
0809192793,"Ouray CCD, Ouray County, Colorado",2204.0,2035.0,29.0,1794.0,212.0,169.0,091,92793,08,1823.0,381.0
0810392451,"Meeker CCD, Rio Blanco County, Colorado",1499.0,1243.0,5.0,1016.0,222.0,256.0,103,92451,08,1021.0,478.0
0812391349,"Fort Lupton CCD, Weld County, Colorado",4027.0,3460.0,71.0,2845.0,544.0,567.0,123,91349,08,2916.0,1111.0
0812391881,"Johnstown-Milliken CCD, Weld County, Colorado",10840.0,10370.0,36.0,9577.0,757.0,470.0,123,91881,08,9613.0,1227.0
0812391634,"Greeley CCD, Weld County, Colorado",46434.0,41115.0,315.0,35623.0,5177.0,5319.0,123,91634,08,35938.0,10496.0
0812390190,"Ault CCD, Weld County, Colorado",2791.0,2470.0,29.0,2158.0,283.0,321.0,123,90190,08,2187.0,604.0
0812391216,"Erie-Frederick CCD, Weld County, Colorado",16168.0,15535.0,141.0,14400.0,994.0,633.0,123,91216,08,14541.0,1627.0
0812391653,"Grover CCD, Weld County, Colorado",265.0,199.0,3.0,180.0,16.0,66.0,123,91653,08,183.0,82.0
0812393059,"Raymer CCD, Weld County, Colorado",271.0,236.0,2.0,207.0,27.0,35.0,123,93059,08,209.0,62.0
0812391938,"Keenesburg-Hudson CCD, Weld County, Colorado",4801.0,4197.0,26.0,3717.0,454.0,604.0,123,91938,08,3743.0,1058.0
0812391957,"Kersey-Gill CCD, Weld County, Colorado",2361.0,2036.0,13.0,1781.0,242.0,325.0,123,91957,08,1794.0,567.0
0812392166,"La Salle-Gilcrest CCD, Weld County, Colorado",1848.0,1598.0,20.0,1324.0,254.0,250.0,123,92166,08,1344.0,504.0
0812392926,"Platteville CCD, Weld County, Colorado",1492.0,1392.0,26.0,1160.0,206.0,100.0,123,92926,08,1186.0,306.0
0802192071,"La Jara CCD, Conejos County, Colorado",1337.0,1036.0,11.0,926.0,99.0,301.0,021,92071,08,937.0,400.0
0812393895,"Windsor CCD, Weld County, Colorado",8519.0,7944.0,62.0,7334.0,548.0,575.0,123,93895,08,7396.0,1123.0
0802192375,"Manassa CCD, Conejos County, Colorado",690.0,466.0,8.0,417.0,41.0,224.0,021,92375,08,425.0,265.0
0802190095,"Antonito CCD, Conejos County, Colorado",751.0,434.0,13.0,355.0,66.0,317.0,021,90095,08,368.0,383.0
0802793819,"Westcliffe CCD, Custer County, Colorado",2093.0,1865.0,10.0,1584.0,271.0,228.0,027,93819,08,1594.0,499.0
0802393192,"San Luis CCD, Costilla County, Colorado",833.0,442.0,0.0,352.0,90.0,391.0,023,93192,08,352.0,481.0
0802390323,"Blanca CCD, Costilla County, Colorado",735.0,528.0,17.0,453.0,58.0,207.0,023,90323,08,470.0,265.0
0800192622,"North Aurora CCD, Adams County, Colorado",13952.0,11860.0,171.0,9253.0,2436.0,2092.0,001,92622,08,9424.0,4528.0
0800190399,"Brighton CCD, Adams County, Colorado",29775.0,28260.0,127.0,25508.0,2625.0,1515.0,001,90399,08,25635.0,4140.0
0800191159,"East Adams CCD, Adams County, Colorado",3330.0,3051.0,23.0,2791.0,237.0,279.0,001,91159,08,2814.0,516.0
0800190760,"Commerce City CCD, Adams County, Colorado",9091.0,7278.0,43.0,5598.0,1637.0,1813.0,001,90760,08,5641.0,3450.0
0800193800,"West Adams CCD, Adams County, Colorado",106360.0,97704.0,561.0,85852.0,11291.0,8656.0,001,93800,08,86413.0,19947.0
0803590513,"Castle Rock CCD, Douglas County, Colorado",16900.0,16258.0,123.0,15719.0,416.0,642.0,035,90513,08,15842.0,1058.0
0803593249,"Sedalia CCD, Douglas County, Colorado",55091.0,54075.0,129.0,52182.0,1764.0,1016.0,035,93249,08,52311.0,2780.0
0803592850,"Parker CCD, Douglas County, Colorado",41808.0,40927.0,179.0,39510.0,1238.0,881.0,035,92850,08,39689.0,2119.0
0806592242,"Leadville North CCD, Lake County, Colorado",354.0,288.0,0.0,261.0,27.0,66.0,065,92242,08,261.0,93.0
0803792489,"Minturn-Red Cliff CCD, Eagle County, Colorado",8735.0,8311.0,14.0,7505.0,792.0,424.0,037,92489,08,7519.0,1216.0
0803790247,"Basalt CCD, Eagle County, Colorado",3072.0,3008.0,27.0,2808.0,173.0,64.0,037,90247,08,2835.0,237.0
0803791140,"Eagle-Gypsum CCD, Eagle County, Colorado",5958.0,5637.0,87.0,5076.0,474.0,321.0,037,91140,08,5163.0,795.0
0806592223,"Leadville CCD, Lake County, Colorado",2970.0,2603.0,29.0,2259.0,315.0,367.0,065,92223,08,2288.0,682.0
0806791862,"Ignacio CCD, La Plata County, Colorado",2288.0,1876.0,28.0,1384.0,464.0,412.0,067,91862,08,1412.0,876.0
0806790266,"Bayfield CCD, La Plata County, Colorado",3837.0,3493.0,101.0,2882.0,510.0,344.0,067,90266,08,2983.0,854.0
0806791083,"Durango CCD, La Plata County, Colorado",13462.0,12294.0,87.0,10887.0,1320.0,1168.0,067,91083,08,10974.0,2488.0
0808191017,"Dinosaur CCD, Moffat County, Colorado",143.0,106.0,0.0,86.0,20.0,37.0,081,91017,08,86.0,57.0
0806791102,"Durango Southwest CCD, La Plata County, Colorado",2231.0,1926.0,30.0,1594.0,302.0,305.0,067,91102,08,1624.0,607.0
0808192432,"Maybell-Powder Wash CCD, Moffat County, Colorado",91.0,62.0,0.0,55.0,7.0,29.0,081,92432,08,55.0,36.0
0808190855,"Craig CCD, Moffat County, Colorado",4869.0,4222.0,30.0,3730.0,462.0,647.0,081,90855,08,3760.0,1109.0
0809790171,"Aspen CCD, Pitkin County, Colorado",4321.0,4097.0,83.0,3771.0,243.0,224.0,097,90171,08,3854.0,467.0
0809793344,"Snowmass Village CCD, Pitkin County, Colorado",3019.0,2854.0,40.0,2671.0,143.0,165.0,097,93344,08,2711.0,308.0
0810592527,"Monte Vista CCD, Rio Grande County, Colorado",2508.0,1777.0,6.0,1554.0,217.0,731.0,105,92527,08,1560.0,948.0
0801790646,"Cheyenne Wells CCD, Cheyenne County, Colorado",572.0,468.0,5.0,436.0,27.0,104.0,017,90646,08,441.0,131.0
0810593230,"Sargent CCD, Rio Grande County, Colorado",492.0,379.0,4.0,309.0,66.0,113.0,105,93230,08,313.0,179.0
0810590969,"Del Norte CCD, Rio Grande County, Colorado",1750.0,1388.0,46.0,1102.0,240.0,362.0,105,90969,08,1148.0,602.0
0801792014,"Kit Carson CCD, Cheyenne County, Colorado",204.0,178.0,4.0,148.0,26.0,26.0,017,92014,08,152.0,52.0
0801192185,"Las Animas CCD, Bent County, Colorado",1297.0,1003.0,21.0,869.0,113.0,294.0,011,92185,08,890.0,407.0
0801192356,"McClave CCD, Bent County, Colorado",377.0,337.0,4.0,304.0,29.0,40.0,011,92356,08,308.0,69.0
0802592755,"Ordway CCD, Crowley County, Colorado",978.0,814.0,20.0,723.0,71.0,164.0,025,92755,08,743.0,235.0
0802593553,"Sugar City CCD, Crowley County, Colorado",237.0,215.0,0.0,198.0,17.0,22.0,025,93553,08,198.0,39.0
0803393078,"Rico CCD, Dolores County, Colorado",125.0,97.0,3.0,85.0,9.0,28.0,033,93078,08,88.0,37.0
0803391064,"Dove Creek CCD, Dolores County, Colorado",582.0,473.0,21.0,366.0,86.0,109.0,033,91064,08,387.0,195.0
0811193306,"Silverton CCD, San Juan County, Colorado",255.0,226.0,7.0,201.0,18.0,29.0,111,93306,08,208.0,47.0
0805793724,"Walden CCD, Jackson County, Colorado",597.0,496.0,4.0,423.0,69.0,101.0,057,93724,08,427.0,170.0
0806992299,"Livermore CCD, Larimer County, Colorado",1913.0,1738.0,50.0,1492.0,196.0,175.0,069,92299,08,1542.0,371.0
0806993610,"Timnath-Wellington CCD, Larimer County, Colorado",8267.0,8042.0,91.0,7318.0,633.0,225.0,069,93610,08,7409.0,858.0
0806990285,"Berthoud CCD, Larimer County, Colorado",4983.0,4698.0,28.0,4272.0,398.0,285.0,069,90285,08,4300.0,683.0
0806992337,"Loveland CCD, Larimer County, Colorado",42924.0,40446.0,309.0,36712.0,3425.0,2478.0,069,92337,08,37021.0,5903.0
0806991235,"Estes Park CCD, Larimer County, Colorado",5443.0,5076.0,56.0,4424.0,596.0,367.0,069,91235,08,4480.0,963.0
0806991330,"Fort Collins CCD, Larimer County, Colorado",66972.0,63408.0,365.0,58468.0,4575.0,3564.0,069,91330,08,58833.0,8139.0
0807590931,"Crook CCD, Logan County, Colorado",323.0,298.0,14.0,272.0,12.0,25.0,075,90931,08,286.0,37.0
0807592470,"Merino CCD, Logan County, Colorado",365.0,298.0,3.0,256.0,39.0,67.0,075,92470,08,259.0,106.0
0807591292,"Fleming CCD, Logan County, Colorado",626.0,588.0,9.0,546.0,33.0,38.0,075,91292,08,555.0,71.0
0807592869,"Peetz CCD, Logan County, Colorado",165.0,137.0,4.0,123.0,10.0,28.0,075,92869,08,127.0,38.0
0807593515,"Sterling CCD, Logan County, Colorado",6672.0,5534.0,57.0,4961.0,516.0,1138.0,075,93515,08,5018.0,1654.0
0808392394,"Mancos CCD, Montezuma County, Colorado",1483.0,1329.0,0.0,1041.0,288.0,154.0,083,92394,08,1041.0,442.0
0808393705,"Ute Mountain CCD, Montezuma County, Colorado",539.0,393.0,2.0,167.0,224.0,146.0,083,93705,08,169.0,370.0
0808390817,"Cortez CCD, Montezuma County, Colorado",6926.0,5738.0,98.0,4641.0,999.0,1188.0,083,90817,08,4739.0,2187.0
0808391045,"Dolores CCD, Montezuma County, Colorado",1357.0,1238.0,10.0,1072.0,156.0,119.0,083,91045,08,1082.0,275.0
0808392945,"Pleasant View CCD, Montezuma County, Colorado",215.0,170.0,0.0,144.0,26.0,45.0,083,92945,08,144.0,71.0
0811392679,"Norwood CCD, San Miguel County, Colorado",637.0,585.0,23.0,477.0,85.0,52.0,113,92679,08,500.0,137.0
0811393591,"Telluride CCD, San Miguel County, Colorado",2556.0,2433.0,5.0,2073.0,355.0,123.0,113,93591,08,2078.0,478.0
0811990912,"Cripple Creek CCD, Teller County, Colorado",1440.0,1228.0,12.0,1042.0,174.0,212.0,119,90912,08,1054.0,386.0
0811991026,"Divide CCD, Teller County, Colorado",8636.0,8168.0,103.0,7648.0,417.0,468.0,119,91026,08,7751.0,885.0
0801393686,"Upper St. Vrain CCD, Boulder County, Colorado",442.0,389.0,0.0,343.0,46.0,53.0,013,93686,08,343.0,99.0
0801390342,"Boulder CCD, Boulder County, Colorado",50445.0,48764.0,128.0,45131.0,3505.0,1681.0,013,90342,08,45259.0,5186.0
0801392318,"Longmont CCD, Boulder County, Colorado",40741.0,37786.0,191.0,34577.0,3018.0,2955.0,013,92318,08,34768.0,5973.0
0801392052,"Lafayette-Louisville CCD, Boulder County, Colorado",28088.0,27121.0,143.0,25618.0,1360.0,967.0,013,92052,08,25761.0,2327.0
0801390228,"Bald Mountain CCD, Boulder County, Colorado",5310.0,5128.0,33.0,4667.0,428.0,182.0,013,90228,08,4700.0,610.0
0800792812,"Pagosa Springs CCD, Archuleta County, Colorado",5198.0,4678.0,60.0,4112.0,506.0,520.0,007,92812,08,4172.0,1026.0
0800790114,"Arboles CCD, Archuleta County, Colorado",355.0,293.0,3.0,267.0,23.0,62.0,007,90114,08,270.0,85.0
0809591767,"Holyoke CCD, Phillips County, Colorado",1161.0,1045.0,0.0,893.0,152.0,116.0,095,91767,08,893.0,268.0
0809591710,"Haxtun CCD, Phillips County, Colorado",535.0,467.0,21.0,418.0,28.0,68.0,095,91710,08,439.0,96.0
0803191007,"Denver CCD, Denver County, Colorado",287262.0,259036.0,1462.0,232171.0,25403.0,28226.0,031,91007,08,233633.0,53629.0
0806191691,"Haswell CCD, Kiowa County, Colorado",43.0,35.0,0.0,29.0,6.0,8.0,061,91691,08,29.0,14.0
0806193268,"Sheridan Lake CCD, Kiowa County, Colorado",141.0,126.0,0.0,115.0,11.0,15.0,061,93268,08,115.0,26.0
0806191121,"Eads CCD, Kiowa County, Colorado",392.0,320.0,0.0,296.0,24.0,72.0,061,91121,08,296.0,96.0
0805592204,"La Veta CCD, Huerfano County, Colorado",757.0,686.0,16.0,558.0,112.0,71.0,055,92204,08,574.0,183.0
0805591444,"Gardner CCD, Huerfano County, Colorado",277.0,277.0,11.0,188.0,78.0,0.0,055,91444,08,199.0,78.0
0805593743,"Walsenburg CCD, Huerfano County, Colorado",2139.0,1482.0,67.0,1160.0,255.0,657.0,055,93743,08,1227.0,912.0
0800990475,"Campo CCD, Baca County, Colorado",112.0,89.0,0.0,66.0,23.0,23.0,009,90475,08,66.0,46.0
0800993477,"Springfield CCD, Baca County, Colorado",877.0,701.0,0.0,596.0,105.0,176.0,009,93477,08,596.0,281.0
0800993762,"Walsh CCD, Baca County, Colorado",498.0,417.0,5.0,358.0,54.0,81.0,009,93762,08,363.0,135.0
0800992964,"Pritchett CCD, Baca County, Colorado",116.0,93.0,1.0,85.0,7.0,23.0,009,92964,08,86.0,30.0
0801593173,"Salida CCD, Chaffee County, Colorado",4614.0,4066.0,11.0,3648.0,407.0,548.0,015,93173,08,3659.0,955.0
0801590437,"Buena Vista CCD, Chaffee County, Colorado",3286.0,2957.0,58.0,2681.0,218.0,329.0,015,90437,08,2739.0,547.0
0804790570,"Central City CCD, Gilpin County, Colorado",2603.0,2419.0,17.0,2104.0,298.0,184.0,047,90570,08,2121.0,482.0
0806391273,"Flagler CCD, Kit Carson County, Colorado",481.0,407.0,7.0,356.0,44.0,74.0,063,91273,08,363.0,118.0
0806393534,"Stratton CCD, Kit Carson County, Colorado",585.0,500.0,4.0,433.0,63.0,85.0,063,93534,08,437.0,148.0
0806390456,"Burlington CCD, Kit Carson County, Colorado",1929.0,1563.0,2.0,1391.0,170.0,366.0,063,90456,08,1393.0,536.0
0804591520,"Glenwood Springs CCD, Garfield County, Colorado",9406.0,8939.0,160.0,7869.0,910.0,467.0,045,91520,08,8029.0,1377.0
0804593097,"Rifle CCD, Garfield County, Colorado",4647.0,4095.0,60.0,3402.0,633.0,552.0,045,93097,08,3462.0,1185.0
0804592603,"New Castle CCD, Garfield County, Colorado",4316.0,3976.0,53.0,3657.0,266.0,340.0,045,92603,08,3710.0,606.0
0805193211,"Sapinero CCD, Gunnison County, Colorado",135.0,131.0,0.0,109.0,22.0,4.0,051,93211,08,109.0,26.0
0805193363,"Somerset CCD, Gunnison County, Colorado",235.0,179.0,14.0,143.0,22.0,56.0,051,93363,08,157.0,78.0
0805191672,"Gunnison CCD, Gunnison County, Colorado",4192.0,3782.0,48.0,3233.0,501.0,410.0,051,91672,08,3281.0,911.0
0805190893,"Crested Butte CCD, Gunnison County, Colorado",1933.0,1864.0,31.0,1685.0,148.0,69.0,051,90893,08,1716.0,217.0
0805991539,"Golden CCD, Jefferson County, Colorado",14307.0,13729.0,125.0,12882.0,722.0,578.0,059,91539,08,13007.0,1300.0
0805992641,"Northeast Jefferson CCD, Jefferson County, Colorado",193788.0,180042.0,1395.0,166115.0,12532.0,13746.0,059,92641,08,167510.0,26278.0
0805993439,"South Jefferson CCD, Jefferson County, Colorado",9747.0,9607.0,69.0,9086.0,452.0,140.0,059,93439,08,9155.0,592.0
0805990589,"Central Jefferson CCD, Jefferson County, Colorado",9963.0,9566.0,30.0,8967.0,569.0,397.0,059,90589,08,8997.0,966.0
0807990874,"Creede CCD, Mineral County, Colorado",404.0,360.0,3.0,316.0,41.0,44.0,079,90874,08,319.0,85.0
