B19013I_001E,name,county,county subdivision,state
-666666666.0,"Sunburst CCD, Toole County, Montana",101,93402,30
-666666666.0,"Glacier National Park CCD, Glacier County, Montana",035,91460,30
-666666666.0,"Fort Peck Reservation CCD, Daniels County, Montana",019,91218,30
-666666666.0,"Lavina CCD, Golden Valley County, Montana",037,92016,30
-666666666.0,"Cut Bank CCD, Glacier County, Montana",035,90777,30
-666666666.0,"Baker CCD, Fallon County, Montana",025,90168,30
-666666666.0,"Plevna CCD, Fallon County, Montana",025,92730,30
-666666666.0,"Ryegate CCD, Golden Valley County, Montana",037,92940,30
-666666666.0,"Stanford CCD, Judith Basin County, Montana",045,93318,30
-666666666.0,"Geyser CCD, Judith Basin County, Montana",045,91407,30
-666666666.0,"Hobson CCD, Judith Basin County, Montana",045,91785,30
42554.0,"Butte CCD, Silver Bow County, Montana",093,90483,30
-666666666.0,"Park City CCD, Stillwater County, Montana",095,92604,30
73264.0,"Columbus CCD, Stillwater County, Montana",095,90693,30
94375.0,"Absarokee CCD, Stillwater County, Montana",095,90021,30
-666666666.0,"North Stillwater CCD, Stillwater County, Montana",095,92510,30
19408.0,"Anaconda CCD, Deer Lodge County, Montana",023,90063,30
-666666666.0,"Boulder CCD, Jefferson County, Montana",043,90399,30
-666666666.0,"Whitehall CCD, Jefferson County, Montana",043,93822,30
-666666666.0,"Drummond CCD, Granite County, Montana",039,90945,30
-666666666.0,"Philipsburg CCD, Granite County, Montana",039,92625,30
-666666666.0,"Circle CCD, McCone County, Montana",055,90630,30
-666666666.0,"North McCone CCD, McCone County, Montana",055,92487,30
-666666666.0,"Harlowton CCD, Wheatland County, Montana",107,91659,30
-666666666.0,"Judith Gap-Shawmut CCD, Wheatland County, Montana",107,91869,30
53000.0,"Twin Bridges CCD, Madison County, Montana",057,93633,30
-666666666.0,"Virginia City CCD, Madison County, Montana",057,93717,30
2499.0,"Harrison CCD, Madison County, Montana",057,91680,30
112688.0,"Sheridan CCD, Madison County, Montana",057,93045,30
-666666666.0,"Madison Valley CCD, Madison County, Montana",057,92184,30
93750.0,"Rosebud CCD, Rosebud County, Montana",087,92856,30
-666666666.0,"Ashland CCD, Rosebud County, Montana",087,90084,30
-666666666.0,"Forsyth CCD, Rosebud County, Montana",087,91155,30
-666666666.0,"North of the Yellowstone CCD, Rosebud County, Montana",087,92491,30
-666666666.0,"Fort Peck Reservation CCD, Sheridan County, Montana",091,91260,30
36250.0,"Plentywood CCD, Sheridan County, Montana",091,92709,30
-666666666.0,"Westby CCD, Sheridan County, Montana",091,93738,30
-666666666.0,"Medicine Lake CCD, Sheridan County, Montana",091,92268,30
-666666666.0,"Ekalaka CCD, Carter County, Montana",011,91050,30
55595.0,"Glendive CCD, Dawson County, Montana",021,91491,30
31250.0,"Hardin CCD, Big Horn County, Montana",003,91617,30
-666666666.0,"Crow Reservation CCD, Big Horn County, Montana",003,90756,30
-666666666.0,"Townsend East CCD, Broadwater County, Montana",007,93570,30
-666666666.0,"Townsend West CCD, Broadwater County, Montana",007,93591,30
-666666666.0,"Wolf Creek CCD, Lewis and Clark County, Montana",049,93990,30
-666666666.0,"Augusta CCD, Lewis and Clark County, Montana",049,90105,30
-666666666.0,"Lincoln CCD, Lewis and Clark County, Montana",049,92100,30
32000.0,"Helena CCD, Lewis and Clark County, Montana",049,91722,30
-666666666.0,"Valier-Dupuyer CCD, Pondera County, Montana",073,93675,30
-666666666.0,"Conrad CCD, Pondera County, Montana",073,90714,30
-666666666.0,"Huntley Project CCD, Yellowstone County, Montana",111,91806,30
77928.0,"South Yellowstone CCD, Yellowstone County, Montana",111,93297,30
-666666666.0,"Laurel CCD, Yellowstone County, Montana",111,91995,30
33617.0,"Billings CCD, Yellowstone County, Montana",111,90315,30
53833.0,"Northwest Yellowstone CCD, Yellowstone County, Montana",111,92541,30
-666666666.0,"Shepherd CCD, Yellowstone County, Montana",111,93024,30
33656.0,"Missoula CCD, Missoula County, Montana",063,92331,30
-666666666.0,"Lolo CCD, Missoula County, Montana",063,92142,30
38917.0,"Seeley Lake-Blackfoot Valley CCD, Missoula County, Montana",063,93003,30
-666666666.0,"Darby CCD, Ravalli County, Montana",081,90819,30
39833.0,"Victor CCD, Ravalli County, Montana",081,93696,30
63182.0,"Stevensville CCD, Ravalli County, Montana",081,93339,30
19490.0,"Hamilton CCD, Ravalli County, Montana",081,91575,30
-666666666.0,"Glasgow CCD, Valley County, Montana",105,91470,30
-666666666.0,"Hinsdale CCD, Valley County, Montana",105,91764,30
-666666666.0,"South Valley CCD, Valley County, Montana",105,93276,30
-666666666.0,"Opheim CCD, Valley County, Montana",105,92562,30
-666666666.0,"Fort Peck Reservation CCD, Valley County, Montana",105,91281,30
-666666666.0,"Great Falls North CCD, Cascade County, Montana",013,91554,30
-666666666.0,"Belt CCD, Cascade County, Montana",013,90231,30
100750.0,"Sun River Valley CCD, Cascade County, Montana",013,93423,30
-666666666.0,"Cascade CCD, Cascade County, Montana",013,90525,30
-666666666.0,"Monarch-Neihart CCD, Cascade County, Montana",013,92373,30
31381.0,"Great Falls CCD, Cascade County, Montana",013,91533,30
-666666666.0,"Eden-Stockett CCD, Cascade County, Montana",013,91029,30
-666666666.0,"Sula CCD, Ravalli County, Montana",081,93380,30
-666666666.0,"Richey CCD, Dawson County, Montana",021,92782,30
-666666666.0,"Flathead Reservation CCD, Flathead County, Montana",029,91118,30
-666666666.0,"Lakeside-Somers CCD, Flathead County, Montana",029,91964,30
54861.0,"Scobey CCD, Daniels County, Montana",019,92992,30
-666666666.0,"Blackfeet Reservation East CCD, Pondera County, Montana",073,90357,30
-666666666.0,"Blackfeet Reservation West CCD, Pondera County, Montana",073,90378,30
-666666666.0,"Livingston CCD, Park County, Montana",067,92131,30
-666666666.0,"Yellowstone National Park CCD, Park County, Montana",067,94019,30
20357.0,"Flathead Reservation CCD, Sanders County, Montana",089,91134,30
-666666666.0,"Blackfeet Reservation CCD, Glacier County, Montana",035,90336,30
-666666666.0,"Northeast Yellowstone CCD, Yellowstone County, Montana",111,92426,30
-666666666.0,"Fort Belknap Reservation CCD, Phillips County, Montana",071,91186,30
-666666666.0,"South Phillips CCD, Phillips County, Montana",071,93223,30
-666666666.0,"Alzada-Boyes CCD, Carter County, Montana",011,90052,30
-666666666.0,"Butte-Silver Bow Northwest CCD, Silver Bow County, Montana",093,90485,30
-666666666.0,"Butte-Silver Bow South CCD, Silver Bow County, Montana",093,90487,30
-666666666.0,"Flathead Reservation CCD, Missoula County, Montana",063,91128,30
-666666666.0,"Hanover CCD, Fergus County, Montana",027,91596,30
-666666666.0,"Denton CCD, Fergus County, Montana",027,90903,30
-666666666.0,"Lewistown CCD, Fergus County, Montana",027,92037,30
-666666666.0,"Roy CCD, Fergus County, Montana",027,92898,30
-666666666.0,"Grass Range CCD, Fergus County, Montana",027,91512,30
-666666666.0,"Winifred CCD, Fergus County, Montana",027,93927,30
-666666666.0,"North Garfield CCD, Garfield County, Montana",033,92478,30
-666666666.0,"Alberton CCD, Mineral County, Montana",061,90042,30
-666666666.0,"Frenchtown-Wye CCD, Missoula County, Montana",063,91304,30
-666666666.0,"East Carbon CCD, Carbon County, Montana",009,90976,30
-666666666.0,"South Garfield CCD, Garfield County, Montana",033,93192,30
-666666666.0,"Superior CCD, Mineral County, Montana",061,93444,30
-666666666.0,"West End CCD, Mineral County, Montana",061,93759,30
-666666666.0,"Winnett North CCD, Petroleum County, Montana",069,93948,30
-666666666.0,"Winnett South CCD, Petroleum County, Montana",069,93969,30
-666666666.0,"Avon-Elliston CCD, Powell County, Montana",077,90126,30
-666666666.0,"Deer Lodge CCD, Powell County, Montana",077,90861,30
-666666666.0,"Helmville CCD, Powell County, Montana",077,91743,30
-666666666.0,"Thompson Falls-West End CCD, Sanders County, Montana",089,93507,30
-666666666.0,"Three Forks CCD, Gallatin County, Montana",031,93528,30
-666666666.0,"Plains CCD, Sanders County, Montana",089,92688,30
-666666666.0,"Wibaux CCD, Wibaux County, Montana",109,93885,30
45455.0,"Gallatin Gateway CCD, Gallatin County, Montana",031,91344,30
40186.0,"Bozeman CCD, Gallatin County, Montana",031,90420,30
96094.0,"Manhattan CCD, Gallatin County, Montana",031,92226,30
-666666666.0,"West Yellowstone CCD, Gallatin County, Montana",031,93780,30
76316.0,"Belgrade CCD, Gallatin County, Montana",031,90189,30
-666666666.0,"Martinsdale-Ringling CCD, Meagher County, Montana",059,92247,30
-666666666.0,"White Sulphur Springs CCD, Meagher County, Montana",059,93843,30
-666666666.0,"Roberts CCD, Carbon County, Montana",009,92793,30
-666666666.0,"Joliet CCD, Carbon County, Montana",009,91827,30
77841.0,"Red Lodge CCD, Carbon County, Montana",009,92772,30
28438.0,"Fromberg-Bridger CCD, Carbon County, Montana",009,91323,30
49688.0,"Big Hole Basin CCD, Beaverhead County, Montana",001,90273,30
-666666666.0,"Clark Canyon-Horse Prairie CCD, Beaverhead County, Montana",001,90651,30
28750.0,"Dillon CCD, Beaverhead County, Montana",001,90924,30
-666666666.0,"Lima-Centennial Valley CCD, Beaverhead County, Montana",001,92079,30
-666666666.0,"Kalispell Southwest CCD, Flathead County, Montana",029,91932,30
35547.0,"Columbia Falls CCD, Flathead County, Montana",029,90672,30
-666666666.0,"Creston-Bigfork CCD, Flathead County, Montana",029,90735,30
-666666666.0,"Kalispell Northwest CCD, Flathead County, Montana",029,91911,30
-666666666.0,"Glacier National Park CCD, Flathead County, Montana",029,91449,30
-666666666.0,"Bad Rock-Columbia Heights CCD, Flathead County, Montana",029,90147,30
62632.0,"Kalispell CCD, Flathead County, Montana",029,91890,30
116953.0,"Whitefish CCD, Flathead County, Montana",029,93801,30
-666666666.0,"South Fork CCD, Flathead County, Montana",029,93171,30
-666666666.0,"Melstone CCD, Musselshell County, Montana",065,92289,30
-666666666.0,"Roundup CCD, Musselshell County, Montana",065,92877,30
-666666666.0,"Klein CCD, Musselshell County, Montana",065,91953,30
29917.0,"Malta CCD, Phillips County, Montana",071,92205,30
-666666666.0,"Whitewater CCD, Phillips County, Montana",071,93864,30
-666666666.0,"Shirley-Ismay CCD, Custer County, Montana",017,93087,30
-666666666.0,"Miles City CCD, Custer County, Montana",017,92310,30
-666666666.0,"North Custer CCD, Custer County, Montana",017,92415,30
-666666666.0,"Havre CCD, Hill County, Montana",041,91701,30
-666666666.0,"Rocky Boy's CCD, Hill County, Montana",041,92814,30
-666666666.0,"Wild Horse Lake CCD, Hill County, Montana",041,93906,30
-666666666.0,"Rudyard CCD, Hill County, Montana",041,92919,30
-666666666.0,"Gildford CCD, Hill County, Montana",041,91428,30
6042.0,"Big Sandy CCD, Chouteau County, Montana",015,90294,30
19250.0,"Fort Benton CCD, Chouteau County, Montana",015,91197,30
-666666666.0,"Geraldine CCD, Chouteau County, Montana",015,91386,30
-666666666.0,"East Powder River CCD, Powder River County, Montana",075,90987,30
-666666666.0,"Otter CCD, Powder River County, Montana",075,92583,30
44519.0,"Libby CCD, Lincoln County, Montana",053,92058,30
-666666666.0,"Eureka CCD, Lincoln County, Montana",053,91071,30
-666666666.0,"Troy CCD, Lincoln County, Montana",053,93612,30
-666666666.0,"Gardiner-Cooke City CCD, Park County, Montana",067,91365,30
-666666666.0,"Shields Valley CCD, Park County, Montana",067,93066,30
-666666666.0,"East Roosevelt CCD, Roosevelt County, Montana",085,91008,30
-666666666.0,"Fort Peck Reservation CCD, Roosevelt County, Montana",085,91239,30
-666666666.0,"South Treasure CCD, Treasure County, Montana",103,93255,30
-666666666.0,"North Treasure CCD, Treasure County, Montana",103,92520,30
-666666666.0,"Harlem CCD, Blaine County, Montana",005,91638,30
-666666666.0,"Fort Belknap CCD, Blaine County, Montana",005,91176,30
55500.0,"Chinook CCD, Blaine County, Montana",005,90588,30
-666666666.0,"Joplin CCD, Liberty County, Montana",051,91848,30
-666666666.0,"Chester CCD, Liberty County, Montana",051,90567,30
-666666666.0,"North of the Yellowstone CCD, Sweet Grass County, Montana",097,92499,30
23571.0,"South of the Yellowstone CCD, Sweet Grass County, Montana",097,93213,30
106250.0,"Fairview CCD, Richland County, Montana",083,91113,30
-666666666.0,"Lambert CCD, Richland County, Montana",083,91974,30
49541.0,"Sidney CCD, Richland County, Montana",083,93108,30
-666666666.0,"Savage-Crane CCD, Richland County, Montana",083,92982,30
-666666666.0,"Dutton-Power CCD, Teton County, Montana",099,90966,30
34453.0,"Choteau CCD, Teton County, Montana",099,90609,30
-666666666.0,"Fairfield CCD, Teton County, Montana",099,91092,30
-666666666.0,"Terry South CCD, Prairie County, Montana",079,93486,30
-666666666.0,"Terry North CCD, Prairie County, Montana",079,93465,30
-666666666.0,"Shelby CCD, Toole County, Montana",101,93014,30
-666666666.0,"Woods Bay-Rollins CCD, Lake County, Montana",047,94000,30
39375.0,"Flathead Reservation CCD, Lake County, Montana",047,91123,30
-666666666.0,"Big Sky CCD, Gallatin County, Montana",031,90305,30
-666666666.0,"Yellowstone National Park CCD, Gallatin County, Montana",031,94017,30
-666666666.0,"Warm Springs CCD, Deer Lodge County, Montana",023,93728,30
-666666666.0,"South Custer CCD, Custer County, Montana",017,93160,30
-666666666.0,"Pine Hill-St. Phillips CCD, Wibaux County, Montana",109,92667,30
-666666666.0,"Northern Cheyenne Reservation CCD, Rosebud County, Montana",087,92457,30
-666666666.0,"Northern Cheyenne Reservation CCD, Big Horn County, Montana",003,92436,30
-666666666.0,"Decker CCD, Big Horn County, Montana",003,90850,30
-666666666.0,"Broadus CCD, Powder River County, Montana",075,90441,30
