B19013H_001E,name,county,county subdivision,state
-666666666.0,"Dog Ear township, Tripp County, South Dakota",123,16780,46
-666666666.0,"Lake township, Tripp County, South Dakota",123,35060,46
28750.0,"Wilson township, Tripp County, South Dakota",123,72060,46
54348.0,"Winner city, Tripp County, South Dakota",123,72180,46
-666666666.0,"Elliston township, Tripp County, South Dakota",123,18860,46
-666666666.0,"Jordan township, Tripp County, South Dakota",123,32980,46
-666666666.0,"Lamro township, Tripp County, South Dakota",123,35700,46
-666666666.0,"Carter township, Tripp County, South Dakota",123,10180,46
-666666666.0,"Huggins township, Tripp County, South Dakota",123,30820,46
-666666666.0,"Lone Star township, Tripp County, South Dakota",123,38580,46
-666666666.0,"Banner township, Tripp County, South Dakota",123,03620,46
-666666666.0,"Beaver Creek township, Tripp County, South Dakota",123,04140,46
-666666666.0,"Brunson township, Tripp County, South Dakota",123,07900,46
-666666666.0,"Curlew township, Tripp County, South Dakota",123,15020,46
-666666666.0,"Gassman UT, Tripp County, South Dakota",123,23880,46
39474.0,"Colome city, Tripp County, South Dakota",123,13300,46
41667.0,"Colome township, Tripp County, South Dakota",123,13340,46
-666666666.0,"Rosedale township, Tripp County, South Dakota",123,56100,46
111250.0,"Star Prairie township, Tripp County, South Dakota",123,61380,46
62955.0,"Pleasant Valley township, Tripp County, South Dakota",123,50980,46
250001.0,"Rames township, Tripp County, South Dakota",123,52820,46
-666666666.0,"Greenwood township, Tripp County, South Dakota",123,26140,46
-666666666.0,"Bull Creek township, Tripp County, South Dakota",123,08420,46
60938.0,"New Witten town, Tripp County, South Dakota",123,45100,46
-666666666.0,"Roseland township, Tripp County, South Dakota",123,56260,46
-666666666.0,"Star Valley township, Tripp County, South Dakota",123,61500,46
-666666666.0,"Taylor township, Tripp County, South Dakota",123,63060,46
49219.0,"Stewart township, Tripp County, South Dakota",123,61660,46
-666666666.0,"Valley township, Tripp County, South Dakota",123,66220,46
-666666666.0,"Willow Creek township, Tripp County, South Dakota",123,71860,46
-666666666.0,"Holsclaw township, Tripp County, South Dakota",123,29780,46
-666666666.0,"Keyapaha township, Tripp County, South Dakota",123,33780,46
-666666666.0,"Witten township, Tripp County, South Dakota",123,72380,46
-666666666.0,"Wortman township, Tripp County, South Dakota",123,72860,46
-666666666.0,"Wright township, Tripp County, South Dakota",123,72940,46
-666666666.0,"Plainview township, Tripp County, South Dakota",123,49940,46
-666666666.0,"Black township, Tripp County, South Dakota",123,05700,46
-666666666.0,"Lincoln township, Tripp County, South Dakota",123,37700,46
-666666666.0,"Condon township, Tripp County, South Dakota",123,13780,46
-666666666.0,"Sully township, Tripp County, South Dakota",123,62140,46
58750.0,"Interior town, Jackson County, South Dakota",071,31620,46
53190.0,"Kadoka city, Jackson County, South Dakota",071,33180,46
-666666666.0,"Grandview II township, Jackson County, South Dakota",071,25520,46
-666666666.0,"Weta township, Jackson County, South Dakota",071,70700,46
-666666666.0,"Northwest Jackson UT, Jackson County, South Dakota",071,45800,46
-666666666.0,"Belvidere town, Jackson County, South Dakota",071,04620,46
-666666666.0,"Cottonwood town, Jackson County, South Dakota",071,14220,46
-666666666.0,"Interior township, Jackson County, South Dakota",071,31660,46
-666666666.0,"Jewett township, Jackson County, South Dakota",071,32780,46
40833.0,"Southwest Jackson UT, Jackson County, South Dakota",071,59962,46
-666666666.0,"Wall township, Jackson County, South Dakota",071,68340,46
39583.0,"Southeast Jackson UT, Jackson County, South Dakota",071,59856,46
76500.0,"Dell Rapids township, Minnehaha County, South Dakota",099,16020,46
84149.0,"Hartford township, Minnehaha County, South Dakota",099,27580,46
64853.0,"Humboldt town, Minnehaha County, South Dakota",099,30900,46
88250.0,"Palisade township, Minnehaha County, South Dakota",099,48220,46
94118.0,"Brandon township, Minnehaha County, South Dakota",099,06820,46
121250.0,"Burk township, Minnehaha County, South Dakota",099,08660,46
87708.0,"Crooks city, Minnehaha County, South Dakota",099,14740,46
71250.0,"Grand Meadow township, Minnehaha County, South Dakota",099,25180,46
-666666666.0,"Highland township, Minnehaha County, South Dakota",099,28900,46
56064.0,"Sioux Falls city, Minnehaha County, South Dakota",099,59020,46
52500.0,"Valley Springs city, Minnehaha County, South Dakota",099,66260,46
85109.0,"Wall Lake township, Minnehaha County, South Dakota",099,68460,46
72417.0,"Edison township, Minnehaha County, South Dakota",099,18380,46
66250.0,"Sherman town, Minnehaha County, South Dakota",099,58580,46
51125.0,"Stickney town, Aurora County, South Dakota",003,61700,46
51667.0,"Washington township, Aurora County, South Dakota",003,68900,46
26250.0,"Firesteel township, Aurora County, South Dakota",003,21420,46
71806.0,"Lake township, Aurora County, South Dakota",003,34780,46
92813.0,"Plankinton township, Aurora County, South Dakota",003,50060,46
-666666666.0,"Eureka township, Aurora County, South Dakota",003,20100,46
46250.0,"Gales township, Aurora County, South Dakota",003,23300,46
96111.0,"Hopper township, Aurora County, South Dakota",003,30020,46
74583.0,"Truro township, Aurora County, South Dakota",003,64220,46
-666666666.0,"Pleasant Lake township, Aurora County, South Dakota",003,50620,46
70962.0,"White Lake township, Aurora County, South Dakota",003,71220,46
55583.0,"Plankinton city, Aurora County, South Dakota",003,50020,46
48750.0,"Belford township, Aurora County, South Dakota",003,04300,46
-666666666.0,"Patten township, Aurora County, South Dakota",003,48660,46
82969.0,"Theresa township, Beadle County, South Dakota",005,63300,46
-666666666.0,"Logan township, Beadle County, South Dakota",005,38180,46
67917.0,"Pearl Creek township, Beadle County, South Dakota",005,48780,46
43750.0,"Sand Creek township, Beadle County, South Dakota",005,57500,46
57500.0,"Yale town, Beadle County, South Dakota",005,73020,46
55625.0,"Altoona township, Beadle County, South Dakota",005,01300,46
15938.0,"Barrett township, Beadle County, South Dakota",005,03700,46
115417.0,"Foster township, Beadle County, South Dakota",005,22380,46
125000.0,"Liberty township, Beadle County, South Dakota",005,36740,46
51667.0,"Milford township, Beadle County, South Dakota",005,42340,46
-666666666.0,"Whiteside township, Beadle County, South Dakota",005,71460,46
77083.0,"Richland township, Beadle County, South Dakota",005,54420,46
69167.0,"Vernon township, Beadle County, South Dakota",005,66860,46
44500.0,"Wessington city, Beadle County, South Dakota",005,70140,46
115625.0,"Wolsey township, Beadle County, South Dakota",005,72580,46
85000.0,"Clifton township, Beadle County, South Dakota",005,12900,46
52063.0,"Custer township, Beadle County, South Dakota",005,15060,46
108393.0,"Broadland town, Beadle County, South Dakota",005,07420,46
38333.0,"Nisland town, Butte County, South Dakota",019,45180,46
49623.0,"West Butte UT, Butte County, South Dakota",019,70290,46
-666666666.0,"Union township, Butte County, South Dakota",019,64980,46
44495.0,"Belle Fourche city, Butte County, South Dakota",019,04380,46
46625.0,"Newell city, Butte County, South Dakota",019,44860,46
63125.0,"Fruitdale town, Butte County, South Dakota",019,23140,46
65341.0,"East Butte UT, Butte County, South Dakota",019,17720,46
31736.0,"Vale township, Butte County, South Dakota",019,65940,46
-666666666.0,"Sherman township, Corson County, South Dakota",031,58500,46
40625.0,"Morristown town, Corson County, South Dakota",031,43860,46
70833.0,"Watauga township, Corson County, South Dakota",031,69260,46
-666666666.0,"Wakpala township, Corson County, South Dakota",031,68180,46
37083.0,"McIntosh city, Corson County, South Dakota",031,39940,46
43750.0,"McLaughlin city, Corson County, South Dakota",031,40020,46
-666666666.0,"Rolling Green township, Corson County, South Dakota",031,55700,46
184063.0,"Clifton township, Spink County, South Dakota",115,12940,46
99643.0,"Prairie Center township, Spink County, South Dakota",115,51620,46
-666666666.0,"Turton township, Spink County, South Dakota",115,64580,46
64375.0,"Ashton city, Spink County, South Dakota",115,02540,46
-666666666.0,"Conde township, Spink County, South Dakota",115,13740,46
73750.0,"Lincoln township, Spink County, South Dakota",115,37660,46
81875.0,"Northville town, Spink County, South Dakota",115,45740,46
-666666666.0,"Spring township, Spink County, South Dakota",115,60420,46
109100.0,"Three Rivers township, Spink County, South Dakota",115,63420,46
39583.0,"Antelope township, Spink County, South Dakota",115,01700,46
-666666666.0,"Exline township, Spink County, South Dakota",115,20260,46
89688.0,"Harrison township, Spink County, South Dakota",115,27380,46
41933.0,"Redfield city, Spink County, South Dakota",115,53460,46
39375.0,"Frankfort city, Spink County, South Dakota",115,22580,46
-666666666.0,"Sumner township, Spink County, South Dakota",115,62300,46
62750.0,"Turton town, Spink County, South Dakota",115,64540,46
52083.0,"Beotia township, Spink County, South Dakota",115,04940,46
51250.0,"Frankfort township, Spink County, South Dakota",115,22620,46
-666666666.0,"Groveland township, Spink County, South Dakota",115,26460,46
89000.0,"Lodi township, Spink County, South Dakota",115,38140,46
75625.0,"Northville township, Spink County, South Dakota",115,45780,46
-666666666.0,"Olean township, Spink County, South Dakota",115,46860,46
77500.0,"Redfield township, Spink County, South Dakota",115,53500,46
77917.0,"Tulare township, Spink County, South Dakota",115,64340,46
-666666666.0,"Brentford town, Spink County, South Dakota",115,07060,46
177768.0,"Benton township, Spink County, South Dakota",115,04900,46
45313.0,"Doland city, Spink County, South Dakota",115,16820,46
93750.0,"Jefferson township, Spink County, South Dakota",115,32660,46
230577.0,"Lake township, Spink County, South Dakota",115,35020,46
109375.0,"Mellette township, Spink County, South Dakota",115,41900,46
-666666666.0,"Tetonka township, Spink County, South Dakota",115,63260,46
46944.0,"Union township, Spink County, South Dakota",115,65500,46
151875.0,"Cornwall township, Spink County, South Dakota",115,13900,46
-666666666.0,"La Prairie township, Spink County, South Dakota",115,35980,46
-666666666.0,"Great Bend township, Spink County, South Dakota",115,25780,46
62750.0,"Mellette city, Spink County, South Dakota",115,41860,46
55417.0,"Belmont township, Spink County, South Dakota",115,04580,46
-666666666.0,"Richfield township, Spink County, South Dakota",115,54380,46
36667.0,"Ridgeland township, Corson County, South Dakota",031,54860,46
-666666666.0,"Custer township, Corson County, South Dakota",031,15100,46
155313.0,"Pleasant Ridge township, Corson County, South Dakota",031,50660,46
-666666666.0,"Prairie View township, Corson County, South Dakota",031,51700,46
52500.0,"West Corson UT, Corson County, South Dakota",031,70310,46
52000.0,"Blendon township, Davison County, South Dakota",035,05980,46
51406.0,"Rome township, Davison County, South Dakota",035,55740,46
47015.0,"Mitchell city, Davison County, South Dakota",035,43100,46
-666666666.0,"Badger township, Davison County, South Dakota",035,03020,46
65170.0,"Prosper township, Davison County, South Dakota",035,52100,46
-666666666.0,"Lisbon township, Davison County, South Dakota",035,37820,46
48958.0,"Beulah township, Davison County, South Dakota",035,05220,46
60054.0,"Southeast Bon Homme UT, Bon Homme County, South Dakota",009,59846,46
59250.0,"Northwest Bon Homme UT, Bon Homme County, South Dakota",009,45790,46
38250.0,"Scotland city, Bon Homme County, South Dakota",009,57940,46
47232.0,"Tyndall city, Bon Homme County, South Dakota",009,64860,46
56136.0,"Avon city, Bon Homme County, South Dakota",009,02900,46
76563.0,"Northeast Bon Homme UT, Bon Homme County, South Dakota",009,45550,46
42625.0,"Springfield city, Bon Homme County, South Dakota",009,60660,46
46944.0,"Tabor town, Bon Homme County, South Dakota",009,62820,46
81250.0,"Southwest Bon Homme UT, Bon Homme County, South Dakota",009,59950,46
46875.0,"Kimball city, Brule County, South Dakota",015,33980,46
75938.0,"Kimball township, Brule County, South Dakota",015,34020,46
-666666666.0,"Pleasant Grove township, Brule County, South Dakota",015,50580,46
46563.0,"Pukwana town, Brule County, South Dakota",015,52220,46
55125.0,"Chamberlain city, Brule County, South Dakota",015,11220,46
68333.0,"Chamberlain township, Brule County, South Dakota",015,11260,46
108182.0,"Plainfield township, Brule County, South Dakota",015,49860,46
-666666666.0,"Pukwana township, Brule County, South Dakota",015,52260,46
-666666666.0,"America township, Brule County, South Dakota",015,01340,46
-666666666.0,"Cleveland township, Brule County, South Dakota",015,12780,46
-666666666.0,"Eagle township, Brule County, South Dakota",015,17500,46
-666666666.0,"Ola township, Brule County, South Dakota",015,46740,46
-666666666.0,"Plummer township, Brule County, South Dakota",015,51180,46
-666666666.0,"Smith township, Brule County, South Dakota",015,59540,46
-666666666.0,"Waldro township, Brule County, South Dakota",015,68220,46
-666666666.0,"Wilbur township, Brule County, South Dakota",015,71700,46
-666666666.0,"Lyon township, Brule County, South Dakota",015,39700,46
-666666666.0,"Red Lake township, Brule County, South Dakota",015,53660,46
61375.0,"Richland township, Brule County, South Dakota",015,54540,46
-666666666.0,"Brule township, Brule County, South Dakota",015,07780,46
-666666666.0,"Torrey Lake township, Brule County, South Dakota",015,63780,46
38750.0,"Union township, Brule County, South Dakota",015,64940,46
-666666666.0,"Grandview UT, Brule County, South Dakota",015,25300,46
96786.0,"West Point township, Brule County, South Dakota",015,70500,46
49211.0,"Highland township, Brule County, South Dakota",015,28700,46
-666666666.0,"Willow Lake township, Brule County, South Dakota",015,71900,46
-666666666.0,"Lake Sinai township, Brookings County, South Dakota",011,35580,46
50313.0,"Alton township, Brookings County, South Dakota",011,01260,46
-666666666.0,"Harmony township, Edmunds County, South Dakota",045,27060,46
96667.0,"Ipswich township, Edmunds County, South Dakota",045,31900,46
-666666666.0,"Rosette township, Edmunds County, South Dakota",045,56300,46
92500.0,"Cortlandt township, Edmunds County, South Dakota",045,14060,46
-666666666.0,"Hosmer township, Edmunds County, South Dakota",045,30180,46
-666666666.0,"Clear Lake township, Edmunds County, South Dakota",045,12620,46
72500.0,"Modena township, Edmunds County, South Dakota",045,43200,46
-666666666.0,"Powell township, Edmunds County, South Dakota",045,51500,46
66719.0,"Richland township, Edmunds County, South Dakota",045,54660,46
-666666666.0,"Belle township, Edmunds County, South Dakota",045,04340,46
-666666666.0,"Liberty township, Edmunds County, South Dakota",045,36900,46
-666666666.0,"Adrian township, Edmunds County, South Dakota",045,00340,46
-666666666.0,"Bowdle township, Edmunds County, South Dakota",045,06580,46
36705.0,"Pollock town, Campbell County, South Dakota",021,51260,46
28125.0,"Artas town, Campbell County, South Dakota",021,02340,46
63750.0,"South Campbell UT, Campbell County, South Dakota",021,59760,46
50833.0,"Herreid city, Campbell County, South Dakota",021,28340,46
83472.0,"North Campbell UT, Campbell County, South Dakota",021,45520,46
32500.0,"Mound City town, Campbell County, South Dakota",021,44020,46
56354.0,"Chery township, Jerauld County, South Dakota",073,11580,46
-666666666.0,"Anina township, Jerauld County, South Dakota",073,01580,46
115000.0,"Blaine township, Jerauld County, South Dakota",073,05940,46
66016.0,"Alpena town, Jerauld County, South Dakota",073,01020,46
-666666666.0,"Crow township, Jerauld County, South Dakota",073,14820,46
83125.0,"Crow Lake township, Jerauld County, South Dakota",073,14940,46
-666666666.0,"Wessington Springs township, Jerauld County, South Dakota",073,70260,46
-666666666.0,"Dale UT, Jerauld County, South Dakota",073,15260,46
52679.0,"Viola township, Jerauld County, South Dakota",073,67460,46
79306.0,"Medary township, Brookings County, South Dakota",011,41780,46
86250.0,"Preston township, Brookings County, South Dakota",011,51900,46
40625.0,"Sherman township, Brookings County, South Dakota",011,58460,46
93125.0,"Volga township, Brookings County, South Dakota",011,67740,46
103333.0,"Argo township, Brookings County, South Dakota",011,02100,46
-666666666.0,"Arlington city, Brookings County, South Dakota",011,02180,46
51833.0,"Oakwood township, Brookings County, South Dakota",011,46440,46
60625.0,"Aurora town, Brookings County, South Dakota",011,02780,46
89236.0,"Oslo township, Brookings County, South Dakota",011,47860,46
56860.0,"Volga city, Brookings County, South Dakota",011,67700,46
-666666666.0,"Winsor township, Brookings County, South Dakota",011,72260,46
91667.0,"Lake Hendricks township, Brookings County, South Dakota",011,35380,46
44063.0,"Sinai town, Brookings County, South Dakota",011,58900,46
116786.0,"Aurora township, Brookings County, South Dakota",011,02820,46
250001.0,"Bangor township, Brookings County, South Dakota",011,03460,46
50357.0,"Bruce city, Brookings County, South Dakota",011,07740,46
41938.0,"Laketon township, Brookings County, South Dakota",011,35620,46
47932.0,"Brookings city, Brookings County, South Dakota",011,07580,46
96250.0,"Oak Lake township, Brookings County, South Dakota",011,46340,46
-666666666.0,"Brookings township, Brookings County, South Dakota",011,07620,46
117625.0,"Afton township, Brookings County, South Dakota",011,00380,46
63438.0,"Elkton city, Brookings County, South Dakota",011,18700,46
103125.0,"Elkton township, Brookings County, South Dakota",011,18740,46
122778.0,"Eureka township, Brookings County, South Dakota",011,20140,46
59167.0,"White city, Brookings County, South Dakota",011,70940,46
-666666666.0,"Richland township, Brookings County, South Dakota",011,54460,46
152944.0,"Sterling township, Brookings County, South Dakota",011,61620,46
-666666666.0,"Trenton township, Brookings County, South Dakota",011,63980,46
85625.0,"Parnell township, Brookings County, South Dakota",011,48540,46
47500.0,"Bushnell town, Brookings County, South Dakota",011,08820,46
56389.0,"Northeast Fall River UT, Fall River County, South Dakota",047,45560,46
43889.0,"Hot Springs city, Fall River County, South Dakota",047,30220,46
-666666666.0,"Provo township, Fall River County, South Dakota",047,52180,46
63214.0,"Southwest Fall River UT, Fall River County, South Dakota",047,59955,46
32292.0,"Edgemont city, Fall River County, South Dakota",047,18300,46
-666666666.0,"Argentine township, Fall River County, South Dakota",047,02060,46
45893.0,"Oelrichs town, Fall River County, South Dakota",047,46500,46
81818.0,"Brandon city, Minnehaha County, South Dakota",099,06840,46
67188.0,"Garretson city, Minnehaha County, South Dakota",099,23820,46
65519.0,"Dell Rapids city, Minnehaha County, South Dakota",099,15980,46
62313.0,"Humboldt township, Minnehaha County, South Dakota",099,30940,46
80789.0,"Taopi township, Minnehaha County, South Dakota",099,62980,46
71250.0,"Buffalo township, Minnehaha County, South Dakota",099,08260,46
94531.0,"Clear Lake township, Minnehaha County, South Dakota",099,12660,46
60347.0,"Colton city, Minnehaha County, South Dakota",099,13380,46
105000.0,"Logan township, Minnehaha County, South Dakota",099,38380,46
69668.0,"Hartford city, Minnehaha County, South Dakota",099,27540,46
68426.0,"Mapleton township, Minnehaha County, South Dakota",099,40660,46
92386.0,"Split Rock township, Minnehaha County, South Dakota",099,60300,46
85563.0,"Wayne township, Minnehaha County, South Dakota",099,69620,46
78558.0,"Lyons township, Minnehaha County, South Dakota",099,39780,46
107344.0,"Valley Springs township, Minnehaha County, South Dakota",099,66300,46
44706.0,"Wellington township, Minnehaha County, South Dakota",099,69940,46
73676.0,"Baltic city, Minnehaha County, South Dakota",099,03380,46
84875.0,"Red Rock township, Minnehaha County, South Dakota",099,53740,46
99688.0,"Benton township, Minnehaha County, South Dakota",099,04860,46
81250.0,"Sverdrup township, Minnehaha County, South Dakota",099,62540,46
50714.0,"Custer city, Custer County, South Dakota",033,15140,46
41000.0,"Fairburn town, Custer County, South Dakota",033,20340,46
50893.0,"Hermosa town, Custer County, South Dakota",033,28300,46
49792.0,"Pringle town, Custer County, South Dakota",033,51940,46
62708.0,"West Custer UT, Custer County, South Dakota",033,70320,46
55500.0,"East Custer UT, Custer County, South Dakota",033,17750,46
32813.0,"Buffalo Gap town, Custer County, South Dakota",033,08340,46
50667.0,"Highmore city, Hyde County, South Dakota",069,28980,46
-666666666.0,"William Hamilton township, Hyde County, South Dakota",069,71740,46
-666666666.0,"Crow Creek UT, Hyde County, South Dakota",069,14840,46
59167.0,"North Hyde UT, Hyde County, South Dakota",069,45595,46
-666666666.0,"Valley township, Hyde County, South Dakota",069,66180,46
53125.0,"Central Hyde UT, Hyde County, South Dakota",069,11150,46
-666666666.0,"Foxton township, Clark County, South Dakota",025,22540,46
36905.0,"Clark city, Clark County, South Dakota",025,12180,46
61250.0,"Cottonwood township, Clark County, South Dakota",025,14140,46
46250.0,"Lane town, Jerauld County, South Dakota",073,35780,46
116583.0,"Alpena township, Jerauld County, South Dakota",073,01060,46
250001.0,"Pleasant township, Jerauld County, South Dakota",073,50460,46
41818.0,"Wessington Springs city, Jerauld County, South Dakota",073,70220,46
-666666666.0,"Harmony township, Jerauld County, South Dakota",073,27140,46
-666666666.0,"Marlar township, Jerauld County, South Dakota",073,40980,46
-666666666.0,"Logan township, Jerauld County, South Dakota",073,38340,46
-666666666.0,"Franklin township, Jerauld County, South Dakota",073,22700,46
57125.0,"Martin city, Bennett County, South Dakota",007,41100,46
57159.0,"East Bennett UT, Bennett County, South Dakota",007,17710,46
45208.0,"West Bennett UT, Bennett County, South Dakota",007,70270,46
51979.0,"East Haakon UT, Haakon County, South Dakota",055,17810,46
54375.0,"West Haakon UT, Haakon County, South Dakota",055,70375,46
35625.0,"Midland town, Haakon County, South Dakota",055,42140,46
34441.0,"Philip city, Haakon County, South Dakota",055,49300,46
70530.0,"Fort Pierre city, Stanley County, South Dakota",117,22260,46
36364.0,"South Stanley UT, Stanley County, South Dakota",117,59945,46
73500.0,"North Stanley UT, Stanley County, South Dakota",117,45727,46
-666666666.0,"Lower Brule UT, Stanley County, South Dakota",117,39198,46
-666666666.0,"Mullen township, Jones County, South Dakota",075,44220,46
59063.0,"Okaton township, Jones County, South Dakota",075,46640,46
-666666666.0,"Rich Valley UT, Jones County, South Dakota",075,54820,46
-666666666.0,"South Creek township, Jones County, South Dakota",075,59780,46
-666666666.0,"Zickrick township, Jones County, South Dakota",075,73420,46
52857.0,"Draper township, Jones County, South Dakota",075,17060,46
73333.0,"Williams Creek township, Jones County, South Dakota",075,71780,46
90938.0,"Buffalo township, Jones County, South Dakota",075,08180,46
35781.0,"Murdo city, Jones County, South Dakota",075,44260,46
-666666666.0,"Mussman township, Jones County, South Dakota",075,44380,46
42656.0,"Draper town, Jones County, South Dakota",075,17020,46
51429.0,"North Jones UT, Jones County, South Dakota",075,45597,46
-666666666.0,"Virgil township, Jones County, South Dakota",075,67540,46
28125.0,"Central Jones UT, Jones County, South Dakota",075,11152,46
-666666666.0,"Kolls township, Jones County, South Dakota",075,34220,46
-666666666.0,"Landing Creek township, Gregory County, South Dakota",053,35740,46
36667.0,"Burke city, Gregory County, South Dakota",053,08700,46
58438.0,"Dallas town, Gregory County, South Dakota",053,15300,46
56458.0,"Salem city, McCook County, South Dakota",087,57340,46
86125.0,"Sun Prairie township, McCook County, South Dakota",087,62420,46
89844.0,"Jefferson township, McCook County, South Dakota",087,32580,46
66875.0,"Pearl township, McCook County, South Dakota",087,48740,46
75893.0,"Union township, McCook County, South Dakota",087,65340,46
45375.0,"Spencer city, McCook County, South Dakota",087,60060,46
73833.0,"Brookfield township, McCook County, South Dakota",087,07540,46
150417.0,"Eden township, Marshall County, South Dakota",091,18220,46
98125.0,"Hickman township, Marshall County, South Dakota",091,28540,46
-666666666.0,"Stena township, Marshall County, South Dakota",091,61540,46
-666666666.0,"Newark township, Marshall County, South Dakota",091,44780,46
58393.0,"Britton city, Marshall County, South Dakota",091,07380,46
-666666666.0,"Lowell township, Marshall County, South Dakota",091,39100,46
37344.0,"Veblen city, Marshall County, South Dakota",091,66540,46
-666666666.0,"Nordland township, Marshall County, South Dakota",091,45380,46
87083.0,"Pleasant Valley township, Marshall County, South Dakota",091,50900,46
99125.0,"Lake township, Marshall County, South Dakota",091,34940,46
70000.0,"Victor township, Marshall County, South Dakota",091,67100,46
55000.0,"Langford town, Marshall County, South Dakota",091,35820,46
96563.0,"Grandview township, Douglas County, South Dakota",043,25340,46
67083.0,"Iowa township, Douglas County, South Dakota",043,31820,46
44813.0,"Valley township, Douglas County, South Dakota",043,66060,46
45500.0,"Armour city, Douglas County, South Dakota",043,02260,46
76563.0,"Walnut Grove township, Douglas County, South Dakota",043,68500,46
66875.0,"Holland township, Douglas County, South Dakota",043,29700,46
51875.0,"Belmont township, Douglas County, South Dakota",043,04540,46
-666666666.0,"Chester township, Douglas County, South Dakota",043,11620,46
-666666666.0,"Spring Lake township, Hand County, South Dakota",059,60820,46
-666666666.0,"Alden township, Hand County, South Dakota",059,00780,46
92833.0,"St. Lawrence township, Hand County, South Dakota",059,57220,46
-666666666.0,"Spring Hill township, Hand County, South Dakota",059,60780,46
58333.0,"Hulbert township, Hand County, South Dakota",059,30860,46
-666666666.0,"Logan township, Hand County, South Dakota",059,38260,46
49926.0,"Corsica city, Douglas County, South Dakota",043,13980,46
103750.0,"Washington township, Douglas County, South Dakota",043,69020,46
-666666666.0,"Clark township, Douglas County, South Dakota",043,12220,46
-666666666.0,"East Choteau township, Douglas County, South Dakota",043,17740,46
40000.0,"South Harding UT, Harding County, South Dakota",063,59865,46
44861.0,"Garfield township, Douglas County, South Dakota",043,23620,46
59706.0,"North Harding UT, Harding County, South Dakota",063,45585,46
71042.0,"Buffalo town, Harding County, South Dakota",063,08140,46
41875.0,"Camp Crook town, Harding County, South Dakota",063,09260,46
-666666666.0,"Raber township, Hughes County, South Dakota",065,52620,46
50500.0,"Blunt city, Hughes County, South Dakota",065,06180,46
-666666666.0,"Crow Creek UT, Hughes County, South Dakota",065,14835,46
44583.0,"Harrold town, Hughes County, South Dakota",065,27420,46
90824.0,"West Hughes UT, Hughes County, South Dakota",065,70390,46
67417.0,"North Hughes UT, Hughes County, South Dakota",065,45590,46
61170.0,"Pierre city, Hughes County, South Dakota",065,49600,46
73125.0,"Hoffman township, McPherson County, South Dakota",089,29540,46
38333.0,"Leola city, McPherson County, South Dakota",089,36460,46
-666666666.0,"Weber township, McPherson County, South Dakota",089,69700,46
65250.0,"Long Lake town, McPherson County, South Dakota",089,38860,46
30590.0,"Eureka city, McPherson County, South Dakota",089,20180,46
127614.0,"Wachter township, McPherson County, South Dakota",089,67940,46
40000.0,"West McPherson UT, McPherson County, South Dakota",089,70400,46
90179.0,"Central McPherson UT, McPherson County, South Dakota",089,11155,46
-666666666.0,"Hillsview town, McPherson County, South Dakota",089,29340,46
-666666666.0,"Wacker township, McPherson County, South Dakota",089,67980,46
109750.0,"Carl township, McPherson County, South Dakota",089,09820,46
74028.0,"Weston township, Marshall County, South Dakota",091,70420,46
-666666666.0,"Hamilton township, Marshall County, South Dakota",091,26740,46
-666666666.0,"McKinley township, Marshall County, South Dakota",091,39980,46
81667.0,"Miller township, Marshall County, South Dakota",091,42540,46
61563.0,"Newport township, Marshall County, South Dakota",091,45020,46
150250.0,"Veblen township, Marshall County, South Dakota",091,66580,46
-666666666.0,"Wismer township, Marshall County, South Dakota",091,72300,46
-666666666.0,"Red Iron Lake township, Marshall County, South Dakota",091,53620,46
151667.0,"Dayton township, Marshall County, South Dakota",091,15660,46
33750.0,"Eden town, Marshall County, South Dakota",091,18180,46
51667.0,"Fort township, Marshall County, South Dakota",091,22180,46
57969.0,"Sisseton township, Marshall County, South Dakota",091,59220,46
-666666666.0,"Waverly township, Marshall County, South Dakota",091,69500,46
84286.0,"Buffalo township, Marshall County, South Dakota",091,08220,46
-666666666.0,"La Belle township, Marshall County, South Dakota",091,34500,46
-666666666.0,"White township, Marshall County, South Dakota",091,70980,46
41250.0,"Lake City town, Marshall County, South Dakota",091,35220,46
-666666666.0,"Dumarce township, Marshall County, South Dakota",091,17300,46
-666666666.0,"New Surprise Valley township, Mellette County, South Dakota",095,45040,46
33750.0,"White River city, Mellette County, South Dakota",095,71340,46
-666666666.0,"Fairview township, Mellette County, South Dakota",095,20860,46
-666666666.0,"Rocky Ford township, Mellette County, South Dakota",095,55660,46
-666666666.0,"Prospect township, Mellette County, South Dakota",095,52060,46
-666666666.0,"Surprise Valley township, Mellette County, South Dakota",095,62460,46
53750.0,"Central Mellette UT, Mellette County, South Dakota",095,11160,46
47813.0,"Bad Nation township, Mellette County, South Dakota",095,03140,46
-666666666.0,"Butte township, Mellette County, South Dakota",095,09060,46
45208.0,"Norris township, Mellette County, South Dakota",095,45460,46
-666666666.0,"Ring Thunder township, Mellette County, South Dakota",095,54940,46
-666666666.0,"Cedarbutte UT, Mellette County, South Dakota",095,10780,46
-666666666.0,"Cody township, Mellette County, South Dakota",095,13100,46
-666666666.0,"Rosebud township, Mellette County, South Dakota",095,55900,46
46667.0,"Blackpipe township, Mellette County, South Dakota",095,05820,46
-666666666.0,"Riverside township, Mellette County, South Dakota",095,55180,46
-666666666.0,"Wood town, Mellette County, South Dakota",095,72620,46
-666666666.0,"Red Fish township, Mellette County, South Dakota",095,53540,46
-666666666.0,"Running Bird township, Mellette County, South Dakota",095,56780,46
-666666666.0,"Mosher township, Mellette County, South Dakota",095,43980,46
-666666666.0,"Wetonka town, McPherson County, South Dakota",089,70740,46
69286.0,"Dry Wood Lake township, Roberts County, South Dakota",109,17140,46
63229.0,"Enterprise township, Roberts County, South Dakota",109,19780,46
47083.0,"Claire City town, Roberts County, South Dakota",109,12020,46
19688.0,"Ortley town, Roberts County, South Dakota",109,47660,46
34688.0,"Ortley township, Roberts County, South Dakota",109,47700,46
78594.0,"Sisseton township, Roberts County, South Dakota",109,59300,46
59375.0,"Corona town, Roberts County, South Dakota",109,13940,46
16250.0,"Alto township, Roberts County, South Dakota",109,01220,46
-666666666.0,"Bossko township, Roberts County, South Dakota",109,06420,46
70673.0,"Lockwood township, Roberts County, South Dakota",109,37980,46
-666666666.0,"One Road township, Roberts County, South Dakota",109,47140,46
56000.0,"Summit town, Roberts County, South Dakota",109,62220,46
112143.0,"White Rock township, Roberts County, South Dakota",109,71420,46
68958.0,"Goodwill township, Roberts County, South Dakota",109,24780,46
71250.0,"Spring Grove township, Roberts County, South Dakota",109,60740,46
65139.0,"Long Hollow township, Roberts County, South Dakota",109,38780,46
50625.0,"Rosholt town, Roberts County, South Dakota",109,56340,46
69688.0,"Lake township, Roberts County, South Dakota",109,34980,46
-666666666.0,"Norway township, Roberts County, South Dakota",109,45940,46
70500.0,"Geneseo township, Roberts County, South Dakota",109,24060,46
106719.0,"Harmon township, Roberts County, South Dakota",109,27020,46
49464.0,"Lee township, Roberts County, South Dakota",109,36300,46
52500.0,"Wilmot city, Roberts County, South Dakota",109,71980,46
46563.0,"Sisseton city, Roberts County, South Dakota",109,59260,46
42875.0,"Springdale township, Roberts County, South Dakota",109,60620,46
30833.0,"New Effington town, Roberts County, South Dakota",109,44820,46
-666666666.0,"Glendo township, Perkins County, South Dakota",105,24580,46
-666666666.0,"Antelope township, Perkins County, South Dakota",105,01660,46
-666666666.0,"De Witt township, Perkins County, South Dakota",105,16460,46
103750.0,"Moreau township, Perkins County, South Dakota",105,43660,46
-666666666.0,"Cedar Butte township, Pennington County, South Dakota",103,10820,46
-666666666.0,"Crooked Creek township, Pennington County, South Dakota",103,14700,46
36938.0,"Wasta town, Pennington County, South Dakota",103,69140,46
-666666666.0,"Imlay township, Pennington County, South Dakota",103,31420,46
47031.0,"Keystone town, Pennington County, South Dakota",103,33820,46
-666666666.0,"Wasta township, Pennington County, South Dakota",103,69180,46
60083.0,"Central Pennington UT, Pennington County, South Dakota",103,11165,46
-666666666.0,"Conata township, Pennington County, South Dakota",103,13620,46
65208.0,"Lake Hill township, Pennington County, South Dakota",103,35420,46
85316.0,"Mount Rushmore UT, Pennington County, South Dakota",103,44070,46
55000.0,"Quinn town, Pennington County, South Dakota",103,52500,46
-666666666.0,"Quinn township, Pennington County, South Dakota",103,52540,46
63958.0,"Ash township, Pennington County, South Dakota",103,02520,46
-666666666.0,"Flat Butte township, Pennington County, South Dakota",103,21660,46
-666666666.0,"Rainy Creek/Cheyenne township, Pennington County, South Dakota",103,52720,46
51745.0,"Rapid City city, Pennington County, South Dakota",103,52980,46
-666666666.0,"Sunnyside township, Pennington County, South Dakota",103,62340,46
-666666666.0,"Lake Creek township, Pennington County, South Dakota",103,35280,46
48125.0,"Wall town, Pennington County, South Dakota",103,68380,46
-666666666.0,"Northeast Pennington UT, Pennington County, South Dakota",103,45574,46
-666666666.0,"Owanka township, Pennington County, South Dakota",103,47980,46
49713.0,"West Pennington UT, Pennington County, South Dakota",103,70475,46
-666666666.0,"Dalzell Canyon UT, Pennington County, South Dakota",103,15350,46
85375.0,"Peno township, Pennington County, South Dakota",103,49140,46
-666666666.0,"Scenic township, Pennington County, South Dakota",103,57820,46
50785.0,"Box Elder city, Pennington County, South Dakota",103,06620,46
63068.0,"Hill City city, Pennington County, South Dakota",103,29100,46
73333.0,"Lake Flat township, Pennington County, South Dakota",103,35300,46
66944.0,"New Underwood city, Pennington County, South Dakota",103,45060,46
73975.0,"Rapid City East UT, Pennington County, South Dakota",103,52987,46
-666666666.0,"Shyne township, Pennington County, South Dakota",103,58660,46
67143.0,"St. Lawrence town, Hand County, South Dakota",059,57180,46
-666666666.0,"York township, Hand County, South Dakota",059,73260,46
46625.0,"Pleasant Valley township, Hand County, South Dakota",059,50820,46
35417.0,"Burdette township, Hand County, South Dakota",059,08540,46
-666666666.0,"Carlton township, Hand County, South Dakota",059,09940,46
37969.0,"Miller city, Hand County, South Dakota",059,42460,46
-666666666.0,"Cedar township, Hand County, South Dakota",059,10700,46
33333.0,"Southeast Gregory UT, Gregory County, South Dakota",053,59854,46
64167.0,"Star Valley township, Gregory County, South Dakota",053,61460,46
38333.0,"Gregory city, Gregory County, South Dakota",053,26180,46
81250.0,"Pleasant Valley township, Gregory County, South Dakota",053,50780,46
37000.0,"Bonesteel city, Gregory County, South Dakota",053,06220,46
-666666666.0,"East Gregory UT, Gregory County, South Dakota",053,17800,46
40000.0,"Fairfax town, Gregory County, South Dakota",053,20380,46
-666666666.0,"Jones township, Gregory County, South Dakota",053,32940,46
63125.0,"North Gregory UT, Gregory County, South Dakota",053,45582,46
60208.0,"Dixon township, Gregory County, South Dakota",053,16700,46
-666666666.0,"Edens township, Gregory County, South Dakota",053,18260,46
61000.0,"Herrick town, Gregory County, South Dakota",053,28420,46
73750.0,"Schriever township, Gregory County, South Dakota",053,57860,46
-666666666.0,"Fairfax township, Gregory County, South Dakota",053,20420,46
62500.0,"Castlewood city, Hamlin County, South Dakota",057,10500,46
47500.0,"Hazel town, Hamlin County, South Dakota",057,27940,46
49716.0,"Opdahl township, Hamlin County, South Dakota",057,47300,46
85938.0,"Oxford township, Hamlin County, South Dakota",057,48060,46
47031.0,"Bryant city, Hamlin County, South Dakota",057,08060,46
71477.0,"Dempster township, Hamlin County, South Dakota",057,16140,46
73056.0,"Brantford township, Hamlin County, South Dakota",057,07020,46
84000.0,"Cleveland township, Hamlin County, South Dakota",057,12860,46
48750.0,"Garfield township, Hamlin County, South Dakota",057,23660,46
72083.0,"Hamlin township, Hamlin County, South Dakota",057,26780,46
60417.0,"Lake Norden city, Hamlin County, South Dakota",057,35460,46
80500.0,"Norden township, Hamlin County, South Dakota",057,45340,46
92344.0,"Castlewood township, Hamlin County, South Dakota",057,10540,46
52330.0,"Estelline city, Hamlin County, South Dakota",057,19980,46
-666666666.0,"Hague township, Clark County, South Dakota",025,26580,46
-666666666.0,"Darlington township, Clark County, South Dakota",025,15500,46
-666666666.0,"Eden township, Clark County, South Dakota",025,18020,46
110268.0,"Day township, Clark County, South Dakota",025,15580,46
-666666666.0,"Maydell township, Clark County, South Dakota",025,41460,46
-666666666.0,"Naples town, Clark County, South Dakota",025,44620,46
-666666666.0,"Ash township, Clark County, South Dakota",025,02500,46
-666666666.0,"Raymond township, Clark County, South Dakota",025,53300,46
-666666666.0,"Spring Valley township, Clark County, South Dakota",025,60980,46
78500.0,"Warren township, Clark County, South Dakota",025,68820,46
-666666666.0,"Lincoln township, Clark County, South Dakota",025,37300,46
46154.0,"Rosedale township, Clark County, South Dakota",025,56020,46
-666666666.0,"Thorp township, Clark County, South Dakota",025,63380,46
48333.0,"Washington township, Clark County, South Dakota",025,68980,46
91094.0,"Garfield township, Clark County, South Dakota",025,23540,46
46875.0,"Raymond town, Clark County, South Dakota",025,53260,46
60000.0,"Vienna town, Clark County, South Dakota",025,67220,46
131750.0,"Woodland township, Clark County, South Dakota",025,72660,46
-666666666.0,"Blaine township, Clark County, South Dakota",025,05900,46
-666666666.0,"Fordham township, Clark County, South Dakota",025,22060,46
73750.0,"Garden City town, Clark County, South Dakota",025,23460,46
-666666666.0,"Mount Pleasant township, Clark County, South Dakota",025,44060,46
61429.0,"Richland township, Clark County, South Dakota",025,54580,46
36250.0,"Bradley town, Clark County, South Dakota",025,06660,46
-666666666.0,"Elrod township, Clark County, South Dakota",025,19220,46
68125.0,"Lake township, Clark County, South Dakota",025,34820,46
52750.0,"Pleasant township, Clark County, South Dakota",025,50340,46
44000.0,"Willow Lake city, Clark County, South Dakota",025,71940,46
86094.0,"Collins township, Clark County, South Dakota",025,13180,46
-666666666.0,"Logan township, Clark County, South Dakota",025,38220,46
-666666666.0,"Merton township, Clark County, South Dakota",025,42060,46
-666666666.0,"Sherman township, Faulk County, South Dakota",049,58540,46
-666666666.0,"Chelsea town, Faulk County, South Dakota",049,11500,46
-666666666.0,"Arcade township, Faulk County, South Dakota",049,01940,46
-666666666.0,"Irving township, Faulk County, South Dakota",049,32080,46
-666666666.0,"Centerville township, Faulk County, South Dakota",049,11020,46
135833.0,"Emerson township, Faulk County, South Dakota",049,19380,46
-666666666.0,"Myron township, Faulk County, South Dakota",049,44420,46
-666666666.0,"Scovil township, Jones County, South Dakota",075,58060,46
-666666666.0,"Westover UT, Jones County, South Dakota",075,70460,46
-666666666.0,"Dunkel township, Jones County, South Dakota",075,17380,46
-666666666.0,"Smithville township, Meade County, South Dakota",093,59610,46
107917.0,"Bristol township, Aurora County, South Dakota",003,07260,46
50893.0,"Aurora township, Aurora County, South Dakota",003,02740,46
53250.0,"Dudley township, Aurora County, South Dakota",003,17180,46
-666666666.0,"Pleasant Valley township, Aurora County, South Dakota",003,50700,46
60469.0,"White Lake city, Aurora County, South Dakota",003,71180,46
47813.0,"Center township, Aurora County, South Dakota",003,10900,46
-666666666.0,"Cooper township, Aurora County, South Dakota",003,13820,46
73438.0,"Crystal Lake township, Aurora County, South Dakota",003,14960,46
93750.0,"Palatine township, Aurora County, South Dakota",003,48180,46
96250.0,"Madison township, Grant County, South Dakota",051,40180,46
58125.0,"Stockholm town, Grant County, South Dakota",051,61740,46
53333.0,"Twin Brooks town, Grant County, South Dakota",051,64700,46
52321.0,"Adams township, Grant County, South Dakota",051,00260,46
56750.0,"Alban township, Grant County, South Dakota",051,00580,46
-666666666.0,"Albee town, Grant County, South Dakota",051,00620,46
66875.0,"Melrose township, Grant County, South Dakota",051,41940,46
35208.0,"Strandburg town, Grant County, South Dakota",051,61980,46
51178.0,"Milbank city, Grant County, South Dakota",051,42260,46
57917.0,"Osceola township, Grant County, South Dakota",051,47780,46
57841.0,"Revillo town, Grant County, South Dakota",051,54220,46
55446.0,"Big Stone township, Grant County, South Dakota",051,05500,46
73750.0,"Georgia township, Grant County, South Dakota",051,24100,46
50655.0,"Big Stone City city, Grant County, South Dakota",051,05540,46
42404.0,"Kilborn township, Grant County, South Dakota",051,33940,46
51528.0,"Stockholm township, Grant County, South Dakota",051,61780,46
-666666666.0,"Troy township, Grant County, South Dakota",051,64180,46
64722.0,"Twin Brooks township, Grant County, South Dakota",051,64740,46
60000.0,"Farmington township, Grant County, South Dakota",051,21180,46
63000.0,"Lura township, Grant County, South Dakota",051,39500,46
55625.0,"Marvin town, Grant County, South Dakota",051,41220,46
57143.0,"Vernon township, Grant County, South Dakota",051,66900,46
55000.0,"La Bolt town, Grant County, South Dakota",051,34540,46
61667.0,"Mazeppa township, Grant County, South Dakota",051,41580,46
51250.0,"Blooming Valley township, Grant County, South Dakota",051,06100,46
81182.0,"Grant Center township, Grant County, South Dakota",051,25740,46
-666666666.0,"Lone Tree township, Tripp County, South Dakota",123,38740,46
-666666666.0,"King township, Tripp County, South Dakota",123,34060,46
72614.0,"McNeely township, Tripp County, South Dakota",123,40100,46
-666666666.0,"Millboro township, Tripp County, South Dakota",123,42420,46
50750.0,"Pleasant View township, Tripp County, South Dakota",123,51100,46
-666666666.0,"Weaver township, Tripp County, South Dakota",123,69660,46
39306.0,"Ideal township, Tripp County, South Dakota",123,31260,46
-666666666.0,"Irwin township, Tripp County, South Dakota",123,32100,46
48867.0,"Box Elder city, Meade County, South Dakota",093,06620,46
-666666666.0,"Dakota township, Meade County, South Dakota",093,15255,46
-666666666.0,"Union township, Meade County, South Dakota",093,65380,46
-666666666.0,"Howard township, Meade County, South Dakota",093,30420,46
64536.0,"Southwest Meade UT, Meade County, South Dakota",093,59965,46
-666666666.0,"Lakeside township, Meade County, South Dakota",093,35540,46
39819.0,"Sturgis city, Meade County, South Dakota",093,62100,46
59904.0,"Belle Fourche-Cheyenne Valleys UT, Meade County, South Dakota",093,04400,46
45625.0,"Faith city, Meade County, South Dakota",093,20980,46
-666666666.0,"Eagle township, Meade County, South Dakota",093,17580,46
64643.0,"North Meade UT, Meade County, South Dakota",093,45605,46
-666666666.0,"Upper Red Owl township, Meade County, South Dakota",093,65660,46
47500.0,"East Potter UT, Potter County, South Dakota",107,17880,46
53448.0,"Gettysburg city, Potter County, South Dakota",107,24260,46
44286.0,"West Potter UT, Potter County, South Dakota",107,70590,46
83333.0,"Central Potter UT, Potter County, South Dakota",107,11190,46
48438.0,"Hoven town, Potter County, South Dakota",107,30300,46
25938.0,"Tolstoy town, Potter County, South Dakota",107,63700,46
-666666666.0,"Lebanon town, Potter County, South Dakota",107,36260,46
41058.0,"Childstown township, Turner County, South Dakota",125,11900,46
55833.0,"Parker city, Turner County, South Dakota",125,48380,46
79583.0,"Brothersfield township, Turner County, South Dakota",125,07700,46
79000.0,"Daneville township, Turner County, South Dakota",125,15380,46
113382.0,"Home township, Turner County, South Dakota",125,29820,46
61250.0,"Monroe township, Turner County, South Dakota",125,43420,46
66250.0,"Turner township, Turner County, South Dakota",125,64500,46
76786.0,"Parker township, Turner County, South Dakota",125,48420,46
46719.0,"Hurley city, Turner County, South Dakota",125,30980,46
41094.0,"Centerville city, Turner County, South Dakota",125,11060,46
81250.0,"Dolton town, Turner County, South Dakota",125,16860,46
90714.0,"Dolton township, Turner County, South Dakota",125,16900,46
49550.0,"Hayti town, Hamlin County, South Dakota",057,27820,46
-666666666.0,"Dixon township, Hamlin County, South Dakota",057,16740,46
81094.0,"Estelline township, Hamlin County, South Dakota",057,20020,46
96875.0,"Florence township, Hamlin County, South Dakota",057,21860,46
155385.0,"Hayti township, Hamlin County, South Dakota",057,27860,46
-666666666.0,"Saratoga township, Faulk County, South Dakota",049,57620,46
60000.0,"Clark township, Faulk County, South Dakota",049,12260,46
35750.0,"Cresbard town, Faulk County, South Dakota",049,14580,46
-666666666.0,"Devoe township, Faulk County, South Dakota",049,16340,46
53750.0,"Enterprise township, Faulk County, South Dakota",049,19700,46
39333.0,"Faulkton city, Faulk County, South Dakota",049,21260,46
-666666666.0,"Onaka town, Faulk County, South Dakota",049,46980,46
-666666666.0,"O'Neil township, Faulk County, South Dakota",049,47060,46
95865.0,"Tamworth township, Faulk County, South Dakota",049,62940,46
123333.0,"Hillsdale township, Faulk County, South Dakota",049,29180,46
-666666666.0,"Lafoon township, Faulk County, South Dakota",049,34700,46
-666666666.0,"Pulaski UT, Faulk County, South Dakota",049,52310,46
-666666666.0,"Seneca town, Faulk County, South Dakota",049,58180,46
-666666666.0,"Southwest Faulk UT, Faulk County, South Dakota",049,59960,46
98250.0,"Orient township, Faulk County, South Dakota",049,47500,46
-666666666.0,"Pioneer township, Faulk County, South Dakota",049,49780,46
88750.0,"Wesley township, Faulk County, South Dakota",049,70100,46
77500.0,"Rockham town, Faulk County, South Dakota",049,55540,46
110938.0,"Union township, Faulk County, South Dakota",049,65140,46
53250.0,"Zell township, Faulk County, South Dakota",049,73340,46
-666666666.0,"Bryant township, Faulk County, South Dakota",049,08020,46
55833.0,"Ellisville township, Faulk County, South Dakota",049,18900,46
34375.0,"Orient town, Faulk County, South Dakota",049,47460,46
-666666666.0,"Fairview township, Faulk County, South Dakota",049,20660,46
75104.0,"Freedom township, Faulk County, South Dakota",049,22980,46
250001.0,"Capital township, Hutchinson County, South Dakota",067,09700,46
47188.0,"Cross Plains township, Hutchinson County, South Dakota",067,14780,46
-666666666.0,"German township, Hutchinson County, South Dakota",067,24140,46
35000.0,"Grandview township, Hutchinson County, South Dakota",067,25420,46
23182.0,"Sweet township, Hutchinson County, South Dakota",067,62620,46
40000.0,"Olivet town, Hutchinson County, South Dakota",067,46900,46
50000.0,"Susquehanna township, Hutchinson County, South Dakota",067,62500,46
37857.0,"Tripp city, Hutchinson County, South Dakota",067,64020,46
84097.0,"Starr township, Hutchinson County, South Dakota",067,61420,46
58281.0,"Dimock town, Hutchinson County, South Dakota",067,16620,46
-666666666.0,"Fair township, Hutchinson County, South Dakota",067,20300,46
48750.0,"Freeman city, Hutchinson County, South Dakota",067,23020,46
45096.0,"Sharon township, Hutchinson County, South Dakota",067,58340,46
112727.0,"Middleton township, Turner County, South Dakota",125,42100,46
45052.0,"Irene city, Turner County, South Dakota",125,31940,46
46750.0,"Marion city, Turner County, South Dakota",125,40860,46
52083.0,"Marion township, Turner County, South Dakota",125,40900,46
43125.0,"Monroe town, Turner County, South Dakota",125,43380,46
62656.0,"Rosefield township, Turner County, South Dakota",125,56180,46
83750.0,"Swan Lake township, Turner County, South Dakota",125,62580,46
86875.0,"Norway township, Turner County, South Dakota",125,45980,46
52917.0,"Centerville township, Turner County, South Dakota",125,11100,46
88056.0,"Germantown township, Turner County, South Dakota",125,24220,46
54583.0,"Chancellor town, Turner County, South Dakota",125,11380,46
62292.0,"Hurley township, Turner County, South Dakota",125,31020,46
39083.0,"Spring Valley township, Turner County, South Dakota",125,61140,46
46250.0,"Davis town, Turner County, South Dakota",125,15540,46
-666666666.0,"Salem township, Turner County, South Dakota",125,57420,46
41875.0,"Viborg city, Turner County, South Dakota",125,67020,46
-666666666.0,"Putney township, Brown County, South Dakota",013,52460,46
61875.0,"Garland township, Brown County, South Dakota",013,23780,46
54844.0,"Gem township, Brown County, South Dakota",013,24020,46
-666666666.0,"Carlisle township, Brown County, South Dakota",013,09860,46
46250.0,"Claremont town, Brown County, South Dakota",013,12100,46
76632.0,"Claremont township, Brown County, South Dakota",013,12140,46
61094.0,"Groton city, Brown County, South Dakota",013,26340,46
117813.0,"Highland township, Brown County, South Dakota",013,28660,46
-666666666.0,"Portage township, Brown County, South Dakota",013,51380,46
-666666666.0,"Bates township, Brown County, South Dakota",013,03780,46
91600.0,"Ordway township, Brown County, South Dakota",013,47420,46
-666666666.0,"Palmyra township, Brown County, South Dakota",013,48260,46
93125.0,"Westport township, Brown County, South Dakota",013,70580,46
73750.0,"Richland township, Brown County, South Dakota",013,54500,46
-666666666.0,"South Detroit township, Brown County, South Dakota",013,59840,46
48333.0,"Westport town, Brown County, South Dakota",013,70540,46
-666666666.0,"Lansing township, Brown County, South Dakota",013,35860,46
-666666666.0,"Riverside township, Brown County, South Dakota",013,54980,46
-666666666.0,"New Hope township, Brown County, South Dakota",013,44980,46
-666666666.0,"Columbia township, Brown County, South Dakota",013,13460,46
83333.0,"Franklyn township, Brown County, South Dakota",013,22820,46
-666666666.0,"Groton township, Brown County, South Dakota",013,26380,46
43438.0,"Valley township, Hutchinson County, South Dakota",067,66140,46
88750.0,"Wittenberg township, Hutchinson County, South Dakota",067,72420,46
58000.0,"Wolf Creek township, Hutchinson County, South Dakota",067,72460,46
-666666666.0,"Kaylor township, Hutchinson County, South Dakota",067,33420,46
49653.0,"Parkston city, Hutchinson County, South Dakota",067,48460,46
67813.0,"Kulm township, Hutchinson County, South Dakota",067,34420,46
34545.0,"Menno city, Hutchinson County, South Dakota",067,41980,46
50938.0,"Molan township, Hutchinson County, South Dakota",067,43260,46
131094.0,"Foster township, Hutchinson County, South Dakota",067,22420,46
60673.0,"Oak Hollow township, Hutchinson County, South Dakota",067,46300,46
80000.0,"Pleasant township, Hutchinson County, South Dakota",067,50420,46
57917.0,"Silver Lake township, Hutchinson County, South Dakota",067,58860,46
250001.0,"Clayton township, Hutchinson County, South Dakota",067,12460,46
-666666666.0,"Kassel township, Hutchinson County, South Dakota",067,33340,46
69250.0,"Milltown township, Hutchinson County, South Dakota",067,42660,46
87386.0,"Liberty township, Hutchinson County, South Dakota",067,36940,46
69375.0,"Manchester township, Kingsbury County, South Dakota",077,40500,46
91875.0,"Badger township, Kingsbury County, South Dakota",077,03100,46
88179.0,"De Smet township, Kingsbury County, South Dakota",077,16300,46
90625.0,"Spirit Lake township, Kingsbury County, South Dakota",077,60220,46
71250.0,"Spring Lake township, Kingsbury County, South Dakota",077,60940,46
46500.0,"Iroquois city, Kingsbury County, South Dakota",077,32020,46
61875.0,"Whitewood township, Kingsbury County, South Dakota",077,71540,46
31875.0,"Erwin town, Kingsbury County, South Dakota",077,19860,46
74219.0,"Le Sueur township, Kingsbury County, South Dakota",077,36580,46
46250.0,"Arlington city, Kingsbury County, South Dakota",077,02180,46
-666666666.0,"Bancroft town, Kingsbury County, South Dakota",077,03420,46
41429.0,"Lake Preston city, Kingsbury County, South Dakota",077,35500,46
125417.0,"Mathews township, Kingsbury County, South Dakota",077,41260,46
-666666666.0,"Esmond township, Kingsbury County, South Dakota",077,19940,46
36964.0,"Oldham city, Kingsbury County, South Dakota",077,46780,46
46042.0,"Badger town, Kingsbury County, South Dakota",077,03060,46
64000.0,"Baker township, Kingsbury County, South Dakota",077,03340,46
92917.0,"Denver township, Kingsbury County, South Dakota",077,16220,46
60556.0,"De Smet city, Kingsbury County, South Dakota",077,16260,46
59375.0,"Hartland township, Kingsbury County, South Dakota",077,27700,46
-666666666.0,"Hetland town, Kingsbury County, South Dakota",077,28460,46
81250.0,"Iroquois township, Kingsbury County, South Dakota",077,32060,46
41875.0,"Columbia city, Brown County, South Dakota",013,13420,46
47917.0,"Peever town, Roberts County, South Dakota",109,48940,46
75625.0,"Summit township, Roberts County, South Dakota",109,62260,46
76250.0,"Lawrence township, Roberts County, South Dakota",109,36140,46
91310.0,"Grant township, Roberts County, South Dakota",109,25700,46
163650.0,"Hart township, Roberts County, South Dakota",109,27500,46
35625.0,"Lien township, Roberts County, South Dakota",109,37100,46
-666666666.0,"White Rock town, Roberts County, South Dakota",109,71380,46
80417.0,"Agency township, Roberts County, South Dakota",109,00500,46
34167.0,"Easter township, Roberts County, South Dakota",109,17780,46
87083.0,"Becker township, Roberts County, South Dakota",109,04220,46
52417.0,"Garfield township, Roberts County, South Dakota",109,23700,46
54297.0,"Colman city, Moody County, South Dakota",101,13220,46
87917.0,"Lone Rock township, Moody County, South Dakota",101,38500,46
115288.0,"Riverview township, Moody County, South Dakota",101,55260,46
-666666666.0,"Ward township, Moody County, South Dakota",101,68700,46
75938.0,"Spring Creek township, Moody County, South Dakota",101,60460,46
55417.0,"Ward town, Moody County, South Dakota",101,68660,46
-666666666.0,"Clare township, Moody County, South Dakota",101,12060,46
62679.0,"Fremont township, Moody County, South Dakota",101,23060,46
-666666666.0,"Lynn township, Moody County, South Dakota",101,39660,46
80486.0,"Egan township, Moody County, South Dakota",101,18500,46
103571.0,"Flandreau township, Moody County, South Dakota",101,21580,46
78542.0,"Jefferson township, Moody County, South Dakota",101,32620,46
-666666666.0,"Alliance township, Moody County, South Dakota",101,00940,46
-666666666.0,"Enterprise township, Moody County, South Dakota",101,19740,46
-666666666.0,"Blinsmon township, Moody County, South Dakota",101,06020,46
85735.0,"Grovena township, Moody County, South Dakota",101,26500,46
56875.0,"Trent town, Moody County, South Dakota",101,63940,46
38125.0,"Egan city, Moody County, South Dakota",101,18460,46
52328.0,"Colman township, Moody County, South Dakota",101,13260,46
-666666666.0,"Union township, Moody County, South Dakota",101,65420,46
45074.0,"Flandreau city, Moody County, South Dakota",101,21540,46
-666666666.0,"Chaudoin township, Perkins County, South Dakota",105,11420,46
-666666666.0,"Ada township, Perkins County, South Dakota",105,00220,46
-666666666.0,"Burdick township, Perkins County, South Dakota",105,08580,46
85833.0,"Chance township, Perkins County, South Dakota",105,11340,46
-666666666.0,"Clark township, Perkins County, South Dakota",105,12300,46
-666666666.0,"Wilson township, Perkins County, South Dakota",105,72020,46
-666666666.0,"Marshfield township, Perkins County, South Dakota",105,41060,46
-666666666.0,"Plateau township, Perkins County, South Dakota",105,50180,46
40625.0,"South Perkins UT, Perkins County, South Dakota",105,59880,46
127708.0,"Wells township, Perkins County, South Dakota",105,69960,46
-666666666.0,"Fredlund township, Perkins County, South Dakota",105,22940,46
-666666666.0,"Florence township, Hand County, South Dakota",059,21900,46
-666666666.0,"Glendale township, Hand County, South Dakota",059,24500,46
-666666666.0,"Holden township, Hand County, South Dakota",059,29660,46
-666666666.0,"Mondamin township, Hand County, South Dakota",059,43300,46
-666666666.0,"Pearl township, Hand County, South Dakota",059,48700,46
-666666666.0,"Rockdale township, Hand County, South Dakota",059,55420,46
-666666666.0,"Wessington city, Hand County, South Dakota",059,70140,46
103833.0,"Wheaton township, Hand County, South Dakota",059,70860,46
46172.0,"Greenleaf township, Hand County, South Dakota",059,25980,46
211500.0,"Alpha township, Hand County, South Dakota",059,01100,46
58375.0,"Northwest Hand UT, Hand County, South Dakota",059,45795,46
43594.0,"Wentworth village, Lake County, South Dakota",079,70020,46
67708.0,"Wayne township, Lake County, South Dakota",079,69580,46
80104.0,"Chester township, Lake County, South Dakota",079,11700,46
82656.0,"Concord township, Lake County, South Dakota",079,13660,46
-666666666.0,"Farmington township, Lake County, South Dakota",079,21220,46
-666666666.0,"Summit township, Lake County, South Dakota",079,62180,46
102708.0,"Nunda township, Lake County, South Dakota",079,46100,46
36250.0,"Nunda town, Lake County, South Dakota",079,46060,46
47500.0,"Rutland township, Lake County, South Dakota",079,57020,46
-666666666.0,"Clarno township, Lake County, South Dakota",079,12380,46
83990.0,"Lake View township, Lake County, South Dakota",079,35660,46
65489.0,"Winfred township, Lake County, South Dakota",079,72140,46
49375.0,"Badus township, Lake County, South Dakota",079,03180,46
139063.0,"Le Roy township, Lake County, South Dakota",079,36500,46
50502.0,"Madison city, Lake County, South Dakota",079,40220,46
-666666666.0,"Orland township, Lake County, South Dakota",079,47580,46
87708.0,"Wentworth township, Lake County, South Dakota",079,70060,46
55625.0,"Ramona town, Lake County, South Dakota",079,52860,46
110536.0,"Franklin township, Lake County, South Dakota",079,22780,46
94519.0,"Herman township, Lake County, South Dakota",079,28260,46
83333.0,"East Central Pennington UT, Pennington County, South Dakota",103,17730,46
37396.0,"West Todd UT, Todd County, South Dakota",121,70635,46
65234.0,"East Todd UT, Todd County, South Dakota",121,17955,46
46250.0,"St. Francis town, Todd County, South Dakota",121,57140,46
49375.0,"Mission city, Todd County, South Dakota",121,42940,46
56696.0,"Civil Bend township, Union County, South Dakota",127,11980,46
63984.0,"Richland UT, Union County, South Dakota",127,54760,46
69583.0,"Big Springs township, Union County, South Dakota",127,05460,46
62763.0,"Elk Point city, Union County, South Dakota",127,18620,46
53036.0,"Virginia township, Union County, South Dakota",127,67580,46
38000.0,"Alcester township, Union County, South Dakota",127,00740,46
63419.0,"Beresford city, Union County, South Dakota",127,04980,46
-666666666.0,"Brule township, Union County, South Dakota",127,07860,46
44102.0,"Alcester city, Union County, South Dakota",127,00700,46
98824.0,"Big Sioux township, Union County, South Dakota",127,05380,46
-666666666.0,"Sioux Valley township, Union County, South Dakota",127,59140,46
102969.0,"Spink township, Union County, South Dakota",127,60140,46
75703.0,"Elk Point township, Union County, South Dakota",127,18660,46
54722.0,"Jefferson city, Union County, South Dakota",127,32700,46
165500.0,"Jefferson township, Union County, South Dakota",127,32740,46
53563.0,"North Sioux City city, Union County, South Dakota",127,45700,46
90455.0,"Prairie township, Union County, South Dakota",127,51540,46
91250.0,"Emmet township, Union County, South Dakota",127,19500,46
52188.0,"Adams township, Miner County, South Dakota",097,00300,46
72500.0,"Canova township, Miner County, South Dakota",097,09460,46
33750.0,"Clinton township, Miner County, South Dakota",097,12980,46
-666666666.0,"Redstone township, Miner County, South Dakota",097,53860,46
56607.0,"Vermillion township, Miner County, South Dakota",097,66780,46
66071.0,"Clearwater township, Miner County, South Dakota",097,12700,46
27143.0,"Beaver township, Miner County, South Dakota",097,04100,46
44167.0,"Canova town, Miner County, South Dakota",097,09420,46
33333.0,"Carthage city, Miner County, South Dakota",097,10220,46
-666666666.0,"Carthage township, Miner County, South Dakota",097,10260,46
-666666666.0,"Grafton township, Miner County, South Dakota",097,25060,46
-666666666.0,"Green Valley township, Miner County, South Dakota",097,26020,46
38631.0,"Deadwood city, Lawrence County, South Dakota",081,15700,46
61712.0,"North Lawrence UT, Lawrence County, South Dakota",081,45600,46
65573.0,"South Lawrence UT, Lawrence County, South Dakota",081,59870,46
35625.0,"Central City city, Lawrence County, South Dakota",081,11140,46
44139.0,"Lead city, Lawrence County, South Dakota",081,36220,46
56528.0,"Whitewood city, Lawrence County, South Dakota",081,71580,46
-666666666.0,"St. Onge township, Lawrence County, South Dakota",081,57300,46
45662.0,"Spearfish city, Lawrence County, South Dakota",081,60020,46
80000.0,"Walshtown township, Yankton County, South Dakota",135,68540,46
58833.0,"Gayville town, Yankton County, South Dakota",135,23900,46
-666666666.0,"Irene city, Yankton County, South Dakota",135,31940,46
56125.0,"Mission Hill town, Yankton County, South Dakota",135,42980,46
43250.0,"Turkey Valley township, Yankton County, South Dakota",135,64460,46
58750.0,"Utica town, Yankton County, South Dakota",135,65780,46
59110.0,"Southeast Yankton UT, Yankton County, South Dakota",135,59858,46
76985.0,"Volin township, Yankton County, South Dakota",135,67820,46
56250.0,"Volin town, Yankton County, South Dakota",135,67780,46
66611.0,"West Yankton UT, Yankton County, South Dakota",135,70650,46
53611.0,"Utica township, Yankton County, South Dakota",135,65820,46
62750.0,"Mayfield township, Yankton County, South Dakota",135,41540,46
110000.0,"Gayville township, Yankton County, South Dakota",135,23940,46
-666666666.0,"Jamesville township, Yankton County, South Dakota",135,32380,46
123182.0,"Mission Hill township, Yankton County, South Dakota",135,43020,46
61250.0,"Lesterville town, Yankton County, South Dakota",135,36540,46
41130.0,"Yankton city, Yankton County, South Dakota",135,73060,46
84327.0,"Marindahl township, Yankton County, South Dakota",135,40820,46
81875.0,"Dexter township, Codington County, South Dakota",029,16500,46
67500.0,"East Rondell township, Brown County, South Dakota",013,17900,46
104167.0,"Hecla township, Brown County, South Dakota",013,28020,46
-666666666.0,"Liberty township, Brown County, South Dakota",013,36780,46
103750.0,"Bath township, Brown County, South Dakota",013,03940,46
-666666666.0,"Cambria township, Brown County, South Dakota",013,09180,46
95926.0,"Garden Prairie township, Brown County, South Dakota",013,23500,46
73854.0,"Lincoln township, Brown County, South Dakota",013,37260,46
46875.0,"Stratford town, Brown County, South Dakota",013,62020,46
-666666666.0,"West Hanson township, Brown County, South Dakota",013,70380,46
48750.0,"Frederick town, Brown County, South Dakota",013,22860,46
-666666666.0,"Henry township, Brown County, South Dakota",013,28100,46
-666666666.0,"Mercier township, Brown County, South Dakota",013,42020,46
45000.0,"Oneota township, Brown County, South Dakota",013,47100,46
-666666666.0,"Verdon town, Brown County, South Dakota",013,66660,46
86250.0,"Warner town, Brown County, South Dakota",013,68740,46
57917.0,"Brainard township, Brown County, South Dakota",013,06700,46
49971.0,"Aberdeen city, Brown County, South Dakota",013,00100,46
86250.0,"Aberdeen township, Brown County, South Dakota",013,00140,46
83750.0,"Allison township, Brown County, South Dakota",013,00980,46
-666666666.0,"North Detroit township, Brown County, South Dakota",013,45540,46
102054.0,"Ravinia township, Brown County, South Dakota",013,53180,46
45417.0,"Savo township, Brown County, South Dakota",013,57660,46
62688.0,"Warner township, Brown County, South Dakota",013,68780,46
-666666666.0,"Osceola township, Brown County, South Dakota",013,47740,46
-666666666.0,"Shelby township, Brown County, South Dakota",013,58380,46
250001.0,"Prairiewood township, Brown County, South Dakota",013,51720,46
-666666666.0,"Greenfield township, Brown County, South Dakota",013,25820,46
96625.0,"West Rondell township, Brown County, South Dakota",013,70620,46
68750.0,"Frederick township, Brown County, South Dakota",013,22900,46
63669.0,"East Hanson township, Brown County, South Dakota",013,17820,46
46875.0,"Hecla city, Brown County, South Dakota",013,27980,46
63333.0,"Platte township, Charles Mix County, South Dakota",023,50300,46
-666666666.0,"Wahehe township, Charles Mix County, South Dakota",023,68060,46
49583.0,"Lawrence township, Charles Mix County, South Dakota",023,36100,46
-666666666.0,"Ravinia town, Charles Mix County, South Dakota",023,53220,46
-666666666.0,"Signal township, Charles Mix County, South Dakota",023,58740,46
46250.0,"Bryan township, Charles Mix County, South Dakota",023,07940,46
-666666666.0,"Lowry town, Walworth County, South Dakota",129,39260,46
49167.0,"Selby city, Walworth County, South Dakota",129,58140,46
42225.0,"Mobridge city, Walworth County, South Dakota",129,43180,46
41250.0,"Glenham town, Walworth County, South Dakota",129,24620,46
41875.0,"Akaska town, Walworth County, South Dakota",129,00540,46
35938.0,"Java town, Walworth County, South Dakota",129,32460,46
57260.0,"East Walworth UT, Walworth County, South Dakota",129,17960,46
79018.0,"West Walworth UT, Walworth County, South Dakota",129,70640,46
-666666666.0,"North Buffalo UT, Buffalo County, South Dakota",017,45510,46
59063.0,"Crow Creek UT, Buffalo County, South Dakota",017,14830,46
-666666666.0,"Southeast Buffalo UT, Buffalo County, South Dakota",017,59850,46
-666666666.0,"Elvira township, Buffalo County, South Dakota",017,19300,46
79135.0,"Bethel township, Clay County, South Dakota",027,05100,46
42500.0,"Meckling township, Clay County, South Dakota",027,41740,46
88750.0,"Prairie Center township, Clay County, South Dakota",027,51580,46
99286.0,"Vermillion township, Clay County, South Dakota",027,66740,46
57868.0,"Spirit Mound township, Clay County, South Dakota",027,60260,46
59740.0,"Pleasant Valley township, Clay County, South Dakota",027,50740,46
38393.0,"Vermillion city, Clay County, South Dakota",027,66700,46
42375.0,"Garfield township, Clay County, South Dakota",027,23580,46
56364.0,"Irene city, Clay County, South Dakota",027,31940,46
70625.0,"Riverside township, Clay County, South Dakota",027,55020,46
43125.0,"Wakonda town, Clay County, South Dakota",027,68100,46
73575.0,"Fairview township, Clay County, South Dakota",027,20580,46
-666666666.0,"Star township, Clay County, South Dakota",027,61340,46
54861.0,"Norway township, Clay County, South Dakota",027,45860,46
-666666666.0,"Glenwood township, Clay County, South Dakota",027,24660,46
-666666666.0,"Butler township, Day County, South Dakota",037,08900,46
41250.0,"Roslyn town, Day County, South Dakota",037,56380,46
-666666666.0,"Independence township, Day County, South Dakota",037,31460,46
-666666666.0,"Kidder township, Day County, South Dakota",037,33860,46
64107.0,"Kosciusko township, Day County, South Dakota",037,34300,46
-666666666.0,"Morton township, Day County, South Dakota",037,43900,46
34732.0,"Webster city, Day County, South Dakota",037,69780,46
45250.0,"Andover town, Day County, South Dakota",037,01500,46
-666666666.0,"Carroll township, Charles Mix County, South Dakota",023,10100,46
143750.0,"Castalia UT, Charles Mix County, South Dakota",023,10340,46
60313.0,"Goose Lake township, Charles Mix County, South Dakota",023,24900,46
-666666666.0,"Kennedy township, Charles Mix County, South Dakota",023,33660,46
60667.0,"Darlington township, Charles Mix County, South Dakota",023,15460,46
61146.0,"Jackson township, Charles Mix County, South Dakota",023,32220,46
-666666666.0,"Lake George township, Charles Mix County, South Dakota",023,35340,46
60000.0,"Dante town, Charles Mix County, South Dakota",023,15420,46
56250.0,"Rouse township, Charles Mix County, South Dakota",023,56500,46
51964.0,"Howard township, Charles Mix County, South Dakota",023,30380,46
-666666666.0,"La Roche township, Charles Mix County, South Dakota",023,36020,46
-666666666.0,"Moore township, Charles Mix County, South Dakota",023,43580,46
47500.0,"Plain Center township, Charles Mix County, South Dakota",023,49820,46
-666666666.0,"Forbes township, Charles Mix County, South Dakota",023,22020,46
61667.0,"Pickstown town, Charles Mix County, South Dakota",023,49460,46
41346.0,"Wagner city, Charles Mix County, South Dakota",023,68020,46
175156.0,"Rhoda township, Charles Mix County, South Dakota",023,54340,46
37188.0,"Lake Andes city, Charles Mix County, South Dakota",023,35100,46
50625.0,"Choteau Creek township, Charles Mix County, South Dakota",023,11940,46
42583.0,"Geddes city, Charles Mix County, South Dakota",023,23980,46
46250.0,"Platte city, Charles Mix County, South Dakota",023,50260,46
86042.0,"Ree township, Charles Mix County, South Dakota",023,53900,46
56250.0,"White Swan township, Charles Mix County, South Dakota",023,71500,46
83750.0,"Highland township, Charles Mix County, South Dakota",023,28740,46
-666666666.0,"Hamilton township, Charles Mix County, South Dakota",023,26700,46
33750.0,"Lone Tree township, Charles Mix County, South Dakota",023,38620,46
85781.0,"Hanson township, Hanson County, South Dakota",061,26940,46
43750.0,"Plano township, Hanson County, South Dakota",061,50140,46
42917.0,"Fulton town, Hanson County, South Dakota",061,23220,46
74250.0,"Rosedale township, Hanson County, South Dakota",061,56060,46
51250.0,"Fairview township, Hanson County, South Dakota",061,20740,46
52188.0,"Taylor township, Hanson County, South Dakota",061,63020,46
95179.0,"Wayne township, Hanson County, South Dakota",061,69540,46
62857.0,"Worthen township, Hanson County, South Dakota",061,72780,46
47500.0,"Beulah township, Hanson County, South Dakota",061,05260,46
51875.0,"Emery city, Hanson County, South Dakota",061,19420,46
84583.0,"Jasper township, Hanson County, South Dakota",061,32420,46
66875.0,"Spring Lake township, Hanson County, South Dakota",061,60860,46
111429.0,"Raritan township, Day County, South Dakota",037,53020,46
34118.0,"Central Point township, Day County, South Dakota",037,11180,46
-666666666.0,"Egeland township, Day County, South Dakota",037,18540,46
52188.0,"Pierpont town, Day County, South Dakota",037,49540,46
-666666666.0,"Valley township, Day County, South Dakota",037,66020,46
-666666666.0,"York township, Day County, South Dakota",037,73220,46
-666666666.0,"Lily town, Day County, South Dakota",037,37140,46
-666666666.0,"Andover township, Day County, South Dakota",037,01540,46
-666666666.0,"Butler town, Day County, South Dakota",037,08860,46
-666666666.0,"Liberty township, Day County, South Dakota",037,36860,46
88194.0,"Webster township, Day County, South Dakota",037,69740,46
-666666666.0,"Highland township, Day County, South Dakota",037,28780,46
-666666666.0,"Troy township, Day County, South Dakota",037,64100,46
-666666666.0,"Bristol township, Day County, South Dakota",037,07340,46
-666666666.0,"Grenville township, Day County, South Dakota",037,26260,46
45417.0,"Waubay township, Day County, South Dakota",037,69380,46
46406.0,"Bristol city, Day County, South Dakota",037,07300,46
-666666666.0,"Lynn township, Day County, South Dakota",037,39580,46
-666666666.0,"Rusk township, Day County, South Dakota",037,56940,46
31607.0,"Grenville town, Day County, South Dakota",037,26220,46
-666666666.0,"Oak Gulch township, Day County, South Dakota",037,46260,46
-666666666.0,"Scotland township, Day County, South Dakota",037,58020,46
48542.0,"Waubay city, Day County, South Dakota",037,69340,46
53906.0,"Wheatland township, Day County, South Dakota",037,70820,46
-666666666.0,"Racine township, Day County, South Dakota",037,52660,46
-666666666.0,"Homer township, Day County, South Dakota",037,29860,46
-666666666.0,"Farmington township, Day County, South Dakota",037,21140,46
146477.0,"Nutley township, Day County, South Dakota",037,46140,46
-666666666.0,"Union township, Day County, South Dakota",037,65060,46
87708.0,"North Dewey UT, Dewey County, South Dakota",041,45545,46
49500.0,"Timber Lake city, Dewey County, South Dakota",041,63620,46
46875.0,"South Dewey UT, Dewey County, South Dakota",041,59842,46
60417.0,"Eagle Butte city, Dewey County, South Dakota",041,17620,46
71250.0,"Independence township, Douglas County, South Dakota",043,31500,46
-666666666.0,"Lincoln township, Douglas County, South Dakota",043,37380,46
45625.0,"Delmont city, Douglas County, South Dakota",043,16060,46
87917.0,"Joubert township, Douglas County, South Dakota",043,33060,46
-666666666.0,"Farmer town, Hanson County, South Dakota",061,21060,46
84583.0,"Edgerton township, Hanson County, South Dakota",061,18340,46
53333.0,"Pleasant township, Hanson County, South Dakota",061,50380,46
51719.0,"Alexandria city, Hanson County, South Dakota",061,00820,46
39950.0,"Canistota city, McCook County, South Dakota",087,09300,46
76667.0,"Montrose township, McCook County, South Dakota",087,43540,46
75750.0,"Ramsey township, McCook County, South Dakota",087,52900,46
60804.0,"Benton township, McCook County, South Dakota",087,04820,46
62917.0,"Richland township, McCook County, South Dakota",087,54740,46
-666666666.0,"Bridgewater township, McCook County, South Dakota",087,07220,46
54107.0,"Canistota township, McCook County, South Dakota",087,09340,46
-666666666.0,"Emery township, McCook County, South Dakota",087,19460,46
67583.0,"Montrose city, McCook County, South Dakota",087,43500,46
106250.0,"Salem township, McCook County, South Dakota",087,57380,46
74375.0,"Spring Valley township, McCook County, South Dakota",087,61060,46
57826.0,"Bridgewater city, McCook County, South Dakota",087,07180,46
82614.0,"Grant township, McCook County, South Dakota",087,25660,46
77917.0,"Greenland township, McCook County, South Dakota",087,25940,46
-666666666.0,"Horse Creek township, Perkins County, South Dakota",105,30060,46
-666666666.0,"Bryant township, Roberts County, South Dakota",109,08100,46
60938.0,"Floyd township, Sanborn County, South Dakota",111,21940,46
-666666666.0,"Minnesota township, Roberts County, South Dakota",109,42820,46
78333.0,"Victor township, Roberts County, South Dakota",109,67180,46
52875.0,"Letcher town, Sanborn County, South Dakota",111,36620,46
44375.0,"Artesian town, Sanborn County, South Dakota",111,02380,46
-666666666.0,"Union township, Sanborn County, South Dakota",111,65460,46
42083.0,"Logan township, Sanborn County, South Dakota",111,38460,46
-666666666.0,"Benedict township, Sanborn County, South Dakota",111,04780,46
71875.0,"Elliott township, Sanborn County, South Dakota",111,18780,46
71000.0,"Butler township, Sanborn County, South Dakota",111,08940,46
68958.0,"Silver Creek township, Sanborn County, South Dakota",111,58820,46
42917.0,"Warren township, Sanborn County, South Dakota",111,68860,46
95313.0,"Twin Lake township, Sanborn County, South Dakota",111,64820,46
140375.0,"Jackson township, Sanborn County, South Dakota",111,32300,46
105833.0,"Letcher township, Sanborn County, South Dakota",111,36660,46
47159.0,"Woonsocket city, Sanborn County, South Dakota",111,72700,46
54643.0,"Woonsocket township, Sanborn County, South Dakota",111,72740,46
76250.0,"Afton township, Sanborn County, South Dakota",111,00420,46
-666666666.0,"Ravenna township, Sanborn County, South Dakota",111,53140,46
63750.0,"Oneida township, Sanborn County, South Dakota",111,47020,46
96964.0,"Diana township, Sanborn County, South Dakota",111,16540,46
63750.0,"East Sully UT, Sully County, South Dakota",119,17950,46
81250.0,"West Sully UT, Sully County, South Dakota",119,70630,46
-666666666.0,"Agar town, Sully County, South Dakota",119,00460,46
57321.0,"Onida city, Sully County, South Dakota",119,47180,46
61667.0,"Grant township, Lincoln County, South Dakota",083,25620,46
101607.0,"Norway township, Lincoln County, South Dakota",083,45900,46
61250.0,"Fairview town, Lincoln County, South Dakota",083,20780,46
51667.0,"Hudson town, Lincoln County, South Dakota",083,30740,46
104167.0,"Springdale township, Lincoln County, South Dakota",083,60580,46
-666666666.0,"Fairview township, Lincoln County, South Dakota",083,20820,46
95461.0,"Highland township, Lincoln County, South Dakota",083,28860,46
80893.0,"Lynn township, Lincoln County, South Dakota",083,39620,46
-666666666.0,"Brooklyn township, Lincoln County, South Dakota",083,07660,46
-666666666.0,"Lodgepole township, Perkins County, South Dakota",105,38100,46
78125.0,"Rockford township, Perkins County, South Dakota",105,55500,46
-666666666.0,"Strool township, Perkins County, South Dakota",105,62060,46
-666666666.0,"Vail township, Perkins County, South Dakota",105,65860,46
-666666666.0,"Vrooman township, Perkins County, South Dakota",105,67900,46
-666666666.0,"Flat Creek township, Perkins County, South Dakota",105,21700,46
21250.0,"Scotch Cap township, Perkins County, South Dakota",105,57900,46
-666666666.0,"Barrett township, Perkins County, South Dakota",105,03740,46
43000.0,"Bison town, Perkins County, South Dakota",105,05620,46
-666666666.0,"Englewood township, Perkins County, South Dakota",105,19620,46
-666666666.0,"Grand River township, Perkins County, South Dakota",105,25220,46
42955.0,"Lemmon city, Perkins County, South Dakota",105,36340,46
63250.0,"Meadow township, Perkins County, South Dakota",105,41660,46
-666666666.0,"Foster township, Perkins County, South Dakota",105,22460,46
-666666666.0,"Maltby township, Perkins County, South Dakota",105,40420,46
-666666666.0,"Pleasant Valley UT, Perkins County, South Dakota",105,50940,46
-666666666.0,"Duck Creek UT, Perkins County, South Dakota",105,17170,46
51042.0,"Lincoln township, Perkins County, South Dakota",105,37580,46
-666666666.0,"Martin township, Perkins County, South Dakota",105,41140,46
89375.0,"Rainbow township, Perkins County, South Dakota",105,52700,46
-666666666.0,"Sidney township, Perkins County, South Dakota",105,58700,46
-666666666.0,"Trail township, Perkins County, South Dakota",105,63860,46
-666666666.0,"Viking township, Perkins County, South Dakota",105,67300,46
-666666666.0,"White Butte township, Perkins County, South Dakota",105,71060,46
-666666666.0,"Cash township, Perkins County, South Dakota",105,10300,46
-666666666.0,"Duell township, Perkins County, South Dakota",105,17260,46
-666666666.0,"Hall township, Perkins County, South Dakota",105,26620,46
-666666666.0,"Liberty township, Perkins County, South Dakota",105,37020,46
78750.0,"Lone Tree township, Perkins County, South Dakota",105,38700,46
-666666666.0,"Bison township, Perkins County, South Dakota",105,05660,46
51458.0,"Canton city, Lincoln County, South Dakota",083,09500,46
80324.0,"Harrisburg city, Lincoln County, South Dakota",083,27260,46
88824.0,"Sioux Falls city, Lincoln County, South Dakota",083,59020,46
70000.0,"La Valley township, Lincoln County, South Dakota",083,36060,46
82763.0,"Canton township, Lincoln County, South Dakota",083,09540,46
77377.0,"Delapre township, Lincoln County, South Dakota",083,15900,46
49414.0,"Lennox city, Lincoln County, South Dakota",083,36380,46
58482.0,"Lincoln township, Lincoln County, South Dakota",083,37500,46
92083.0,"Delaware township, Lincoln County, South Dakota",083,15940,46
88194.0,"Eden township, Lincoln County, South Dakota",083,18140,46
32375.0,"Pleasant township, Lincoln County, South Dakota",083,50500,46
78333.0,"Dayton township, Lincoln County, South Dakota",083,15620,46
98889.0,"Perry township, Lincoln County, South Dakota",083,49260,46
81607.0,"Tea city, Lincoln County, South Dakota",083,63100,46
35781.0,"Beresford city, Lincoln County, South Dakota",083,04980,46
-666666666.0,"Campbell township, Hand County, South Dakota",059,09220,46
78214.0,"Miller township, Hand County, South Dakota",059,42500,46
43125.0,"Ree Heights town, Hand County, South Dakota",059,53940,46
61875.0,"Como township, Hand County, South Dakota",059,13540,46
-666666666.0,"Grand township, Hand County, South Dakota",059,25100,46
-666666666.0,"Hiland township, Hand County, South Dakota",059,29060,46
41719.0,"Midland township, Hand County, South Dakota",059,42180,46
-666666666.0,"Linn township, Hand County, South Dakota",059,37780,46
26000.0,"Park township, Hand County, South Dakota",059,48340,46
-666666666.0,"Plato township, Hand County, South Dakota",059,50220,46
-666666666.0,"Bates township, Hand County, South Dakota",059,03820,46
-666666666.0,"Rose Hill township, Hand County, South Dakota",059,56220,46
183438.0,"Gilbert township, Hand County, South Dakota",059,24340,46
46771.0,"Ohio township, Hand County, South Dakota",059,46580,46
-666666666.0,"Ontario township, Hand County, South Dakota",059,47220,46
-666666666.0,"Riverside township, Hand County, South Dakota",059,55100,46
-666666666.0,"Germantown township, Codington County, South Dakota",029,24180,46
48571.0,"Henry town, Codington County, South Dakota",029,28140,46
83250.0,"Lake township, Codington County, South Dakota",029,34860,46
58309.0,"Sheridan township, Codington County, South Dakota",029,58420,46
63125.0,"Wallace town, Codington County, South Dakota",029,68420,46
106875.0,"Leola township, Codington County, South Dakota",029,36420,46
50625.0,"Rauville township, Codington County, South Dakota",029,53100,46
78603.0,"Eden township, Codington County, South Dakota",029,18060,46
66250.0,"Henry township, Codington County, South Dakota",029,28180,46
79000.0,"Kranzburg township, Codington County, South Dakota",029,34380,46
42500.0,"Henden township, Miner County, South Dakota",097,28060,46
51210.0,"Howard city, Miner County, South Dakota",097,30460,46
57000.0,"Howard township, Miner County, South Dakota",097,30500,46
-666666666.0,"Miner township, Miner County, South Dakota",097,42740,46
-666666666.0,"Rock Creek township, Miner County, South Dakota",097,55380,46
-666666666.0,"Vilas town, Miner County, South Dakota",097,67340,46
108929.0,"Belleview township, Miner County, South Dakota",097,04500,46
-666666666.0,"Roswell township, Miner County, South Dakota",097,56460,46
29107.0,"Vivian township, Lyman County, South Dakota",085,67660,46
53750.0,"Kennebec town, Lyman County, South Dakota",085,33580,46
-666666666.0,"Bailey township, Lyman County, South Dakota",085,03220,46
60357.0,"Presho city, Lyman County, South Dakota",085,51820,46
-666666666.0,"Rex township, Lyman County, South Dakota",085,54260,46
-666666666.0,"Iona township, Lyman County, South Dakota",085,31740,46
52500.0,"Reliance town, Lyman County, South Dakota",085,54020,46
46250.0,"Lower Brule UT, Lyman County, South Dakota",085,39190,46
-666666666.0,"Pleasant township, Lyman County, South Dakota",085,50540,46
-666666666.0,"Pratt township, Lyman County, South Dakota",085,51780,46
-666666666.0,"Black Dog UT, Lyman County, South Dakota",085,05740,46
47500.0,"Oacoma town, Lyman County, South Dakota",085,46180,46
-666666666.0,"Rose township, Lyman County, South Dakota",085,55860,46
68804.0,"Oacoma township, Lyman County, South Dakota",085,46220,46
71250.0,"Phipps township, Codington County, South Dakota",029,49340,46
49139.0,"Watertown city, Codington County, South Dakota",029,69300,46
72250.0,"Graceland township, Codington County, South Dakota",029,24980,46
61667.0,"Kranzburg town, Codington County, South Dakota",029,34340,46
46250.0,"South Shore town, Codington County, South Dakota",029,59940,46
79167.0,"Elmira township, Codington County, South Dakota",029,19020,46
83281.0,"Fuller township, Codington County, South Dakota",029,23180,46
67250.0,"Waverly township, Codington County, South Dakota",029,69460,46
58750.0,"Florence town, Codington County, South Dakota",029,21820,46
66667.0,"Kampeska township, Codington County, South Dakota",029,33300,46
63750.0,"Pelican township, Codington County, South Dakota",029,48980,46
114531.0,"Richland township, Codington County, South Dakota",029,54620,46
59688.0,"Cavour township, Beadle County, South Dakota",005,10660,46
95000.0,"Banner township, Beadle County, South Dakota",005,03500,46
68750.0,"Belle Prairie township, Beadle County, South Dakota",005,04460,46
-666666666.0,"Broadland township, Beadle County, South Dakota",005,07460,46
-666666666.0,"Carlyle township, Beadle County, South Dakota",005,09980,46
46250.0,"Cavour town, Beadle County, South Dakota",005,10620,46
73750.0,"Fairfield township, Beadle County, South Dakota",005,20460,46
87083.0,"Dearborn township, Beadle County, South Dakota",005,15740,46
56667.0,"Grant township, Beadle County, South Dakota",005,25580,46
58750.0,"Hitchcock town, Beadle County, South Dakota",005,29500,46
71458.0,"Iowa township, Beadle County, South Dakota",005,31780,46
91250.0,"Pleasant View township, Beadle County, South Dakota",005,51020,46
40625.0,"Virgil town, Beadle County, South Dakota",005,67500,46
148750.0,"Wessington township, Beadle County, South Dakota",005,70180,46
47232.0,"Wolsey town, Beadle County, South Dakota",005,72540,46
-666666666.0,"Burr Oak township, Beadle County, South Dakota",005,08780,46
37083.0,"Lake Byron township, Beadle County, South Dakota",005,35140,46
-666666666.0,"Nance township, Beadle County, South Dakota",005,44500,46
95938.0,"Valley township, Beadle County, South Dakota",005,65980,46
50833.0,"Allen township, Beadle County, South Dakota",005,00860,46
-666666666.0,"Bonilla township, Beadle County, South Dakota",005,06380,46
54167.0,"Iroquois city, Beadle County, South Dakota",005,32020,46
70701.0,"Clyde township, Beadle County, South Dakota",005,13060,46
93750.0,"Hartland township, Beadle County, South Dakota",005,27660,46
47865.0,"Huron city, Beadle County, South Dakota",005,31060,46
-666666666.0,"Kellogg township, Beadle County, South Dakota",005,33500,46
60000.0,"Dupree UT, Ziebach County, South Dakota",137,17425,46
55833.0,"South Ziebach UT, Ziebach County, South Dakota",137,59975,46
43125.0,"Dupree city, Ziebach County, South Dakota",137,17420,46
-666666666.0,"Eagle Butte city, Ziebach County, South Dakota",137,17620,46
80833.0,"North Ziebach UT, Ziebach County, South Dakota",137,45810,46
46563.0,"Astoria town, Deuel County, South Dakota",039,02580,46
43750.0,"Brandt town, Deuel County, South Dakota",039,06940,46
54750.0,"Lowe township, Deuel County, South Dakota",039,39060,46
69375.0,"Hidewood township, Deuel County, South Dakota",039,28620,46
41875.0,"Altamont town, Deuel County, South Dakota",039,01140,46
-666666666.0,"Herrick township, Deuel County, South Dakota",039,28380,46
70341.0,"Portland township, Deuel County, South Dakota",039,51420,46
57500.0,"Scandinavia township, Deuel County, South Dakota",039,57740,46
38571.0,"Brandt township, Deuel County, South Dakota",039,06980,46
54803.0,"Clear Lake city, Deuel County, South Dakota",039,12540,46
63375.0,"Goodwin township, Deuel County, South Dakota",039,24860,46
71875.0,"Clear Lake township, Deuel County, South Dakota",039,12580,46
59063.0,"Goodwin town, Deuel County, South Dakota",039,24820,46
31538.0,"Toronto town, Deuel County, South Dakota",039,63740,46
39107.0,"Gary city, Deuel County, South Dakota",039,23860,46
78533.0,"Norden township, Deuel County, South Dakota",039,45300,46
-666666666.0,"Altamont township, Deuel County, South Dakota",039,01180,46
56000.0,"Blom township, Deuel County, South Dakota",039,06060,46
87891.0,"Grange township, Deuel County, South Dakota",039,25540,46
73958.0,"Rome township, Deuel County, South Dakota",039,55780,46
-666666666.0,"Antelope Valley township, Deuel County, South Dakota",039,01780,46
-666666666.0,"Glenwood township, Deuel County, South Dakota",039,24700,46
-666666666.0,"Havana township, Deuel County, South Dakota",039,27740,46
115833.0,"Garfield township, Spink County, South Dakota",115,23740,46
32143.0,"Athol township, Spink County, South Dakota",115,02700,46
129375.0,"Belle Plaine township, Spink County, South Dakota",115,04420,46
35000.0,"Conde city, Spink County, South Dakota",115,13700,46
56875.0,"Tulare town, Spink County, South Dakota",115,64300,46
35938.0,"Buffalo township, Spink County, South Dakota",115,08300,46
50625.0,"Capitola township, Spink County, South Dakota",115,09740,46
84375.0,"Crandon township, Spink County, South Dakota",115,14420,46
123472.0,"Harmony township, Spink County, South Dakota",115,27180,46
-666666666.0,"Batesland town, Oglala Lakota County, South Dakota",102,03860,46
-666666666.0,"Ree Heights UT, Hand County, South Dakota",059,53980,46
-666666666.0,"Northeast Jackson UT, Jackson County, South Dakota",071,45565,46
57813.0,"Lemmon UT, Corson County, South Dakota",031,36332,46
60104.0,"East Oglala Lakota UT, Oglala Lakota County, South Dakota",102,17858,46
39250.0,"West Oglala Lakota UT, Oglala Lakota County, South Dakota",102,70415,46
67188.0,"Northeast Perkins UT, Perkins County, South Dakota",105,45575,46
61290.0,"West Gregory UT, Gregory County, South Dakota",053,70370,46
48750.0,"Isabel city, Dewey County, South Dakota",041,32140,46
-666666666.0,"Fairview township, Pennington County, South Dakota",103,20900,46
-666666666.0,"Castle Butte township, Pennington County, South Dakota",103,10380,46
-666666666.0,"Huron township, Pennington County, South Dakota",103,31100,46
113056.0,"Mitchell UT, Davison County, South Dakota",035,43140,46
-666666666.0,"Elm Springs township, Meade County, South Dakota",093,19100,46
-666666666.0,"Jones UT, Perkins County, South Dakota",105,32960,46
66500.0,"Piedmont city, Meade County, South Dakota",093,49500,46
-666666666.0,"Grandview UT, Jones County, South Dakota",075,25500,46
-666666666.0,"East Lyman UT, Lyman County, South Dakota",085,17845,46
80278.0,"Summerset city, Meade County, South Dakota",093,62155,46
66250.0,"East Corson UT, Corson County, South Dakota",031,17745,46
-666666666.0,"Progressive UT, Tripp County, South Dakota",123,51980,46
-666666666.0,"Pahapesto UT, Tripp County, South Dakota",123,48140,46
67788.0,"West Lyman UT, Lyman County, South Dakota",085,70398,46
59250.0,"Central Lyman UT, Lyman County, South Dakota",085,11154,46
50000.0,"Central Perkins UT, Perkins County, South Dakota",105,11168,46
-666666666.0,"Castle Butte UT, Perkins County, South Dakota",105,10420,46
71094.0,"Worthing city, Lincoln County, South Dakota",083,72820,46
139167.0,"Beck-Highland township, Perkins County, South Dakota",105,04225,46
-666666666.0,"Media UT, Jerauld County, South Dakota",073,41820,46
-666666666.0,"White Hill UT, Perkins County, South Dakota",105,71100,46
-666666666.0,"Buffalo Chip town, Meade County, South Dakota",093,08330,46
92981.0,"Perry township, Davison County, South Dakota",035,49220,46
94375.0,"Union township, Davison County, South Dakota",035,65020,46
53229.0,"Mount Vernon city, Davison County, South Dakota",035,44100,46
106250.0,"Tobin township, Davison County, South Dakota",035,63660,46
81875.0,"Baker township, Davison County, South Dakota",035,03300,46
53382.0,"Ethan town, Davison County, South Dakota",035,20060,46
56250.0,"Mount Vernon township, Davison County, South Dakota",035,44140,46
108438.0,"Cottonwood Lake township, Edmunds County, South Dakota",045,14260,46
49135.0,"Ipswich city, Edmunds County, South Dakota",045,31860,46
-666666666.0,"Pembrook township, Edmunds County, South Dakota",045,49020,46
-666666666.0,"Vermont township, Edmunds County, South Dakota",045,66820,46
55469.0,"Bowdle city, Edmunds County, South Dakota",045,06540,46
-666666666.0,"Bryant township, Edmunds County, South Dakota",045,07980,46
-666666666.0,"Cleveland township, Edmunds County, South Dakota",045,12820,46
-666666666.0,"Cloyd Valley township, Edmunds County, South Dakota",045,13020,46
-666666666.0,"Glen township, Edmunds County, South Dakota",045,24420,46
50893.0,"Hudson township, Edmunds County, South Dakota",045,30700,46
-666666666.0,"Huntley township, Edmunds County, South Dakota",045,30960,46
45781.0,"Madison township, Edmunds County, South Dakota",045,40140,46
66750.0,"Montpelier township, Edmunds County, South Dakota",045,43460,46
-666666666.0,"Odessa township, Edmunds County, South Dakota",045,46460,46
-666666666.0,"Sangamon township, Edmunds County, South Dakota",045,57540,46
139688.0,"Glover township, Edmunds County, South Dakota",045,24740,46
-666666666.0,"Hillside township, Edmunds County, South Dakota",045,29260,46
34911.0,"Hosmer city, Edmunds County, South Dakota",045,30140,46
-666666666.0,"Kent township, Edmunds County, South Dakota",045,33700,46
31042.0,"North Bryant township, Edmunds County, South Dakota",045,45500,46
44583.0,"Roscoe city, Edmunds County, South Dakota",045,55820,46
80563.0,"Union township, Edmunds County, South Dakota",045,65100,46
-666666666.0,"Fountain township, Edmunds County, South Dakota",045,22500,46
