B19013D_001E,name,county,county subdivision,state
-666666666.0,"Precinct 8, Hamilton County, Nebraska",081,92543,31
-666666666.0,"Precinct 6, Hamilton County, Nebraska",081,92523,31
-666666666.0,"Precinct 1, Hamilton County, Nebraska",081,92473,31
-666666666.0,"Precinct 2, Hamilton County, Nebraska",081,92483,31
-666666666.0,"Precinct 4, Hamilton County, Nebraska",081,92503,31
-666666666.0,"Precinct 7, Hamilton County, Nebraska",081,92533,31
-666666666.0,"Precinct 3, Hamilton County, Nebraska",081,92493,31
-666666666.0,"Newton precinct, Jefferson County, Nebraska",095,92110,31
-666666666.0,"Pleasant precinct, Jefferson County, Nebraska",095,92405,31
-666666666.0,"Rock Creek precinct, Jefferson County, Nebraska",095,92760,31
-666666666.0,"Brewster precinct, Blaine County, Nebraska",009,90355,31
-666666666.0,"Dunning precinct, Blaine County, Nebraska",009,90765,31
-666666666.0,"Purdum precinct, Blaine County, Nebraska",009,92690,31
-666666666.0,"Adams precinct, Colfax County, Nebraska",037,90005,31
-666666666.0,"Schuyler city, Colfax County, Nebraska",037,92868,31
-666666666.0,"Lincoln precinct, Colfax County, Nebraska",037,91755,31
-666666666.0,"Richland precinct, Colfax County, Nebraska",037,92725,31
-666666666.0,"Midland precinct, Colfax County, Nebraska",037,91975,31
-666666666.0,"Rogers precinct, Colfax County, Nebraska",037,92780,31
-666666666.0,"Maple Creek precinct, Colfax County, Nebraska",037,91920,31
-666666666.0,"Ayr township, Adams County, Nebraska",001,02900,31
-666666666.0,"Little Blue township, Adams County, Nebraska",001,28385,31
-666666666.0,"Verona township, Adams County, Nebraska",001,50545,31
-666666666.0,"Silver Lake township, Adams County, Nebraska",001,45470,31
-666666666.0,"Cottonwood township, Adams County, Nebraska",001,10810,31
-666666666.0,"Hanover township, Adams County, Nebraska",001,20855,31
-666666666.0,"Kenesaw township, Adams County, Nebraska",001,25195,31
-666666666.0,"Roseland township, Adams County, Nebraska",001,42390,31
-666666666.0,"Richland precinct, Jefferson County, Nebraska",095,92730,31
-666666666.0,"Eureka precinct, Jefferson County, Nebraska",095,90935,31
-666666666.0,"Gibson precinct, Jefferson County, Nebraska",095,91115,31
-666666666.0,"Cub Creek precinct, Jefferson County, Nebraska",095,90620,31
-666666666.0,"Fairbury precinct, Jefferson County, Nebraska",095,90940,31
-666666666.0,"Jefferson precinct, Jefferson County, Nebraska",095,91540,31
-666666666.0,"Meridian precinct, Jefferson County, Nebraska",095,91955,31
-666666666.0,"Washington precinct, Jefferson County, Nebraska",095,93350,31
-666666666.0,"Antelope precinct, Jefferson County, Nebraska",095,90055,31
-666666666.0,"Endicott precinct, Jefferson County, Nebraska",095,90915,31
-666666666.0,"Fairbury city, Jefferson County, Nebraska",095,90938,31
-666666666.0,"Lincoln precinct, Jefferson County, Nebraska",095,91770,31
-666666666.0,"Buckley precinct, Jefferson County, Nebraska",095,90405,31
-666666666.0,"Plymouth precinct, Jefferson County, Nebraska",095,92450,31
-666666666.0,"Newark township, Kearney County, Nebraska",099,34055,31
-666666666.0,"Liberty township, Kearney County, Nebraska",099,27050,31
-666666666.0,"Lincoln township, Kearney County, Nebraska",099,27295,31
-666666666.0,"Lowell township, Kearney County, Nebraska",099,29610,31
-666666666.0,"Oneida township, Kearney County, Nebraska",099,37070,31
-666666666.0,"May township, Kearney County, Nebraska",099,31255,31
-666666666.0,"Blaine township, Kearney County, Nebraska",099,05315,31
-666666666.0,"Logan township, Kearney County, Nebraska",099,28840,31
-666666666.0,"Cosmo township, Kearney County, Nebraska",099,10670,31
-666666666.0,"Eaton township, Kearney County, Nebraska",099,14345,31
-666666666.0,"Sherman township, Kearney County, Nebraska",099,44980,31
-666666666.0,"Hayes township, Kearney County, Nebraska",099,21625,31
-666666666.0,"Grant township, Kearney County, Nebraska",099,19875,31
-666666666.0,"Mirage township, Kearney County, Nebraska",099,32375,31
-666666666.0,"Ogallala city, Keith County, Nebraska",101,92218,31
-666666666.0,"Brule precinct, Keith County, Nebraska",101,90385,31
-666666666.0,"Rural Ogallala precinct, Keith County, Nebraska",101,92807,31
-666666666.0,"Logan precinct, Keith County, Nebraska",101,91820,31
-666666666.0,"Lonergan precinct, Keith County, Nebraska",101,91840,31
-666666666.0,"Whitetail precinct, Keith County, Nebraska",101,93470,31
-666666666.0,"Paxton precinct, Keith County, Nebraska",101,92325,31
-666666666.0,"Kent precinct, Loup County, Nebraska",115,91580,31
-666666666.0,"Madison Square precinct, Loup County, Nebraska",115,91905,31
-666666666.0,"Shell Creek precinct, Colfax County, Nebraska",037,92920,31
-666666666.0,"Wilson precinct, Colfax County, Nebraska",037,93520,31
-666666666.0,"Stanton precinct, Colfax County, Nebraska",037,93070,31
-666666666.0,"Grant precinct, Colfax County, Nebraska",037,91190,31
-666666666.0,"Schuyler precinct, Colfax County, Nebraska",037,92870,31
-666666666.0,"Colfax precinct, Colfax County, Nebraska",037,90560,31
-666666666.0,"Big Springs precinct, Deuel County, Nebraska",049,90250,31
-666666666.0,"Swan precinct, Deuel County, Nebraska",049,93150,31
-666666666.0,"Chappell precinct, Deuel County, Nebraska",049,90495,31
-666666666.0,"Upper Driftwood precinct, Hitchcock County, Nebraska",087,93275,31
-666666666.0,"Webster precinct, Hitchcock County, Nebraska",087,93380,31
-666666666.0,"Cornell precinct, Hitchcock County, Nebraska",087,90575,31
-666666666.0,"Eden precinct, Hitchcock County, Nebraska",087,90840,31
-666666666.0,"Freedom precinct, Hitchcock County, Nebraska",087,91030,31
-666666666.0,"Pleasant Hill precinct, Hitchcock County, Nebraska",087,92410,31
-666666666.0,"Pleasant View precinct, Hitchcock County, Nebraska",087,92425,31
-666666666.0,"Union precinct, Hitchcock County, Nebraska",087,93255,31
-666666666.0,"Beverly precinct, Hitchcock County, Nebraska",087,90240,31
-666666666.0,"Trenton precinct, Hitchcock County, Nebraska",087,93215,31
-666666666.0,"Blackwood precinct, Hitchcock County, Nebraska",087,90260,31
-666666666.0,"Culbertson precinct, Hitchcock County, Nebraska",087,90625,31
-666666666.0,"Driftwood precinct, Hitchcock County, Nebraska",087,90745,31
-666666666.0,"Logan precinct, Hitchcock County, Nebraska",087,91815,31
-666666666.0,"Starkey precinct, Hitchcock County, Nebraska",087,93090,31
-666666666.0,"Grant precinct, Hitchcock County, Nebraska",087,91210,31
-666666666.0,"Riverside precinct, Hitchcock County, Nebraska",087,92750,31
-666666666.0,"Stratton precinct, Hitchcock County, Nebraska",087,93130,31
-666666666.0,"Ridnour precinct, Hitchcock County, Nebraska",087,92740,31
-666666666.0,"Palisade precinct, Hitchcock County, Nebraska",087,92295,31
-666666666.0,"Gandy precinct, Logan County, Nebraska",113,91055,31
-666666666.0,"Logan precinct, Logan County, Nebraska",113,91825,31
-666666666.0,"Stapleton No. 1 precinct, Logan County, Nebraska",113,93080,31
-666666666.0,"Stapleton No. 2 precinct, Logan County, Nebraska",113,93085,31
-666666666.0,"Loup township, Platte County, Nebraska",141,29435,31
-666666666.0,"Monroe township, Platte County, Nebraska",141,32620,31
-666666666.0,"Blaine township, Adams County, Nebraska",001,05210,31
-666666666.0,"Hastings city, Adams County, Nebraska",001,21415,31
-666666666.0,"Wanda township, Adams County, Nebraska",001,51315,31
-666666666.0,"West Blue township, Adams County, Nebraska",001,52155,31
-666666666.0,"Highland township, Adams County, Nebraska",001,22360,31
-666666666.0,"Juniata township, Adams County, Nebraska",001,24985,31
-666666666.0,"Zero township, Adams County, Nebraska",001,54150,31
-666666666.0,"Denver township, Adams County, Nebraska",001,12805,31
-666666666.0,"Logan township, Adams County, Nebraska",001,28490,31
-666666666.0,"North Rushville precinct, Sheridan County, Nebraska",161,92185,31
-666666666.0,"South Rushville precinct, Sheridan County, Nebraska",161,93015,31
-666666666.0,"Mirage precinct, Sheridan County, Nebraska",161,92005,31
-666666666.0,"Rushville city, Sheridan County, Nebraska",161,92808,31
-666666666.0,"East Gordon precinct, Sheridan County, Nebraska",161,90795,31
-666666666.0,"Wounded Knee precinct, Sheridan County, Nebraska",161,93555,31
-666666666.0,"Hay Springs precinct, Sheridan County, Nebraska",161,91355,31
-666666666.0,"West Gordon precinct, Sheridan County, Nebraska",161,93425,31
-666666666.0,"Gordon city, Sheridan County, Nebraska",161,91167,31
-666666666.0,"North Bluff precinct, Lancaster County, Nebraska",109,92140,31
-666666666.0,"Nemaha precinct, Lancaster County, Nebraska",109,92080,31
-666666666.0,"Denton precinct, Lancaster County, Nebraska",109,90685,31
-666666666.0,"Elk precinct, Lancaster County, Nebraska",109,90860,31
-666666666.0,"Grant precinct, Lancaster County, Nebraska",109,91215,31
-666666666.0,"Highland precinct, Lancaster County, Nebraska",109,91405,31
-666666666.0,"Oak precinct, Lancaster County, Nebraska",109,92210,31
-666666666.0,"Lancaster precinct, Lancaster County, Nebraska",109,91675,31
-666666666.0,"Saltillo precinct, Lancaster County, Nebraska",109,92855,31
-666666666.0,"South Pass precinct, Lancaster County, Nebraska",109,93000,31
-666666666.0,"Stockton precinct, Lancaster County, Nebraska",109,93110,31
-666666666.0,"Mill precinct, Lancaster County, Nebraska",109,91985,31
-666666666.0,"Olive Branch precinct, Lancaster County, Nebraska",109,92230,31
-666666666.0,"Lincoln precinct, Lancaster County, Nebraska",109,91777,31
-666666666.0,"Hyannis precinct, Grant County, Nebraska",075,91495,31
-666666666.0,"Ashby precinct, Grant County, Nebraska",075,90090,31
-666666666.0,"Whitman precinct, Grant County, Nebraska",075,93480,31
-666666666.0,"Greeley precinct, Greeley County, Nebraska",077,91235,31
-666666666.0,"Spalding precinct, Greeley County, Nebraska",077,93028,31
-666666666.0,"Scotia precinct, Greeley County, Nebraska",077,92873,31
-666666666.0,"Harrison township, Hall County, Nebraska",079,21135,31
-666666666.0,"Center township, Hall County, Nebraska",079,08325,31
-666666666.0,"Mayfield township, Hall County, Nebraska",079,31290,31
-666666666.0,"Martin township, Hall County, Nebraska",079,30870,31
-666666666.0,"Cameron township, Hall County, Nebraska",079,07800,31
-666666666.0,"Prairie Creek township, Hall County, Nebraska",079,40080,31
-666666666.0,"South Loup township, Hall County, Nebraska",079,45785,31
-666666666.0,"Washington township, Hall County, Nebraska",079,51455,31
-666666666.0,"Doniphan township, Hall County, Nebraska",079,13400,31
-666666666.0,"Wood River township, Hall County, Nebraska",079,53695,31
-666666666.0,"Lake township, Hall County, Nebraska",079,25930,31
-666666666.0,"South Platte township, Hall County, Nebraska",079,45960,31
-666666666.0,"Alda township, Hall County, Nebraska",079,00660,31
-666666666.0,"Jackson township, Hall County, Nebraska",079,24390,31
59010.0,"Grand Island city, Hall County, Nebraska",079,19595,31
-666666666.0,"Swan Lake precinct, Hayes County, Nebraska",085,93160,31
-666666666.0,"Valley precinct, Hayes County, Nebraska",085,93295,31
-666666666.0,"Berlin precinct, Otoe County, Nebraska",131,90230,31
-666666666.0,"Hendricks precinct, Otoe County, Nebraska",131,91380,31
-666666666.0,"South Palmyra precinct, Otoe County, Nebraska",131,92998,31
-666666666.0,"Belmont precinct, Otoe County, Nebraska",131,90201,31
-666666666.0,"McWilliams precinct, Otoe County, Nebraska",131,91895,31
-666666666.0,"Rock Creek precinct, Otoe County, Nebraska",131,92770,31
-666666666.0,"South Branch precinct, Otoe County, Nebraska",131,92970,31
-666666666.0,"Nebraska City city, Otoe County, Nebraska",131,92063,31
-666666666.0,"North Russell precinct, Otoe County, Nebraska",131,92187,31
-666666666.0,"Otoe precinct, Otoe County, Nebraska",131,92280,31
-666666666.0,"Wyoming precinct, Otoe County, Nebraska",131,93565,31
-666666666.0,"North Palmyra precinct, Otoe County, Nebraska",131,92174,31
-666666666.0,"Syracuse precinct, Otoe County, Nebraska",131,93163,31
-666666666.0,"Four Mile precinct, Otoe County, Nebraska",131,91020,31
-666666666.0,"Osage precinct, Otoe County, Nebraska",131,92250,31
-666666666.0,"South Russell precinct, Otoe County, Nebraska",131,93016,31
-666666666.0,"Delaware precinct, Otoe County, Nebraska",131,90680,31
-666666666.0,"North Branch precinct, Otoe County, Nebraska",131,92146,31
-666666666.0,"East Valley precinct, Red Willow County, Nebraska",145,90825,31
-666666666.0,"Indianola precinct, Red Willow County, Nebraska",145,91520,31
-666666666.0,"North Valley precinct, Red Willow County, Nebraska",145,92200,31
-666666666.0,"Perry precinct, Red Willow County, Nebraska",145,92340,31
-666666666.0,"Coleman precinct, Red Willow County, Nebraska",145,90555,31
-666666666.0,"Grant precinct, Red Willow County, Nebraska",145,91225,31
-666666666.0,"Driftwood precinct, Red Willow County, Nebraska",145,90750,31
-666666666.0,"Gerver precinct, Red Willow County, Nebraska",145,91110,31
-666666666.0,"Box Elder precinct, Red Willow County, Nebraska",145,90330,31
-666666666.0,"Lebanon precinct, Red Willow County, Nebraska",145,91705,31
-666666666.0,"Tyrone precinct, Red Willow County, Nebraska",145,93235,31
-666666666.0,"Beaver precinct, Red Willow County, Nebraska",145,90160,31
-666666666.0,"Geneva township, Fillmore County, Nebraska",059,18440,31
-666666666.0,"Madison township, Fillmore County, Nebraska",059,30205,31
-666666666.0,"Glengary township, Fillmore County, Nebraska",059,18965,31
-666666666.0,"West Blue township, Fillmore County, Nebraska",059,52190,31
-666666666.0,"Stanton township, Fillmore County, Nebraska",059,46765,31
-666666666.0,"Momence township, Fillmore County, Nebraska",059,32515,31
-666666666.0,"Bryant township, Fillmore County, Nebraska",059,06925,31
-666666666.0,"Chelsea township, Fillmore County, Nebraska",059,08955,31
-666666666.0,"Franklin township, Fillmore County, Nebraska",059,17495,31
-666666666.0,"Exeter-Fairmont Consolidated township, Fillmore County, Nebraska",059,16395,31
-666666666.0,"Grafton township, Fillmore County, Nebraska",059,19490,31
-666666666.0,"Liberty township, Fillmore County, Nebraska",059,26945,31
-666666666.0,"Belle Prairie township, Fillmore County, Nebraska",059,03915,31
-666666666.0,"Blue Creek precinct, Garden County, Nebraska",069,90285,31
-666666666.0,"Lost Creek precinct, Garden County, Nebraska",069,91860,31
-666666666.0,"Lisco precinct, Garden County, Nebraska",069,91790,31
-666666666.0,"Oshkosh No. 1 precinct, Garden County, Nebraska",069,92270,31
-666666666.0,"Centerville precinct, Lancaster County, Nebraska",109,90480,31
-666666666.0,"Taylor precinct, Loup County, Nebraska",115,93175,31
-666666666.0,"Green Garden precinct, Madison County, Nebraska",119,91240,31
68497.0,"Norfolk city, Madison County, Nebraska",119,92133,31
-666666666.0,"Fairview precinct, Madison County, Nebraska",119,90965,31
-666666666.0,"Tilden city, Madison County, Nebraska",119,93203,31
-666666666.0,"Valley precinct, Madison County, Nebraska",119,93300,31
-666666666.0,"Union precinct, Madison County, Nebraska",119,93260,31
-666666666.0,"Emerick precinct, Madison County, Nebraska",119,90905,31
-666666666.0,"Madison precinct, Madison County, Nebraska",119,91900,31
-666666666.0,"Battle Creek precinct, Madison County, Nebraska",119,90140,31
-666666666.0,"Madison city, Madison County, Nebraska",119,91902,31
-666666666.0,"Grove precinct, Madison County, Nebraska",119,91250,31
-666666666.0,"Highland precinct, Madison County, Nebraska",119,91410,31
-666666666.0,"Kalamazoo precinct, Madison County, Nebraska",119,91560,31
-666666666.0,"Norfolk precinct, Madison County, Nebraska",119,92135,31
-666666666.0,"Shell Creek precinct, Madison County, Nebraska",119,92925,31
-666666666.0,"Meadow Grove-Jefferson precinct, Madison County, Nebraska",119,91942,31
-666666666.0,"Schoolcraft precinct, Madison County, Nebraska",119,92865,31
-666666666.0,"Warnerville precinct, Madison County, Nebraska",119,93340,31
-666666666.0,"Newman Grove city, Madison County, Nebraska",119,92103,31
45091.0,"Lincoln city, Lancaster County, Nebraska",109,91753,31
-666666666.0,"Little Salt precinct, Lancaster County, Nebraska",109,91795,31
-666666666.0,"Rock Creek precinct, Lancaster County, Nebraska",109,92765,31
-666666666.0,"Stevens Creek precinct, Lancaster County, Nebraska",109,93100,31
-666666666.0,"Waverly precinct, Lancaster County, Nebraska",109,93370,31
-666666666.0,"West Oak precinct, Lancaster County, Nebraska",109,93445,31
-666666666.0,"Buda precinct, Lancaster County, Nebraska",109,90410,31
-666666666.0,"Panama precinct, Lancaster County, Nebraska",109,92305,31
-666666666.0,"Middle Creek precinct, Lancaster County, Nebraska",109,91965,31
-666666666.0,"Yankee Hill precinct, Lancaster County, Nebraska",109,93575,31
-666666666.0,"North Manchester precinct, Boone County, Nebraska",011,92168,31
-666666666.0,"Boone precinct, Boone County, Nebraska",011,90310,31
-666666666.0,"Dublin-Bonanza precinct, Boone County, Nebraska",011,90762,31
-666666666.0,"Oakland precinct, Boone County, Nebraska",011,92215,31
-666666666.0,"Beaver precinct, Boone County, Nebraska",011,90145,31
-666666666.0,"North Branch-Shell Creek precinct, Boone County, Nebraska",011,92147,31
-666666666.0,"Southeast Manchester precinct, Boone County, Nebraska",011,92987,31
-666666666.0,"Southwest Manchester precinct, Boone County, Nebraska",011,93026,31
-666666666.0,"Cedar precinct, Boone County, Nebraska",011,90465,31
-666666666.0,"Beaver precinct, Nuckolls County, Nebraska",129,90155,31
-666666666.0,"Spring Creek precinct, Nuckolls County, Nebraska",129,93060,31
-666666666.0,"Elk precinct, Nuckolls County, Nebraska",129,90865,31
-666666666.0,"Superior city, Nuckolls County, Nebraska",129,93142,31
-666666666.0,"Nelson precinct, Nuckolls County, Nebraska",129,92070,31
-666666666.0,"Hardy precinct, Nuckolls County, Nebraska",129,91305,31
-666666666.0,"Victor precinct, Nuckolls County, Nebraska",129,93320,31
-666666666.0,"Selden precinct, Rock County, Nebraska",149,92895,31
-666666666.0,"Center precinct, Rock County, Nebraska",149,90475,31
-666666666.0,"Lay precinct, Rock County, Nebraska",149,91700,31
-666666666.0,"Kirkwood precinct, Rock County, Nebraska",149,91645,31
-666666666.0,"Gracy precinct, Rock County, Nebraska",149,91185,31
-666666666.0,"Brinkerhoff precinct, Rock County, Nebraska",149,90360,31
-666666666.0,"Pewaukee precinct, Rock County, Nebraska",149,92350,31
-666666666.0,"Harrison precinct, Rock County, Nebraska",149,91325,31
-666666666.0,"Newport precinct, Rock County, Nebraska",149,92105,31
-666666666.0,"Bassett precinct, Rock County, Nebraska",149,90135,31
-666666666.0,"Ashland township, Saunders County, Nebraska",155,02340,31
-666666666.0,"Elk township, Saunders County, Nebraska",155,14870,31
-666666666.0,"Stocking township, Saunders County, Nebraska",155,47255,31
-666666666.0,"Bohemia township, Saunders County, Nebraska",155,05770,31
-666666666.0,"Center township, Saunders County, Nebraska",155,08430,31
-666666666.0,"Leshara township, Saunders County, Nebraska",155,26665,31
-666666666.0,"Marble township, Saunders County, Nebraska",155,30555,31
-666666666.0,"Marietta township, Saunders County, Nebraska",155,30590,31
-666666666.0,"Morse Bluff township, Saunders County, Nebraska",155,32900,31
-666666666.0,"Rock Creek township, Saunders County, Nebraska",155,41900,31
-666666666.0,"South Cedar township, Saunders County, Nebraska",155,45750,31
-666666666.0,"Green township, Saunders County, Nebraska",155,20085,31
-666666666.0,"Mariposa township, Saunders County, Nebraska",155,30695,31
-666666666.0,"Pohocco township, Saunders County, Nebraska",155,39625,31
-666666666.0,"Union township, Saunders County, Nebraska",155,49810,31
-666666666.0,"Chapman township, Saunders County, Nebraska",155,08850,31
-666666666.0,"Chester township, Saunders County, Nebraska",155,09060,31
-666666666.0,"Clear Creek township, Saunders County, Nebraska",155,09410,31
-666666666.0,"Newman township, Saunders County, Nebraska",155,34195,31
-666666666.0,"Oak Creek township, Saunders County, Nebraska",155,35315,31
-666666666.0,"Richland township, Saunders County, Nebraska",155,41392,31
-666666666.0,"Wahoo city, Saunders County, Nebraska",155,50965,31
-666666666.0,"Wahoo township, Saunders County, Nebraska",155,51000,31
-666666666.0,"North Cedar township, Saunders County, Nebraska",155,34755,31
-666666666.0,"Douglas township, Saunders County, Nebraska",155,13540,31
-666666666.0,"Fanning precinct, Scotts Bluff County, Nebraska",157,90980,31
-666666666.0,"Gering city, Scotts Bluff County, Nebraska",157,91093,31
-666666666.0,"Kiowa precinct, Scotts Bluff County, Nebraska",157,91635,31
-666666666.0,"Gering precinct, Scotts Bluff County, Nebraska",157,91095,31
-666666666.0,"Mitchell city, Scotts Bluff County, Nebraska",157,92013,31
40526.0,"Scottsbluff city, Scotts Bluff County, Nebraska",157,92883,31
-666666666.0,"Ford precinct, Scotts Bluff County, Nebraska",157,91005,31
-666666666.0,"Thurman precinct, Rock County, Nebraska",149,93200,31
-666666666.0,"Allen precinct, Frontier County, Nebraska",063,90025,31
-666666666.0,"Kinkaid precinct, Rock County, Nebraska",149,91625,31
-666666666.0,"Blaine precinct, Rock County, Nebraska",149,90280,31
-666666666.0,"Long Pine precinct, Rock County, Nebraska",149,91845,31
-666666666.0,"Long Springs precinct, Banner County, Nebraska",007,91850,31
-666666666.0,"Curtis precinct, Frontier County, Nebraska",063,90630,31
-666666666.0,"Harrison precinct, Sherman County, Nebraska",163,91327,31
-666666666.0,"Central Loup City precinct, Sherman County, Nebraska",163,90482,31
-666666666.0,"Mitchell precinct, Scotts Bluff County, Nebraska",157,92015,31
-666666666.0,"Funston precinct, Scotts Bluff County, Nebraska",157,91045,31
-666666666.0,"West Winters Creek precinct, Scotts Bluff County, Nebraska",157,93460,31
-666666666.0,"Roubadeau precinct, Scotts Bluff County, Nebraska",157,92800,31
-666666666.0,"Castle Rock precinct, Scotts Bluff County, Nebraska",157,90460,31
-666666666.0,"Highland precinct, Scotts Bluff County, Nebraska",157,91425,31
-666666666.0,"East Winters Creek precinct, Scotts Bluff County, Nebraska",157,90830,31
-666666666.0,"Dewey Tabor precinct, Scotts Bluff County, Nebraska",157,90703,31
-666666666.0,"Deer Creek precinct, Wayne County, Nebraska",179,90670,31
-666666666.0,"Hoskins precinct, Wayne County, Nebraska",179,91470,31
-666666666.0,"Sherman precinct, Wayne County, Nebraska",179,92945,31
-666666666.0,"Hancock precinct, Wayne County, Nebraska",179,91300,31
-666666666.0,"Strahan precinct, Wayne County, Nebraska",179,93125,31
-666666666.0,"Wilbur precinct, Wayne County, Nebraska",179,93495,31
-666666666.0,"Hunter precinct, Wayne County, Nebraska",179,91490,31
-666666666.0,"Leslie precinct, Wayne County, Nebraska",179,91725,31
-666666666.0,"Garfield precinct, Wayne County, Nebraska",179,91085,31
-666666666.0,"Logan precinct, Wayne County, Nebraska",179,91835,31
-666666666.0,"Plum Creek precinct, Wayne County, Nebraska",179,92440,31
-666666666.0,"Chapin precinct, Wayne County, Nebraska",179,90490,31
-666666666.0,"Brenna precinct, Wayne County, Nebraska",179,90350,31
-666666666.0,"Mullen precinct, Hooker County, Nebraska",091,92055,31
-666666666.0,"Haynes precinct, Morrill County, Nebraska",123,91345,31
-666666666.0,"Redington precinct, Morrill County, Nebraska",123,92710,31
-666666666.0,"West Bayard precinct, Morrill County, Nebraska",123,93405,31
-666666666.0,"Broadwater precinct, Morrill County, Nebraska",123,90365,31
-666666666.0,"West Camp Clarke precinct, Morrill County, Nebraska",123,93415,31
-666666666.0,"North Camp Clarke precinct, Morrill County, Nebraska",123,92150,31
-666666666.0,"East Camp Clarke precinct, Morrill County, Nebraska",123,90780,31
-666666666.0,"East Bayard precinct, Morrill County, Nebraska",123,90775,31
-666666666.0,"Gilchrist precinct, Morrill County, Nebraska",123,91120,31
-666666666.0,"Douglas precinct, Nemaha County, Nebraska",127,90740,31
-666666666.0,"Peru precinct, Nemaha County, Nebraska",127,92345,31
-666666666.0,"Lafayette precinct, Nemaha County, Nebraska",127,91658,31
-666666666.0,"Brownville precinct, Nemaha County, Nebraska",127,90380,31
-666666666.0,"Nemaha precinct, Nemaha County, Nebraska",127,92085,31
-666666666.0,"Washington precinct, Nemaha County, Nebraska",127,93355,31
-666666666.0,"Benton precinct, Nemaha County, Nebraska",127,90225,31
-666666666.0,"Glen Rock precinct, Nemaha County, Nebraska",127,91155,31
-666666666.0,"Danbury precinct, Red Willow County, Nebraska",145,90645,31
-666666666.0,"Alliance precinct, Red Willow County, Nebraska",145,90040,31
-666666666.0,"Bondville precinct, Red Willow County, Nebraska",145,90305,31
-666666666.0,"Fritsch precinct, Red Willow County, Nebraska",145,91040,31
-666666666.0,"McCook city, Red Willow County, Nebraska",145,91882,31
-666666666.0,"Red Willow precinct, Red Willow County, Nebraska",145,92715,31
-666666666.0,"Willow Grove precinct, Red Willow County, Nebraska",145,93505,31
-666666666.0,"Valley Grange precinct, Red Willow County, Nebraska",145,93310,31
-666666666.0,"Missouri Ridge precinct, Red Willow County, Nebraska",145,92010,31
-666666666.0,"Hartington city, Cedar County, Nebraska",027,91329,31
-666666666.0,"Precinct 8, Cedar County, Nebraska",027,92540,31
-666666666.0,"Precinct 3, Cedar County, Nebraska",027,92490,31
-666666666.0,"Precinct 6, Cedar County, Nebraska",027,92520,31
-666666666.0,"Precinct 1, Cedar County, Nebraska",027,92470,31
-666666666.0,"Precinct 5, Cedar County, Nebraska",027,92510,31
-666666666.0,"Precinct 21, Cedar County, Nebraska",027,92610,31
-666666666.0,"Precinct 4, Cedar County, Nebraska",027,92500,31
-666666666.0,"Precinct 7, Cedar County, Nebraska",027,92530,31
-666666666.0,"Precinct 10, Cedar County, Nebraska",027,92555,31
-666666666.0,"Precinct 14, Cedar County, Nebraska",027,92575,31
-666666666.0,"Precinct 17, Cedar County, Nebraska",027,92590,31
-666666666.0,"Precinct 9A, Cedar County, Nebraska",027,92550,31
-666666666.0,"Precinct 13, Cedar County, Nebraska",027,92570,31
-666666666.0,"Precinct 16, Cedar County, Nebraska",027,92585,31
-666666666.0,"Randolph city, Cedar County, Nebraska",027,92696,31
-666666666.0,"Precinct 12, Cedar County, Nebraska",027,92565,31
-666666666.0,"Precinct 20, Cedar County, Nebraska",027,92605,31
-666666666.0,"Precinct 2, Cedar County, Nebraska",027,92480,31
-666666666.0,"Precinct 11, Cedar County, Nebraska",027,92560,31
-666666666.0,"Precinct 15, Cedar County, Nebraska",027,92580,31
-666666666.0,"Precinct 19, Cedar County, Nebraska",027,92600,31
-666666666.0,"Precinct 18, Cedar County, Nebraska",027,92595,31
-666666666.0,"Bedford precinct, Nemaha County, Nebraska",127,90180,31
140455.0,"Auburn city, Nemaha County, Nebraska",127,90102,31
-666666666.0,"Precinct J, Seward County, Nebraska",159,92655,31
-666666666.0,"Precinct O, Seward County, Nebraska",159,92675,31
-666666666.0,"Seward city, Seward County, Nebraska",159,92907,31
-666666666.0,"Precinct L, Seward County, Nebraska",159,92661,31
-666666666.0,"Precinct I, Seward County, Nebraska",159,92650,31
-666666666.0,"Precinct P, Seward County, Nebraska",159,92680,31
-666666666.0,"Precinct K, Seward County, Nebraska",159,92660,31
-666666666.0,"Precinct M, Seward County, Nebraska",159,92664,31
-666666666.0,"Precinct N, Seward County, Nebraska",159,92672,31
-666666666.0,"Emerson precinct, Dakota County, Nebraska",043,90910,31
-666666666.0,"St. Johns precinct, Dakota County, Nebraska",043,92825,31
-666666666.0,"Dakota City city, Dakota County, Nebraska",043,90642,31
-666666666.0,"Hubbard precinct, Dakota County, Nebraska",043,91475,31
-666666666.0,"South Sioux City city, Dakota County, Nebraska",043,93018,31
-666666666.0,"Covington precinct, Dakota County, Nebraska",043,90590,31
-666666666.0,"Dakota precinct, Dakota County, Nebraska",043,90640,31
-666666666.0,"Omadi precinct, Dakota County, Nebraska",043,92235,31
-666666666.0,"Precinct 11, Dawes County, Nebraska",045,92562,31
-666666666.0,"Precinct 10, Dawes County, Nebraska",045,92557,31
-666666666.0,"Sterling precinct, Johnson County, Nebraska",097,93095,31
-666666666.0,"Todd Creek precinct, Johnson County, Nebraska",097,93210,31
-666666666.0,"Maple Grove precinct, Johnson County, Nebraska",097,91930,31
-666666666.0,"Nemaha precinct, Johnson County, Nebraska",097,92075,31
-666666666.0,"Spring Creek precinct, Johnson County, Nebraska",097,93055,31
33125.0,"Tecumseh city, Johnson County, Nebraska",097,93177,31
-666666666.0,"Vesta precinct, Johnson County, Nebraska",097,93315,31
-666666666.0,"Helena precinct, Johnson County, Nebraska",097,91365,31
-666666666.0,"Lincoln precinct, Johnson County, Nebraska",097,91775,31
-666666666.0,"Western precinct, Johnson County, Nebraska",097,93420,31
-666666666.0,"Potter precinct, Cheyenne County, Nebraska",033,92465,31
-666666666.0,"Sidney city, Cheyenne County, Nebraska",033,92946,31
-666666666.0,"Gurley precinct, Cheyenne County, Nebraska",033,91265,31
-666666666.0,"Lodgepole precinct, Cheyenne County, Nebraska",033,91805,31
-666666666.0,"Union Valley precinct, Cheyenne County, Nebraska",033,93270,31
-666666666.0,"Coyote precinct, Dawson County, Nebraska",047,90595,31
-666666666.0,"Wood River precinct, Dawson County, Nebraska",047,93540,31
-666666666.0,"German precinct, Dawson County, Nebraska",047,91100,31
-666666666.0,"Cozad city, Dawson County, Nebraska",047,90598,31
-666666666.0,"Cozad precinct, Dawson County, Nebraska",047,90600,31
-666666666.0,"Farnam precinct, Dawson County, Nebraska",047,90990,31
-666666666.0,"Gillan precinct, Dawson County, Nebraska",047,91130,31
-666666666.0,"Ringgold precinct, Dawson County, Nebraska",047,92745,31
-666666666.0,"Grant precinct, Dawson County, Nebraska",047,91195,31
-666666666.0,"Lexington precinct, Dawson County, Nebraska",047,91730,31
-666666666.0,"Gothenburg precinct, Dawson County, Nebraska",047,91170,31
-666666666.0,"Lexington city, Dawson County, Nebraska",047,91728,31
-666666666.0,"Elm township, Antelope County, Nebraska",003,15255,31
-666666666.0,"Grant township, Antelope County, Nebraska",003,19665,31
-666666666.0,"Tilden city, Antelope County, Nebraska",003,48935,31
-666666666.0,"Willow township, Antelope County, Nebraska",003,53135,31
-666666666.0,"Cedar township, Antelope County, Nebraska",003,08045,31
-666666666.0,"Crawford township, Antelope County, Nebraska",003,11160,31
-666666666.0,"Lincoln township, Antelope County, Nebraska",003,27155,31
-666666666.0,"Custer township, Antelope County, Nebraska",003,11895,31
-666666666.0,"Elgin township, Antelope County, Nebraska",003,14765,31
-666666666.0,"Logan township, Antelope County, Nebraska",003,28525,31
-666666666.0,"Neligh city, Antelope County, Nebraska",003,33775,31
-666666666.0,"Stanton township, Antelope County, Nebraska",003,46730,31
-666666666.0,"Neligh township, Antelope County, Nebraska",003,33810,31
-666666666.0,"Royal township, Antelope County, Nebraska",003,42530,31
-666666666.0,"Clearwater township, Antelope County, Nebraska",003,09480,31
-666666666.0,"Ellsworth township, Antelope County, Nebraska",003,15185,31
-666666666.0,"Oakdale township, Antelope County, Nebraska",003,35420,31
-666666666.0,"Bazile township, Antelope County, Nebraska",003,03320,31
-666666666.0,"Frenchtown township, Antelope County, Nebraska",003,17740,31
-666666666.0,"Sherman township, Antelope County, Nebraska",003,44875,31
-666666666.0,"Eden township, Antelope County, Nebraska",003,14415,31
-666666666.0,"Ord township, Antelope County, Nebraska",003,37245,31
-666666666.0,"Garfield township, Antelope County, Nebraska",003,18055,31
-666666666.0,"Verdigris township, Antelope County, Nebraska",003,50440,31
-666666666.0,"Blaine township, Antelope County, Nebraska",003,05245,31
-666666666.0,"Burnett township, Antelope County, Nebraska",003,07170,31
-666666666.0,"Imperial West precinct, Chase County, Nebraska",029,91510,31
-666666666.0,"Imperial East precinct, Chase County, Nebraska",029,91500,31
-666666666.0,"Imperial Rural precinct, Chase County, Nebraska",029,91505,31
-666666666.0,"Wauneta precinct, Chase County, Nebraska",029,93365,31
-666666666.0,"Alexis township, Butler County, Nebraska",023,00765,31
-666666666.0,"Oak Creek township, Butler County, Nebraska",023,35280,31
-666666666.0,"Platte township, Butler County, Nebraska",023,39240,31
-666666666.0,"Bone Creek township, Butler County, Nebraska",023,05805,31
-666666666.0,"Olive township, Butler County, Nebraska",023,36120,31
-666666666.0,"Overton precinct, Dawson County, Nebraska",047,92285,31
-666666666.0,"Fairview precinct, Dawson County, Nebraska",047,90955,31
-666666666.0,"Platte precinct, Dawson County, Nebraska",047,92385,31
-666666666.0,"Gothenburg city, Dawson County, Nebraska",047,91169,31
-666666666.0,"Kennebec precinct, Dawson County, Nebraska",047,91570,31
-666666666.0,"Bryan precinct, Garfield County, Nebraska",071,90400,31
-666666666.0,"Clearwater precinct, Frontier County, Nebraska",063,90520,31
-666666666.0,"Curtis city, Frontier County, Nebraska",063,90628,31
-666666666.0,"Moorefield precinct, Frontier County, Nebraska",063,92030,31
-666666666.0,"Plum Creek precinct, Frontier County, Nebraska",063,92435,31
-666666666.0,"Sherman precinct, Frontier County, Nebraska",063,92935,31
-666666666.0,"Earl precinct, Frontier County, Nebraska",063,90770,31
-666666666.0,"Garfield precinct, Frontier County, Nebraska",063,91060,31
-666666666.0,"Muddy precinct, Frontier County, Nebraska",063,92050,31
-666666666.0,"Orafino precinct, Frontier County, Nebraska",063,92240,31
-666666666.0,"Stockville precinct, Frontier County, Nebraska",063,93115,31
-666666666.0,"Knowles precinct, Frontier County, Nebraska",063,91650,31
-666666666.0,"Laws precinct, Frontier County, Nebraska",063,91695,31
-666666666.0,"Harrison precinct, Frontier County, Nebraska",063,91310,31
-666666666.0,"Lincoln precinct, Frontier County, Nebraska",063,91760,31
-666666666.0,"Logan precinct, Frontier County, Nebraska",063,91810,31
-666666666.0,"Osborn precinct, Frontier County, Nebraska",063,92255,31
-666666666.0,"Zimmer precinct, Frontier County, Nebraska",063,93585,31
-666666666.0,"Grant precinct, Frontier County, Nebraska",063,91200,31
-666666666.0,"North Star precinct, Frontier County, Nebraska",063,92190,31
-666666666.0,"Weaver precinct, Frontier County, Nebraska",063,93375,31
-666666666.0,"West Laird precinct, Frontier County, Nebraska",063,93428,31
-666666666.0,"Horrell precinct, Frontier County, Nebraska",063,91465,31
-666666666.0,"Sheridan precinct, Frontier County, Nebraska",063,92930,31
-666666666.0,"Russell precinct, Frontier County, Nebraska",063,92815,31
-666666666.0,"Fairview precinct, Frontier County, Nebraska",063,90960,31
-666666666.0,"East Laird precinct, Frontier County, Nebraska",063,90803,31
-666666666.0,"Ashton precinct, Sherman County, Nebraska",163,90097,31
-666666666.0,"Custer precinct, Keya Paha County, Nebraska",103,90635,31
-666666666.0,"Mills precinct, Keya Paha County, Nebraska",103,91997,31
-666666666.0,"Norden precinct, Keya Paha County, Nebraska",103,92130,31
-666666666.0,"Garfield precinct, Keya Paha County, Nebraska",103,91065,31
-666666666.0,"Kimball No. 2 precinct, Kimball County, Nebraska",105,91600,31
-666666666.0,"Bushnell precinct, Kimball County, Nebraska",105,90425,31
-666666666.0,"Antelope precinct, Kimball County, Nebraska",105,90060,31
-666666666.0,"Kimball No. 1 precinct, Kimball County, Nebraska",105,91595,31
-666666666.0,"Bohemia township, Knox County, Nebraska",107,05735,31
-666666666.0,"Eastern township, Knox County, Nebraska",107,14205,31
-666666666.0,"Jefferson township, Knox County, Nebraska",107,24600,31
-666666666.0,"Columbia township, Knox County, Nebraska",107,10075,31
-666666666.0,"Dolphin township, Knox County, Nebraska",107,13330,31
-666666666.0,"North Loup City precinct, Sherman County, Nebraska",163,92167,31
-666666666.0,"Rockville precinct, Sherman County, Nebraska",163,92777,31
-666666666.0,"South Loup City precinct, Sherman County, Nebraska",163,92992,31
151420.0,"Chicago precinct, Douglas County, Nebraska",055,90505,31
-666666666.0,"Florence precinct, Douglas County, Nebraska",055,91000,31
-666666666.0,"Waterloo precinct, Douglas County, Nebraska",055,93360,31
67417.0,"Union precinct, Douglas County, Nebraska",055,93240,31
166111.0,"Jefferson precinct, Douglas County, Nebraska",055,91535,31
228409.0,"Millard precinct, Douglas County, Nebraska",055,91990,31
46899.0,"Omaha city, Douglas County, Nebraska",055,92237,31
-666666666.0,"Douglas precinct, Douglas County, Nebraska",055,90735,31
106168.0,"McArdle precinct, Douglas County, Nebraska",055,91880,31
-666666666.0,"Platte Valley precinct, Douglas County, Nebraska",055,92395,31
-666666666.0,"Elkhorn precinct, Douglas County, Nebraska",055,90875,31
-666666666.0,"Barada precinct, Richardson County, Nebraska",147,90120,31
-666666666.0,"Salem precinct, Richardson County, Nebraska",147,92845,31
-666666666.0,"Speiser precinct, Richardson County, Nebraska",147,93040,31
-666666666.0,"Falls City city, Richardson County, Nebraska",147,90973,31
-666666666.0,"Humboldt precinct, Richardson County, Nebraska",147,91485,31
-666666666.0,"Ohio precinct, Richardson County, Nebraska",147,92220,31
-666666666.0,"Nemaha precinct, Richardson County, Nebraska",147,92090,31
-666666666.0,"Falls City precinct, Richardson County, Nebraska",147,90975,31
-666666666.0,"West Muddy precinct, Richardson County, Nebraska",147,93440,31
-666666666.0,"East Muddy precinct, Richardson County, Nebraska",147,90810,31
-666666666.0,"Porter precinct, Richardson County, Nebraska",147,92455,31
-666666666.0,"Grant precinct, Richardson County, Nebraska",147,91230,31
-666666666.0,"Humboldt city, Richardson County, Nebraska",147,91483,31
-666666666.0,"Rulo precinct, Richardson County, Nebraska",147,92805,31
-666666666.0,"Franklin precinct, Richardson County, Nebraska",147,91025,31
-666666666.0,"Burwell city, Garfield County, Nebraska",071,90422,31
-666666666.0,"Dry Cedar precinct, Garfield County, Nebraska",071,90755,31
-666666666.0,"Highland precinct, Garfield County, Nebraska",071,91390,31
-666666666.0,"Rockford precinct, Garfield County, Nebraska",071,92775,31
-666666666.0,"Roosevelt precinct, Garfield County, Nebraska",071,92785,31
-666666666.0,"Kinkaid precinct, Garfield County, Nebraska",071,91620,31
-666666666.0,"Midvale precinct, Garfield County, Nebraska",071,91980,31
-666666666.0,"Willow Springs precinct, Garfield County, Nebraska",071,93515,31
-666666666.0,"Erina precinct, Garfield County, Nebraska",071,90930,31
-666666666.0,"Cottonwood precinct, McPherson County, Nebraska",117,90585,31
-666666666.0,"Tryon precinct, McPherson County, Nebraska",117,93220,31
-666666666.0,"Hall precinct, McPherson County, Nebraska",117,91280,31
-666666666.0,"Lemley precinct, McPherson County, Nebraska",117,91710,31
-666666666.0,"Whitewater precinct, McPherson County, Nebraska",117,93475,31
-666666666.0,"Worden precinct, McPherson County, Nebraska",117,93550,31
-666666666.0,"Cedar township, Nance County, Nebraska",125,08115,31
-666666666.0,"East Newman township, Nance County, Nebraska",125,14240,31
-666666666.0,"Fullerton city, Nance County, Nebraska",125,17810,31
-666666666.0,"Fullerton township, Nance County, Nebraska",125,17845,31
-666666666.0,"Loup Ferry township, Nance County, Nebraska",125,29540,31
-666666666.0,"Beaver township, Nance County, Nebraska",125,03460,31
-666666666.0,"Prairie Creek township, Nance County, Nebraska",125,40185,31
-666666666.0,"South Branch township, Nance County, Nebraska",125,45715,31
-666666666.0,"Genoa city, Nance County, Nebraska",125,18475,31
-666666666.0,"Cottonwood township, Nance County, Nebraska",125,10845,31
-666666666.0,"Council Creek township, Nance County, Nebraska",125,10915,31
-666666666.0,"Genoa township, Nance County, Nebraska",125,18510,31
-666666666.0,"Timber Creek township, Nance County, Nebraska",125,48970,31
-666666666.0,"West Newman township, Nance County, Nebraska",125,52470,31
-666666666.0,"Plum Creek township, Butler County, Nebraska",023,39555,31
-666666666.0,"Union township, Butler County, Nebraska",023,49600,31
-666666666.0,"Savannah township, Butler County, Nebraska",023,43860,31
-666666666.0,"Skull Creek township, Butler County, Nebraska",023,45540,31
-666666666.0,"Linwood township, Butler County, Nebraska",023,28280,31
-666666666.0,"Reading township, Butler County, Nebraska",023,40850,31
-666666666.0,"Richardson township, Butler County, Nebraska",023,41250,31
-666666666.0,"David City city, Butler County, Nebraska",023,12315,31
-666666666.0,"Ulysses township, Butler County, Nebraska",023,49495,31
-666666666.0,"Summit township, Butler County, Nebraska",023,47605,31
-666666666.0,"Center township, Butler County, Nebraska",023,08290,31
-666666666.0,"Read township, Butler County, Nebraska",023,40815,31
-666666666.0,"Franklin township, Butler County, Nebraska",023,17460,31
-666666666.0,"Marshall township, Clay County, Nebraska",035,30765,31
-666666666.0,"Fairfield township, Clay County, Nebraska",035,16480,31
-666666666.0,"Lewis township, Clay County, Nebraska",035,26840,31
-666666666.0,"Leicester township, Clay County, Nebraska",035,26525,31
-666666666.0,"Lone Tree township, Clay County, Nebraska",035,28980,31
-666666666.0,"Clay Center city, Clay County, Nebraska",035,09375,31
-666666666.0,"Logan township, Clay County, Nebraska",035,28630,31
-666666666.0,"Sutton city, Clay County, Nebraska",035,47955,31
-666666666.0,"Edgar township, Clay County, Nebraska",035,14485,31
-666666666.0,"Lynn township, Clay County, Nebraska",035,29820,31
-666666666.0,"Eldorado township, Clay County, Nebraska",035,14660,31
-666666666.0,"Glenvil township, Clay County, Nebraska",035,19105,31
-666666666.0,"Harvard township, Clay County, Nebraska",035,21380,31
-666666666.0,"Sheridan township, Clay County, Nebraska",035,44770,31
-666666666.0,"Spring Ranch township, Clay County, Nebraska",035,46590,31
-666666666.0,"Inland township, Clay County, Nebraska",035,24040,31
-666666666.0,"School Creek township, Clay County, Nebraska",035,44000,31
-666666666.0,"Sutton township, Clay County, Nebraska",035,47990,31
-666666666.0,"Arthur precinct, Arthur County, Nebraska",005,90085,31
-666666666.0,"Comstock township, Custer County, Nebraska",041,10215,31
-666666666.0,"Loup township, Custer County, Nebraska",041,29365,31
-666666666.0,"Wood River township, Custer County, Nebraska",041,53625,31
-666666666.0,"Douglas Grove township, Custer County, Nebraska",041,13575,31
-666666666.0,"Grant township, Custer County, Nebraska",041,19770,31
-666666666.0,"Precinct 1, Pawnee No. 1; Pawnee County; Nebraska",133,92475,31
-666666666.0,"Precinct 2, Pawnee No. 2; Pawnee County; Nebraska",133,92485,31
-666666666.0,"Precinct 3, Table Rock; Pawnee County; Nebraska",133,92495,31
-666666666.0,"Precinct 4, Steinauer; Pawnee County; Nebraska",133,92505,31
-666666666.0,"Precinct 5, Burchard; Pawnee County; Nebraska",133,92515,31
-666666666.0,"Precinct 6, South Fork; Pawnee County; Nebraska",133,92525,31
-666666666.0,"Precinct 7, Turkey Creek; Pawnee County; Nebraska",133,92535,31
-666666666.0,"Dimick precinct, Stanton County, Nebraska",167,90715,31
-666666666.0,"Maple Creek precinct, Stanton County, Nebraska",167,91925,31
-666666666.0,"Elkhorn precinct, Stanton County, Nebraska",167,90880,31
-666666666.0,"Kingsburg precinct, Stanton County, Nebraska",167,91615,31
-666666666.0,"Stanton precinct, Stanton County, Nebraska",167,93075,31
-666666666.0,"Butterfly precinct, Stanton County, Nebraska",167,90430,31
-666666666.0,"Dewey precinct, Stanton County, Nebraska",167,90700,31
-666666666.0,"Haymow precinct, Stanton County, Nebraska",167,91340,31
-666666666.0,"Pilger precinct, Stanton County, Nebraska",167,92365,31
-666666666.0,"Spring Branch precinct, Stanton County, Nebraska",167,93045,31
-666666666.0,"Stanton city, Stanton County, Nebraska",167,93068,31
-666666666.0,"Ramshorn precinct, Stanton County, Nebraska",167,92695,31
-666666666.0,"Union Creek precinct, Stanton County, Nebraska",167,93265,31
-666666666.0,"Independent township, Valley County, Nebraska",175,23760,31
-666666666.0,"Noble township, Valley County, Nebraska",175,34475,31
-666666666.0,"Elyria township, Valley County, Nebraska",175,15640,31
-666666666.0,"Grant township, Franklin County, Nebraska",061,19805,31
-666666666.0,"Custer township, Custer County, Nebraska",041,11930,31
-666666666.0,"Corner township, Custer County, Nebraska",041,10530,31
-666666666.0,"Ansley township, Custer County, Nebraska",041,01570,31
-666666666.0,"Lincoln township, Franklin County, Nebraska",061,27225,31
-666666666.0,"North Franklin township, Franklin County, Nebraska",061,34790,31
-666666666.0,"Salem township, Franklin County, Nebraska",061,43335,31
-666666666.0,"East Bloomington township, Franklin County, Nebraska",061,14145,31
-666666666.0,"Macon township, Franklin County, Nebraska",061,30135,31
-666666666.0,"Marion township, Franklin County, Nebraska",061,30625,31
-666666666.0,"Antelope township, Franklin County, Nebraska",061,01605,31
-666666666.0,"Turkey Creek township, Franklin County, Nebraska",061,49355,31
-666666666.0,"Ash Grove township, Franklin County, Nebraska",061,02270,31
-666666666.0,"Franklin city, Franklin County, Nebraska",061,17530,31
-666666666.0,"Shell Creek township, Platte County, Nebraska",141,44665,31
-666666666.0,"Humphrey township, Platte County, Nebraska",141,23515,31
-666666666.0,"Lost Creek township, Platte County, Nebraska",141,29225,31
-666666666.0,"Oconee township, Platte County, Nebraska",141,35630,31
-666666666.0,"Columbus township, Platte County, Nebraska",141,10145,31
-666666666.0,"Grand Prairie township, Platte County, Nebraska",141,19630,31
-666666666.0,"Bismark township, Platte County, Nebraska",141,05070,31
-666666666.0,"Columbus city, Platte County, Nebraska",141,10110,31
-666666666.0,"Granville township, Platte County, Nebraska",141,19945,31
-666666666.0,"Joliet township, Platte County, Nebraska",141,24775,31
-666666666.0,"Newman Grove city, Platte County, Nebraska",141,34230,31
-666666666.0,"Sherman township, Platte County, Nebraska",141,45015,31
-666666666.0,"St. Bernard township, Platte County, Nebraska",141,42950,31
-666666666.0,"Walker township, Platte County, Nebraska",141,51140,31
-666666666.0,"Creston township, Platte County, Nebraska",141,11335,31
-666666666.0,"Butler township, Platte County, Nebraska",141,07450,31
-666666666.0,"Woodville township, Platte County, Nebraska",141,53730,31
-666666666.0,"Burrows township, Platte County, Nebraska",141,07275,31
-666666666.0,"South Canada precinct, Polk County, Nebraska",143,92977,31
-666666666.0,"West Stromsburg precinct, Polk County, Nebraska",143,93457,31
-666666666.0,"North Osceola precinct, Polk County, Nebraska",143,92172,31
-666666666.0,"South Osceola precinct, Polk County, Nebraska",143,92997,31
-666666666.0,"East Stromsburg precinct, Polk County, Nebraska",143,90822,31
-666666666.0,"Jefferson precinct, Richardson County, Nebraska",147,91550,31
-666666666.0,"Arago precinct, Richardson County, Nebraska",147,90070,31
-666666666.0,"Liberty precinct, Richardson County, Nebraska",147,91750,31
-666666666.0,"Dannevirke precinct, Howard County, Nebraska",093,90655,31
-666666666.0,"Loup Fork precinct, Howard County, Nebraska",093,91875,31
-666666666.0,"St. Libory precinct, Howard County, Nebraska",093,92830,31
-666666666.0,"Logan township, Knox County, Nebraska",107,28875,31
-666666666.0,"Miller township, Knox County, Nebraska",107,32165,31
-666666666.0,"Walnut Grove township, Knox County, Nebraska",107,51210,31
-666666666.0,"Addison township, Knox County, Nebraska",107,00310,31
-666666666.0,"Bloomfield city, Knox County, Nebraska",107,05455,31
-666666666.0,"Hill township, Knox County, Nebraska",107,22465,31
-666666666.0,"Morton township, Knox County, Nebraska",107,32970,31
-666666666.0,"Niobrara township, Knox County, Nebraska",107,34405,31
-666666666.0,"Peoria township, Knox County, Nebraska",107,38855,31
-666666666.0,"Raymond township, Knox County, Nebraska",107,40745,31
-666666666.0,"Washington township, Knox County, Nebraska",107,51525,31
-666666666.0,"Harrison township, Knox County, Nebraska",107,21170,31
-666666666.0,"Union township, Knox County, Nebraska",107,49740,31
-666666666.0,"Valley township, Knox County, Nebraska",107,50055,31
-666666666.0,"Herrick township, Knox County, Nebraska",107,22255,31
-666666666.0,"Lincoln township, Knox County, Nebraska",107,27330,31
-666666666.0,"Cleveland township, Knox County, Nebraska",107,09585,31
-666666666.0,"Creighton township, Knox County, Nebraska",107,11265,31
-666666666.0,"Crofton city, Knox County, Nebraska",107,11440,31
-666666666.0,"Creighton city, Knox County, Nebraska",107,11230,31
-666666666.0,"Sparta township, Knox County, Nebraska",107,46240,31
-666666666.0,"Verdigre township, Knox County, Nebraska",107,50405,31
-666666666.0,"Western township, Knox County, Nebraska",107,52260,31
-666666666.0,"Dowling township, Knox County, Nebraska",107,13645,31
-666666666.0,"Frankfort township, Knox County, Nebraska",107,17425,31
-666666666.0,"North Frankfort township, Knox County, Nebraska",107,34765,31
-666666666.0,"Central township, Knox County, Nebraska",107,08465,31
-666666666.0,"Spade township, Knox County, Nebraska",107,46100,31
-666666666.0,"Maxwell precinct, Lincoln County, Nebraska",111,91935,31
-666666666.0,"Rosedale precinct, Lincoln County, Nebraska",111,92790,31
-666666666.0,"Brady precinct, Lincoln County, Nebraska",111,90345,31
-666666666.0,"Hinman precinct, Lincoln County, Nebraska",111,91445,31
-666666666.0,"Cotesfield precinct, Howard County, Nebraska",093,90580,31
-666666666.0,"Kelso precinct, Howard County, Nebraska",093,91565,31
-666666666.0,"Fairdale-Logan precinct, Howard County, Nebraska",093,90945,31
-666666666.0,"Warsaw precinct, Howard County, Nebraska",093,93345,31
-666666666.0,"Gage Valley precinct, Howard County, Nebraska",093,91050,31
-666666666.0,"Spring Creek precinct, Howard County, Nebraska",093,93050,31
-666666666.0,"Elba precinct, Howard County, Nebraska",093,90855,31
-666666666.0,"St. Paul city, Howard County, Nebraska",093,92833,31
-666666666.0,"Cleveland precinct, Howard County, Nebraska",093,90535,31
-666666666.0,"Dannebrog precinct, Howard County, Nebraska",093,90650,31
-666666666.0,"Posen precinct, Howard County, Nebraska",093,92460,31
-666666666.0,"St. Paul precinct, Howard County, Nebraska",093,92835,31
-666666666.0,"Paddock township, Holt County, Nebraska",089,38015,31
-666666666.0,"Cleveland township, Holt County, Nebraska",089,09550,31
-666666666.0,"Grattan township, Holt County, Nebraska",089,19980,31
-666666666.0,"Sand Creek township, Holt County, Nebraska",089,43440,31
-666666666.0,"Willowdale township, Holt County, Nebraska",089,53170,31
-666666666.0,"Chambers township, Holt County, Nebraska",089,08710,31
-666666666.0,"Conley township, Holt County, Nebraska",089,10320,31
-666666666.0,"Ewing township, Holt County, Nebraska",089,16305,31
-666666666.0,"Fairview township, Holt County, Nebraska",089,16620,31
-666666666.0,"Iowa township, Holt County, Nebraska",089,24145,31
-666666666.0,"McClure township, Holt County, Nebraska",089,29890,31
-666666666.0,"Scott township, Holt County, Nebraska",089,44175,31
-666666666.0,"Springdale township, Valley County, Nebraska",175,46485,31
-666666666.0,"Arcadia township, Valley County, Nebraska",175,01885,31
-666666666.0,"Liberty township, Valley County, Nebraska",175,27085,31
-666666666.0,"North Loup township, Valley County, Nebraska",175,34860,31
-666666666.0,"Ord township, Valley County, Nebraska",175,37315,31
-666666666.0,"Enterprise township, Valley County, Nebraska",175,15990,31
-666666666.0,"Geranium township, Valley County, Nebraska",175,18545,31
-666666666.0,"Michigan township, Valley County, Nebraska",175,31850,31
-666666666.0,"Yale township, Valley County, Nebraska",175,54010,31
-666666666.0,"Davis Creek township, Valley County, Nebraska",175,12385,31
-666666666.0,"Vinton township, Valley County, Nebraska",175,50755,31
-666666666.0,"Eureka township, Valley County, Nebraska",175,16130,31
-666666666.0,"Bartlett precinct, Wheeler County, Nebraska",183,90130,31
-666666666.0,"Kilfoil township, Custer County, Nebraska",041,25370,31
-666666666.0,"Milburn township, Custer County, Nebraska",041,32025,31
-666666666.0,"West Union township, Custer County, Nebraska",041,52715,31
-666666666.0,"Broken Bow city, Custer County, Nebraska",041,06610,31
-666666666.0,"Broken Bow township, Custer County, Nebraska",041,06645,31
-666666666.0,"Elk Creek township, Custer County, Nebraska",041,14940,31
-666666666.0,"Sargent township, Custer County, Nebraska",041,43720,31
-666666666.0,"Arnold township, Custer County, Nebraska",041,02130,31
-666666666.0,"Ericson precinct, Wheeler County, Nebraska",183,90925,31
-666666666.0,"Prairie Dog township, Harlan County, Nebraska",083,40220,31
-666666666.0,"Republican City township, Harlan County, Nebraska",083,41165,31
-666666666.0,"Albany township, Harlan County, Nebraska",083,00520,31
-666666666.0,"Sappa township, Harlan County, Nebraska",083,43580,31
-666666666.0,"Scandinavia township, Harlan County, Nebraska",083,43895,31
-666666666.0,"Fairfield township, Harlan County, Nebraska",083,16515,31
-666666666.0,"Orleans township, Harlan County, Nebraska",083,37455,31
-666666666.0,"Alma township, Harlan County, Nebraska",083,01010,31
-666666666.0,"Antelope township, Harlan County, Nebraska",083,01640,31
-666666666.0,"Spring Grove township, Harlan County, Nebraska",083,46555,31
-666666666.0,"Turkey Creek township, Harlan County, Nebraska",083,49390,31
-666666666.0,"Washington township, Harlan County, Nebraska",083,51490,31
-666666666.0,"Alma city, Harlan County, Nebraska",083,00975,31
-666666666.0,"Eldorado township, Harlan County, Nebraska",083,14695,31
-666666666.0,"Emerson township, Harlan County, Nebraska",083,15780,31
-666666666.0,"Reuben township, Harlan County, Nebraska",083,41200,31
-666666666.0,"Mullally township, Harlan County, Nebraska",083,33180,31
-666666666.0,"Lockridge precinct, York County, Nebraska",185,91800,31
-666666666.0,"Morton precinct, York County, Nebraska",185,92035,31
-666666666.0,"McFadden precinct, York County, Nebraska",185,91890,31
-666666666.0,"Brown precinct, York County, Nebraska",185,90370,31
-666666666.0,"Thayer precinct, York County, Nebraska",185,93180,31
-666666666.0,"Waco precinct, York County, Nebraska",185,93325,31
-666666666.0,"Stewart precinct, York County, Nebraska",185,93105,31
-666666666.0,"York city, York County, Nebraska",185,93582,31
-666666666.0,"Henderson precinct, York County, Nebraska",185,91370,31
-666666666.0,"Leroy precinct, York County, Nebraska",185,91720,31
-666666666.0,"New York precinct, York County, Nebraska",185,92115,31
-666666666.0,"Beaver precinct, York County, Nebraska",185,90170,31
-666666666.0,"Bradshaw precinct, York County, Nebraska",185,90340,31
-666666666.0,"Hays precinct, York County, Nebraska",185,91350,31
-666666666.0,"West Blue precinct, York County, Nebraska",185,93410,31
-666666666.0,"Baker precinct, York County, Nebraska",185,90115,31
-666666666.0,"Arborville precinct, York County, Nebraska",185,90080,31
-666666666.0,"Washington township, Franklin County, Nebraska",061,51420,31
-666666666.0,"Barneston township, Gage County, Nebraska",067,03110,31
-666666666.0,"Hanover township, Gage County, Nebraska",067,20890,31
-666666666.0,"Logan township, Gage County, Nebraska",067,28805,31
-666666666.0,"Paddock township, Gage County, Nebraska",067,37980,31
-666666666.0,"Adams township, Gage County, Nebraska",067,00275,31
50104.0,"Beatrice city, Gage County, Nebraska",067,03390,31
-666666666.0,"Filley township, Gage County, Nebraska",067,16865,31
-666666666.0,"Liberty township, Gage County, Nebraska",067,27015,31
-666666666.0,"Riverside township, Gage County, Nebraska",067,41620,31
-666666666.0,"Sicily township, Gage County, Nebraska",067,45260,31
-666666666.0,"Blakely township, Gage County, Nebraska",067,05420,31
-666666666.0,"Nemaha township, Gage County, Nebraska",067,33915,31
-666666666.0,"Sherman township, Gage County, Nebraska",067,44945,31
-666666666.0,"Elm township, Gage County, Nebraska",067,15290,31
-666666666.0,"Grant township, Gage County, Nebraska",067,19840,31
-666666666.0,"Rockford township, Gage County, Nebraska",067,42040,31
-666666666.0,"Highland township, Gage County, Nebraska",067,22395,31
-666666666.0,"Lincoln township, Gage County, Nebraska",067,27260,31
-666666666.0,"Holt township, Gage County, Nebraska",067,22850,31
-666666666.0,"Hooker township, Gage County, Nebraska",067,22990,31
-666666666.0,"Island Grove township, Gage County, Nebraska",067,24250,31
-666666666.0,"Midland township, Gage County, Nebraska",067,31920,31
-666666666.0,"Blue Springs-Wymore township, Gage County, Nebraska",067,05682,31
-666666666.0,"Clatonia township, Gage County, Nebraska",067,09305,31
-666666666.0,"Glenwood township, Gage County, Nebraska",067,19175,31
-666666666.0,"Precinct 5, Hamilton County, Nebraska",081,92513,31
-666666666.0,"West Pleasant Home precinct, Polk County, Nebraska",143,93452,31
-666666666.0,"Coleman township, Holt County, Nebraska",089,09830,31
-666666666.0,"Sheridan township, Holt County, Nebraska",089,44805,31
-666666666.0,"Dustin township, Holt County, Nebraska",089,14030,31
-666666666.0,"Francis township, Holt County, Nebraska",089,17390,31
-666666666.0,"Saratoga township, Holt County, Nebraska",089,43615,31
-666666666.0,"Shields township, Holt County, Nebraska",089,45120,31
-666666666.0,"Emmet township, Holt County, Nebraska",089,15850,31
-666666666.0,"O'Neill city, Holt County, Nebraska",089,37105,31
-666666666.0,"Pleasant View township, Holt County, Nebraska",089,39520,31
-666666666.0,"Wyoming township, Holt County, Nebraska",089,53940,31
-666666666.0,"Golden township, Holt County, Nebraska",089,19280,31
-666666666.0,"Rock Falls township, Holt County, Nebraska",089,41935,31
-666666666.0,"Inman township, Holt County, Nebraska",089,24110,31
-666666666.0,"Antelope township, Holt County, Nebraska",089,01675,31
-666666666.0,"Belle township, Holt County, Nebraska",089,03880,31
-666666666.0,"Osgood precinct, Lincoln County, Nebraska",111,92265,31
-666666666.0,"Sutherland precinct, Lincoln County, Nebraska",111,93145,31
-666666666.0,"Hall precinct, Lincoln County, Nebraska",111,91275,31
-666666666.0,"North Platte precinct, Lincoln County, Nebraska",111,92180,31
-666666666.0,"Wallace precinct, Lincoln County, Nebraska",111,93330,31
-666666666.0,"Medicine precinct, Lincoln County, Nebraska",111,91945,31
-666666666.0,"Sellers precinct, Lincoln County, Nebraska",111,92900,31
-666666666.0,"Hershey precinct, Lincoln County, Nebraska",111,91385,31
-666666666.0,"Chapman township, Merrick County, Nebraska",121,08815,31
-666666666.0,"Lone Tree township, Merrick County, Nebraska",121,29015,31
-666666666.0,"Loup township, Merrick County, Nebraska",121,29400,31
-666666666.0,"Mead township, Merrick County, Nebraska",121,31360,31
-666666666.0,"Prairie Island township, Merrick County, Nebraska",121,40272,31
-666666666.0,"Central City city, Merrick County, Nebraska",121,08535,31
-666666666.0,"Clarksville township, Merrick County, Nebraska",121,09235,31
-666666666.0,"Silver Creek township, Merrick County, Nebraska",121,45435,31
-666666666.0,"Prairie Creek township, Merrick County, Nebraska",121,40150,31
-666666666.0,"Central township, Merrick County, Nebraska",121,08500,31
-666666666.0,"Midland township, Merrick County, Nebraska",121,31955,31
-666666666.0,"Vieregg township, Merrick County, Nebraska",121,50720,31
-666666666.0,"South Dry Creek precinct, Pierce County, Nebraska",139,92985,31
-666666666.0,"Thompson precinct, Pierce County, Nebraska",139,93190,31
-666666666.0,"Allen precinct, Pierce County, Nebraska",139,90030,31
-666666666.0,"Pierce city, Pierce County, Nebraska",139,92358,31
-666666666.0,"South Branch precinct, Pierce County, Nebraska",139,92975,31
-666666666.0,"Foster precinct, Pierce County, Nebraska",139,91015,31
-666666666.0,"Mills precinct, Pierce County, Nebraska",139,92000,31
-666666666.0,"Logan precinct, Pierce County, Nebraska",139,91830,31
-666666666.0,"Willow Creek precinct, Pierce County, Nebraska",139,93500,31
-666666666.0,"North Dry Creek precinct, Pierce County, Nebraska",139,92160,31
-666666666.0,"Blaine precinct, Pierce County, Nebraska",139,90275,31
-666666666.0,"Clover Valley precinct, Pierce County, Nebraska",139,90545,31
-666666666.0,"Plum Grove precinct, Pierce County, Nebraska",139,92445,31
-666666666.0,"Cleveland precinct, Pierce County, Nebraska",139,90540,31
-666666666.0,"Eastern precinct, Pierce County, Nebraska",139,90790,31
-666666666.0,"Plainview city, Pierce County, Nebraska",139,92378,31
-666666666.0,"Holt Creek township, Holt County, Nebraska",089,22885,31
-666666666.0,"Shamrock township, Holt County, Nebraska",089,44525,31
-666666666.0,"Verdigris township, Holt County, Nebraska",089,50475,31
-666666666.0,"Steel Creek township, Holt County, Nebraska",089,46975,31
-666666666.0,"Josie township, Holt County, Nebraska",089,24810,31
-666666666.0,"Lake township, Holt County, Nebraska",089,25965,31
-666666666.0,"Swan township, Holt County, Nebraska",089,48025,31
-666666666.0,"Green Valley township, Holt County, Nebraska",089,20155,31
-666666666.0,"Deloit township, Holt County, Nebraska",089,12700,31
-666666666.0,"Stuart township, Holt County, Nebraska",089,47535,31
-666666666.0,"Atkinson township, Holt County, Nebraska",089,02585,31
-666666666.0,"Beaver City city, Furnas County, Nebraska",065,90177,31
-666666666.0,"Beaver City precinct, Furnas County, Nebraska",065,90175,31
-666666666.0,"Wilsonville precinct, Furnas County, Nebraska",065,93525,31
-666666666.0,"Cambridge precinct, Furnas County, Nebraska",065,90445,31
-666666666.0,"Oxford precinct, Furnas County, Nebraska",065,92290,31
-666666666.0,"Edison precinct, Furnas County, Nebraska",065,90845,31
-666666666.0,"Hendley precinct, Furnas County, Nebraska",065,91375,31
-666666666.0,"Holbrook precinct, Furnas County, Nebraska",065,91450,31
-666666666.0,"Hollinger precinct, Furnas County, Nebraska",065,91455,31
-666666666.0,"New Era precinct, Furnas County, Nebraska",065,92100,31
-666666666.0,"Arapahoe precinct, Furnas County, Nebraska",065,90075,31
-666666666.0,"East Muddy precinct, Gosper County, Nebraska",073,90805,31
-666666666.0,"Elk Creek precinct, Gosper County, Nebraska",073,90870,31
-666666666.0,"Elwood 7-23 precinct, Gosper County, Nebraska",073,90900,31
-666666666.0,"Bethel precinct, Gosper County, Nebraska",073,90235,31
-666666666.0,"Highland precinct, Gosper County, Nebraska",073,91395,31
-666666666.0,"Elwood 7-22 precinct, Gosper County, Nebraska",073,90895,31
-666666666.0,"Robb precinct, Gosper County, Nebraska",073,92755,31
-666666666.0,"Lincoln precinct, Gosper County, Nebraska",073,91765,31
-666666666.0,"Brace precinct, Gosper County, Nebraska",073,90335,31
-666666666.0,"Turkey Creek precinct, Gosper County, Nebraska",073,93225,31
-666666666.0,"Harrison precinct, Gosper County, Nebraska",073,91315,31
-666666666.0,"Union precinct, Gosper County, Nebraska",073,93245,31
-666666666.0,"West Muddy precinct, Gosper County, Nebraska",073,93435,31
-666666666.0,"Crete precinct, Saline County, Nebraska",151,90610,31
-666666666.0,"Atlanta precinct, Saline County, Nebraska",151,90100,31
-666666666.0,"Pierce precinct, Pierce County, Nebraska",139,92360,31
-666666666.0,"Slough precinct, Pierce County, Nebraska",139,92955,31
-666666666.0,"Whistle Creek precinct, Sioux County, Nebraska",165,93465,31
-666666666.0,"Sheep Creek precinct, Sioux County, Nebraska",165,92910,31
-666666666.0,"Bowen precinct, Sioux County, Nebraska",165,90320,31
-666666666.0,"Tekamah city, Burt County, Nebraska",021,48515,31
-666666666.0,"Arizona township, Burt County, Nebraska",021,01955,31
-666666666.0,"Craig township, Burt County, Nebraska",021,11125,31
-666666666.0,"Oakland city, Burt County, Nebraska",021,35490,31
-666666666.0,"Logan township, Burt County, Nebraska",021,28595,31
-666666666.0,"Pershing township, Burt County, Nebraska",021,38925,31
-666666666.0,"Bell Creek township, Burt County, Nebraska",021,03845,31
-666666666.0,"Riverside township, Burt County, Nebraska",021,41585,31
-666666666.0,"Oakland township, Burt County, Nebraska",021,35525,31
-666666666.0,"Decatur township, Burt County, Nebraska",021,12560,31
-666666666.0,"Everett township, Burt County, Nebraska",021,16200,31
-666666666.0,"Silver Creek township, Burt County, Nebraska",021,45330,31
-666666666.0,"Quinnebaugh township, Burt County, Nebraska",021,40500,31
-666666666.0,"Summit township, Burt County, Nebraska",021,47570,31
-666666666.0,"West Rock Bluff precinct, Cass County, Nebraska",025,93455,31
-666666666.0,"Liberty precinct, Cass County, Nebraska",025,91735,31
-666666666.0,"Tipton precinct, Cass County, Nebraska",025,93205,31
-666666666.0,"Greenwood precinct, Cass County, Nebraska",025,91245,31
-666666666.0,"Nehawka precinct, Cass County, Nebraska",025,92065,31
-666666666.0,"Stove Creek precinct, Cass County, Nebraska",025,93120,31
-666666666.0,"Center precinct, Cass County, Nebraska",025,90470,31
-666666666.0,"South Bend precinct, Cass County, Nebraska",025,92965,31
-666666666.0,"Weeping Water city, Cass County, Nebraska",025,93383,31
-666666666.0,"East Rock Bluff precinct, Cass County, Nebraska",025,90820,31
-666666666.0,"Louisville precinct, Cass County, Nebraska",025,91865,31
-666666666.0,"Plattsmouth city, Cass County, Nebraska",025,92398,31
-666666666.0,"Salt Creek precinct, Cass County, Nebraska",025,92850,31
-666666666.0,"Weeping Water precinct, Cass County, Nebraska",025,93385,31
-666666666.0,"Elmwood precinct, Cass County, Nebraska",025,90890,31
-666666666.0,"Plattsmouth precinct, Cass County, Nebraska",025,92400,31
-666666666.0,"Avoca precinct, Cass County, Nebraska",025,90110,31
-666666666.0,"Big Blue precinct, Saline County, Nebraska",151,90245,31
-666666666.0,"Friend precinct, Saline County, Nebraska",151,91035,31
-666666666.0,"Wilber precinct, Saline County, Nebraska",151,93490,31
-666666666.0,"Monroe precinct, Saline County, Nebraska",151,92025,31
-666666666.0,"Olive precinct, Saline County, Nebraska",151,92225,31
-666666666.0,"Lincoln precinct, Saline County, Nebraska",151,91780,31
65445.0,"Crete city, Saline County, Nebraska",151,90608,31
-666666666.0,"De Witt precinct, Saline County, Nebraska",151,90705,31
-666666666.0,"Dorchester precinct, Saline County, Nebraska",151,90725,31
-666666666.0,"Friend city, Saline County, Nebraska",151,91033,31
-666666666.0,"Pleasant Hill precinct, Saline County, Nebraska",151,92415,31
-666666666.0,"Swan Creek precinct, Saline County, Nebraska",151,93155,31
-666666666.0,"Wilber city, Saline County, Nebraska",151,93488,31
-666666666.0,"Turkey Creek precinct, Saline County, Nebraska",151,93230,31
-666666666.0,"South Fork precinct, Saline County, Nebraska",151,92990,31
-666666666.0,"North Fork precinct, Saline County, Nebraska",151,92165,31
-666666666.0,"Brush Creek precinct, Saline County, Nebraska",151,90395,31
-666666666.0,"Richland VI precinct, Sarpy County, Nebraska",153,92737,31
61650.0,"Richland VIII precinct, Sarpy County, Nebraska",153,92739,31
-666666666.0,"Springfield precinct, Sarpy County, Nebraska",153,93065,31
46250.0,"Bellevue Second I precinct, Sarpy County, Nebraska",153,90197,31
93872.0,"La Vista precinct, Sarpy County, Nebraska",153,91685,31
-666666666.0,"Melia-Forest City precinct, Sarpy County, Nebraska",153,91950,31
91488.0,"Papillion precinct, Sarpy County, Nebraska",153,92310,31
-666666666.0,"Highland II precinct, Sarpy County, Nebraska",153,91433,31
90875.0,"Papillion Second II precinct, Sarpy County, Nebraska",153,92314,31
-666666666.0,"Richland V precinct, Sarpy County, Nebraska",153,92736,31
-666666666.0,"Fairview precinct, Sarpy County, Nebraska",153,90970,31
59167.0,"Gilmore II precinct, Sarpy County, Nebraska",153,91145,31
-666666666.0,"Highland I precinct, Sarpy County, Nebraska",153,91431,31
-666666666.0,"LaPlatte II precinct, Sarpy County, Nebraska",153,91682,31
-666666666.0,"Gilmore I precinct, Sarpy County, Nebraska",153,91140,31
-666666666.0,"Richland II precinct, Sarpy County, Nebraska",153,92733,31
164432.0,"Richland VII precinct, Sarpy County, Nebraska",153,92738,31
-666666666.0,"Papillion Second I precinct, Sarpy County, Nebraska",153,92313,31
-666666666.0,"Bellevue Second II precinct, Sarpy County, Nebraska",153,90198,31
68688.0,"Richland III precinct, Sarpy County, Nebraska",153,92734,31
-666666666.0,"Eight Mile Grove precinct, Cass County, Nebraska",025,90850,31
-666666666.0,"Mount Pleasant precinct, Cass County, Nebraska",025,92045,31
-666666666.0,"Elkhorn township, Cuming County, Nebraska",039,15010,31
-666666666.0,"Berwyn township, Custer County, Nebraska",041,04685,31
-666666666.0,"Cliff township, Custer County, Nebraska",041,09620,31
-666666666.0,"Hayes township, Custer County, Nebraska",041,21590,31
-666666666.0,"Lillian township, Custer County, Nebraska",041,27120,31
-666666666.0,"Westerville township, Custer County, Nebraska",041,52365,31
-666666666.0,"Myrtle township, Custer County, Nebraska",041,33495,31
-666666666.0,"Ryno township, Custer County, Nebraska",041,42880,31
-666666666.0,"Wayne township, Custer County, Nebraska",041,51805,31
-666666666.0,"Spring Creek township, Custer County, Nebraska",041,46450,31
-666666666.0,"Delight township, Custer County, Nebraska",041,12630,31
-666666666.0,"East Custer township, Custer County, Nebraska",041,14170,31
-666666666.0,"Elim township, Custer County, Nebraska",041,14835,31
-666666666.0,"Triumph township, Custer County, Nebraska",041,49180,31
-666666666.0,"Victoria township, Custer County, Nebraska",041,50685,31
-666666666.0,"Algernon township, Custer County, Nebraska",041,00835,31
-666666666.0,"Garfield township, Custer County, Nebraska",041,18160,31
-666666666.0,"Bruning precinct, Thayer County, Nebraska",169,90390,31
-666666666.0,"Alexandria precinct, Thayer County, Nebraska",169,90018,31
-666666666.0,"Chester precinct, Thayer County, Nebraska",169,90498,31
-666666666.0,"Davenport precinct, Thayer County, Nebraska",169,90660,31
-666666666.0,"Ainsworth city, Brown County, Nebraska",017,90007,31
-666666666.0,"South Pine precinct, Brown County, Nebraska",017,93005,31
-666666666.0,"Johnstown precinct, Brown County, Nebraska",017,91555,31
-666666666.0,"North Pine precinct, Brown County, Nebraska",017,92175,31
-666666666.0,"Ainsworth precinct, Brown County, Nebraska",017,90010,31
-666666666.0,"Precinct 01, Dawes County, Nebraska",045,92472,31
-666666666.0,"Precinct 3, Phelps County, Nebraska",137,92496,31
-666666666.0,"Precinct 1, Phelps County, Nebraska",137,92476,31
-666666666.0,"Precinct 2, Phelps County, Nebraska",137,92486,31
-666666666.0,"Precinct 4, Phelps County, Nebraska",137,92506,31
-666666666.0,"Precinct 11, Phelps County, Nebraska",137,92563,31
-666666666.0,"Precinct 5, Phelps County, Nebraska",137,92516,31
-666666666.0,"Precinct 6, Phelps County, Nebraska",137,92526,31
-666666666.0,"Precinct 7, Phelps County, Nebraska",137,92536,31
-666666666.0,"Precinct 8, Phelps County, Nebraska",137,92544,31
-666666666.0,"Precinct 9, Phelps County, Nebraska",137,92548,31
-666666666.0,"Precinct 10, Phelps County, Nebraska",137,92558,31
-666666666.0,"Precinct 13, Phelps County, Nebraska",137,92572,31
-666666666.0,"Precinct 12, Phelps County, Nebraska",137,92567,31
-666666666.0,"Spring Branch 2 precinct, Stanton County, Nebraska",167,93047,31
-666666666.0,"Precinct 02, Dawes County, Nebraska",045,92482,31
-666666666.0,"Precinct 03, Dawes County, Nebraska",045,92492,31
-666666666.0,"Precinct 04, Dawes County, Nebraska",045,92502,31
-666666666.0,"Precinct 05, Dawes County, Nebraska",045,92512,31
-666666666.0,"Precinct 06, Dawes County, Nebraska",045,92522,31
-666666666.0,"Precinct 07, Dawes County, Nebraska",045,92532,31
-666666666.0,"Precinct 08, Dawes County, Nebraska",045,92542,31
-666666666.0,"Hebron North precinct, Thayer County, Nebraska",169,91358,31
-666666666.0,"Hebron South precinct, Thayer County, Nebraska",169,91359,31
-666666666.0,"Thomas precinct, Thomas County, Nebraska",171,93187,31
-666666666.0,"District 2, Perkins County, Nebraska",135,90718,31
-666666666.0,"District 3, Perkins County, Nebraska",135,90720,31
-666666666.0,"District 1, Perkins County, Nebraska",135,90716,31
-666666666.0,"Wolbach precinct, Greeley County, Nebraska",077,93530,31
-666666666.0,"District 1, Webster County, Nebraska",181,90717,31
-666666666.0,"Precinct 09, Dawes County, Nebraska",045,92547,31
-666666666.0,"Sidney 4 precinct, Cheyenne County, Nebraska",033,92949,31
-666666666.0,"Sidney 5 precinct, Cheyenne County, Nebraska",033,92950,31
-666666666.0,"Sidney 2 precinct, Cheyenne County, Nebraska",033,92947,31
-666666666.0,"Eleven precinct, Box Butte County, Nebraska",013,90857,31
-666666666.0,"Fifteen precinct, Box Butte County, Nebraska",013,90992,31
-666666666.0,"Dix precinct, Kimball County, Nebraska",105,90724,31
53730.0,"Bellevue precinct, Sarpy County, Nebraska",153,90190,31
-666666666.0,"Bellevue Second IV precinct, Sarpy County, Nebraska",153,90200,31
-666666666.0,"Sidney 3 precinct, Cheyenne County, Nebraska",033,92948,31
-666666666.0,"District 2, Webster County, Nebraska",181,90719,31
-666666666.0,"District 3, Webster County, Nebraska",181,90721,31
-666666666.0,"District 4, Webster County, Nebraska",181,90722,31
-666666666.0,"District 5, Webster County, Nebraska",181,90723,31
-666666666.0,"South Sheridan precinct, Sheridan County, Nebraska",161,93017,31
-666666666.0,"Precinct 5, Buffalo County, Nebraska",019,92508,31
-666666666.0,"Champion-Lamar precinct, Chase County, Nebraska",029,90487,31
-666666666.0,"Precinct 4, Buffalo County, Nebraska",019,92498,31
-666666666.0,"Deshler precinct, Thayer County, Nebraska",169,90690,31
-666666666.0,"Hebron city, Thayer County, Nebraska",169,91357,31
-666666666.0,"Precinct 1, Buffalo County, Nebraska",019,92468,31
-666666666.0,"Precinct 2, Buffalo County, Nebraska",019,92478,31
-666666666.0,"Precinct 6, Buffalo County, Nebraska",019,92518,31
-666666666.0,"Precinct 7, Buffalo County, Nebraska",019,92528,31
-666666666.0,"Precinct 8, Buffalo County, Nebraska",019,92538,31
-666666666.0,"Precinct 9, Buffalo County, Nebraska",019,92545,31
-666666666.0,"Precinct 11, Buffalo County, Nebraska",019,92559,31
-666666666.0,"Precinct 13, Buffalo County, Nebraska",019,92568,31
-666666666.0,"Precinct 14, Buffalo County, Nebraska",019,92573,31
-666666666.0,"Precinct 19, Buffalo County, Nebraska",019,92598,31
-666666666.0,"Precinct 20, Buffalo County, Nebraska",019,92603,31
-666666666.0,"Precinct 3, Buffalo County, Nebraska",019,92488,31
-666666666.0,"Precinct 10, Buffalo County, Nebraska",019,92553,31
-666666666.0,"Precinct 12, Buffalo County, Nebraska",019,92564,31
-666666666.0,"Precinct 15, Buffalo County, Nebraska",019,92578,31
-666666666.0,"Precinct 16, Buffalo County, Nebraska",019,92583,31
-666666666.0,"Precinct 17, Buffalo County, Nebraska",019,92588,31
-666666666.0,"Precinct 18, Buffalo County, Nebraska",019,92593,31
-666666666.0,"Precinct 21, Buffalo County, Nebraska",019,92608,31
-666666666.0,"Precinct 22, Buffalo County, Nebraska",019,92612,31
-666666666.0,"Precinct 23, Buffalo County, Nebraska",019,92616,31
-666666666.0,"Precinct 24, Buffalo County, Nebraska",019,92618,31
-666666666.0,"Precinct 25, Buffalo County, Nebraska",019,92622,31
-666666666.0,"Precinct 26, Buffalo County, Nebraska",019,92624,31
-666666666.0,"Precinct 27, Buffalo County, Nebraska",019,92626,31
-666666666.0,"Precinct 28, Buffalo County, Nebraska",019,92628,31
-666666666.0,"Precinct B, Seward County, Nebraska",159,92634,31
-666666666.0,"Precinct 29, Buffalo County, Nebraska",019,92629,31
-666666666.0,"Precinct 9, Cedar County, Nebraska",027,92546,31
-666666666.0,"Precinct A, Seward County, Nebraska",159,92632,31
-666666666.0,"Lincoln township, Cuming County, Nebraska",039,27190,31
-666666666.0,"Neligh township, Cuming County, Nebraska",039,33845,31
-666666666.0,"West Point city, Cuming County, Nebraska",039,52575,31
-666666666.0,"Grant township, Cuming County, Nebraska",039,19735,31
-666666666.0,"St. Charles township, Cuming County, Nebraska",039,42985,31
-666666666.0,"Wisner township, Cuming County, Nebraska",039,53485,31
-666666666.0,"Beemer township, Cuming County, Nebraska",039,03670,31
-666666666.0,"Blaine township, Cuming County, Nebraska",039,05280,31
-666666666.0,"Garfield township, Cuming County, Nebraska",039,18125,31
-666666666.0,"Logan township, Cuming County, Nebraska",039,28665,31
-666666666.0,"Monterey township, Cuming County, Nebraska",039,32690,31
-666666666.0,"Sherman township, Cuming County, Nebraska",039,44910,31
-666666666.0,"Cuming township, Cuming County, Nebraska",039,11685,31
-666666666.0,"Bancroft township, Cuming County, Nebraska",039,03022,31
-666666666.0,"Wisner city, Cuming County, Nebraska",039,53450,31
-666666666.0,"Cleveland township, Cuming County, Nebraska",039,09515,31
-666666666.0,"Bismark township, Cuming County, Nebraska",039,05063,31
-666666666.0,"Wakefield township, Dixon County, Nebraska",051,51105,31
-666666666.0,"Clark township, Dixon County, Nebraska",051,09130,31
-666666666.0,"Daily township, Dixon County, Nebraska",051,11965,31
-666666666.0,"Ottercreek township, Dixon County, Nebraska",051,37665,31
-666666666.0,"Concord township, Dixon County, Nebraska",051,10285,31
-666666666.0,"Ponca city, Dixon County, Nebraska",051,39695,31
-666666666.0,"Silvercreek township, Dixon County, Nebraska",051,45365,31
-666666666.0,"Springbank township, Dixon County, Nebraska",051,46415,31
-666666666.0,"Galena township, Dixon County, Nebraska",051,17915,31
-666666666.0,"Hooker township, Dixon County, Nebraska",051,22955,31
-666666666.0,"Logan township, Dixon County, Nebraska",051,28700,31
-666666666.0,"Newcastle township, Dixon County, Nebraska",051,34125,31
-666666666.0,"Ponca township, Dixon County, Nebraska",051,39730,31
-666666666.0,"Emerson township, Dixon County, Nebraska",051,15745,31
-666666666.0,"Haigler precinct, Dundy County, Nebraska",057,91272,31
-666666666.0,"Benkelman No. 3 precinct, Dundy County, Nebraska",057,90215,31
-666666666.0,"Forest City No. 1 precinct, Sarpy County, Nebraska",153,91010,31
-666666666.0,"Platford-Springfield I precinct, Sarpy County, Nebraska",153,92381,31
-666666666.0,"Platford-Springfield II precinct, Sarpy County, Nebraska",153,92382,31
-666666666.0,"Richland I precinct, Sarpy County, Nebraska",153,92732,31
-666666666.0,"Bellevue Second III precinct, Sarpy County, Nebraska",153,90199,31
-666666666.0,"Forest City No. 2 precinct, Sarpy County, Nebraska",153,91012,31
-666666666.0,"Richland IV precinct, Sarpy County, Nebraska",153,92735,31
-666666666.0,"LaPlatte I precinct, Sarpy County, Nebraska",153,91681,31
-666666666.0,"Anderson township, Thurston County, Nebraska",173,01377,31
-666666666.0,"Omaha township, Thurston County, Nebraska",173,37017,31
-666666666.0,"Flournoy township, Thurston County, Nebraska",173,17022,31
-666666666.0,"Merry township, Thurston County, Nebraska",173,31832,31
-666666666.0,"Blackbird township, Thurston County, Nebraska",173,05122,31
-666666666.0,"Bryan township, Thurston County, Nebraska",173,06907,31
-666666666.0,"Perry township, Thurston County, Nebraska",173,38907,31
-666666666.0,"Winnebago township, Thurston County, Nebraska",173,53295,31
-666666666.0,"Dawes township, Thurston County, Nebraska",173,12402,31
-666666666.0,"Pender township, Thurston County, Nebraska",173,38767,31
-666666666.0,"Thayer township, Thurston County, Nebraska",173,48672,31
-666666666.0,"Township 5, Washington County, Nebraska",177,49129,31
-666666666.0,"Township 6, Washington County, Nebraska",177,49130,31
-666666666.0,"Township 7, Washington County, Nebraska",177,49131,31
-666666666.0,"Township 2, Washington County, Nebraska",177,49126,31
-666666666.0,"Blair city, Washington County, Nebraska",177,05350,31
-666666666.0,"Township 1, Washington County, Nebraska",177,49125,31
-666666666.0,"Spencer township, Boyd County, Nebraska",015,46310,31
-666666666.0,"Butte township, Boyd County, Nebraska",015,07520,31
-666666666.0,"Lynch township, Boyd County, Nebraska",015,29785,31
-666666666.0,"McCulley township, Boyd County, Nebraska",015,29995,31
-666666666.0,"Basin township, Boyd County, Nebraska",015,03197,31
-666666666.0,"Mullen township, Boyd County, Nebraska",015,33215,31
-666666666.0,"Bristow township, Boyd County, Nebraska",015,06435,31
-666666666.0,"Bush township, Boyd County, Nebraska",015,07380,31
-666666666.0,"Morton township, Boyd County, Nebraska",015,32935,31
-666666666.0,"Benkelman No. 2 precinct, Dundy County, Nebraska",057,90210,31
-666666666.0,"Ough precinct, Dundy County, Nebraska",057,92283,31
-666666666.0,"Benkelman No. 1 precinct, Dundy County, Nebraska",057,90205,31
-666666666.0,"Fairfield precinct, Hayes County, Nebraska",085,90950,31
-666666666.0,"Hopewell precinct, Hayes County, Nebraska",085,91460,31
-666666666.0,"Hayes Center precinct, Hayes County, Nebraska",085,91335,31
-666666666.0,"Government precinct, Hayes County, Nebraska",085,91175,31
-666666666.0,"Hamlet precinct, Hayes County, Nebraska",085,91290,31
-666666666.0,"Antelope precinct, Hayes County, Nebraska",085,90050,31
-666666666.0,"Germanville precinct, Hayes County, Nebraska",085,91105,31
-666666666.0,"Thornburg precinct, Hayes County, Nebraska",085,93195,31
-666666666.0,"Cleveland precinct, Cherry County, Nebraska",031,90530,31
-666666666.0,"Kilgore precinct, Cherry County, Nebraska",031,91590,31
-666666666.0,"Russell precinct, Cherry County, Nebraska",031,92810,31
-666666666.0,"Valentine city, Cherry County, Nebraska",031,93278,31
-666666666.0,"Crookston precinct, Cherry County, Nebraska",031,90615,31
-666666666.0,"Merriman precinct, Cherry County, Nebraska",031,91960,31
-666666666.0,"Mother Lake precinct, Cherry County, Nebraska",031,92040,31
-666666666.0,"Barley precinct, Cherry County, Nebraska",031,90125,31
-666666666.0,"Goose Creek precinct, Cherry County, Nebraska",031,91165,31
-666666666.0,"Lackey precinct, Cherry County, Nebraska",031,91655,31
-666666666.0,"Loup precinct, Cherry County, Nebraska",031,91870,31
-666666666.0,"Nenzel precinct, Cherry County, Nebraska",031,92095,31
-666666666.0,"Valentine precinct, Cherry County, Nebraska",031,93280,31
-666666666.0,"Gillaspie precinct, Cherry County, Nebraska",031,91135,31
-666666666.0,"Kennedy precinct, Cherry County, Nebraska",031,91575,31
-666666666.0,"King precinct, Cherry County, Nebraska",031,91610,31
-666666666.0,"Wells precinct, Cherry County, Nebraska",031,93400,31
-666666666.0,"Cody precinct, Cherry County, Nebraska",031,90550,31
-666666666.0,"Wood Lake precinct, Cherry County, Nebraska",031,93535,31
-666666666.0,"Everett township, Dodge County, Nebraska",053,16235,31
-666666666.0,"Hooper township, Dodge County, Nebraska",053,23060,31
-666666666.0,"Maple township, Dodge County, Nebraska",053,30450,31
-666666666.0,"Scribner city, Dodge County, Nebraska",053,44280,31
-666666666.0,"Webster township, Dodge County, Nebraska",053,51910,31
-666666666.0,"Pebble township, Dodge County, Nebraska",053,38645,31
-666666666.0,"Union township, Dodge County, Nebraska",053,49670,31
-666666666.0,"Logan township, Dodge County, Nebraska",053,28735,31
-666666666.0,"Platte township, Dodge County, Nebraska",053,39275,31
-666666666.0,"Cuming township, Dodge County, Nebraska",053,11720,31
-666666666.0,"Pleasant Valley township, Dodge County, Nebraska",053,39485,31
-666666666.0,"Elkhorn township, Dodge County, Nebraska",053,15045,31
-666666666.0,"Fremont city, Dodge County, Nebraska",053,17670,31
-666666666.0,"Nickerson township, Dodge County, Nebraska",053,34335,31
-666666666.0,"Ridgeley township, Dodge County, Nebraska",053,41410,31
-666666666.0,"Cotterell township, Dodge County, Nebraska",053,10775,31
-666666666.0,"North Bend city, Dodge County, Nebraska",053,34720,31
-666666666.0,"Bennett township, Fillmore County, Nebraska",059,04335,31
-666666666.0,"Hamilton township, Fillmore County, Nebraska",059,20715,31
-666666666.0,"Highland precinct, Hayes County, Nebraska",085,91400,31
-666666666.0,"Concord precinct, Hayes County, Nebraska",085,90570,31
-666666666.0,"Deerfield precinct, Hayes County, Nebraska",085,90675,31
-666666666.0,"Harrison precinct, Hayes County, Nebraska",085,91320,31
-666666666.0,"Blackwood precinct, Hayes County, Nebraska",085,90255,31
-666666666.0,"High Ridge precinct, Hayes County, Nebraska",085,91440,31
-666666666.0,"Precinct C, Seward County, Nebraska",159,92636,31
-666666666.0,"Precinct D, Seward County, Nebraska",159,92638,31
-666666666.0,"Precinct E, Seward County, Nebraska",159,92642,31
-666666666.0,"Precinct F, Seward County, Nebraska",159,92644,31
-666666666.0,"Precinct G, Seward County, Nebraska",159,92646,31
-666666666.0,"Precinct H, Seward County, Nebraska",159,92648,31
