B25003B_001E,B25003B_002E,B25003B_003E,name,county,county subdivision,state
282.0,65.0,217.0,"West Windsor township, Mercer County, New Jersey",021,80240,34
662.0,382.0,280.0,"East Windsor township, Mercer County, New Jersey",021,19780,34
3.0,0.0,3.0,"Hopewell borough, Mercer County, New Jersey",021,33150,34
189.0,64.0,125.0,"Hightstown borough, Mercer County, New Jersey",021,31620,34
135.0,84.0,51.0,"Hopewell township, Mercer County, New Jersey",021,33180,34
3808.0,2115.0,1693.0,"Ewing township, Mercer County, New Jersey",021,22185,34
4149.0,1636.0,2513.0,"Hamilton township, Mercer County, New Jersey",021,29310,34
20.0,8.0,12.0,"Pennington borough, Mercer County, New Jersey",021,57600,34
1465.0,877.0,588.0,"Lawrence township, Mercer County, New Jersey",021,39510,34
14633.0,5249.0,9384.0,"Trenton city, Mercer County, New Jersey",021,74000,34
9.0,9.0,0.0,"Frankford township, Sussex County, New Jersey",037,24810,34
12.0,12.0,0.0,"Hampton township, Sussex County, New Jersey",037,29490,34
11.0,0.0,11.0,"Sussex borough, Sussex County, New Jersey",037,71670,34
5.0,0.0,5.0,"Andover borough, Sussex County, New Jersey",037,01330,34
0.0,0.0,0.0,"Stillwater township, Sussex County, New Jersey",037,70890,34
56.0,37.0,19.0,"Hardyston township, Sussex County, New Jersey",037,29850,34
143.0,42.0,101.0,"Newton town, Sussex County, New Jersey",037,51930,34
46.0,0.0,46.0,"Montague township, Sussex County, New Jersey",037,47430,34
0.0,0.0,0.0,"Walpack township, Sussex County, New Jersey",037,76640,34
0.0,0.0,0.0,"Fredon township, Sussex County, New Jersey",037,25140,34
112.0,77.0,35.0,"Hopatcong borough, Sussex County, New Jersey",037,32910,34
0.0,0.0,0.0,"Sandyston township, Sussex County, New Jersey",037,65700,34
97.0,77.0,20.0,"Sparta township, Sussex County, New Jersey",037,69690,34
5.0,0.0,5.0,"Andover township, Sussex County, New Jersey",037,01360,34
53.0,34.0,19.0,"Franklin borough, Sussex County, New Jersey",037,24930,34
47.0,38.0,9.0,"Hamburg borough, Sussex County, New Jersey",037,29220,34
0.0,0.0,0.0,"Lafayette township, Sussex County, New Jersey",037,37440,34
10.0,0.0,10.0,"Wantage township, Sussex County, New Jersey",037,76790,34
12.0,5.0,7.0,"Byram township, Sussex County, New Jersey",037,09160,34
37.0,37.0,0.0,"Stanhope borough, Sussex County, New Jersey",037,70380,34
6.0,0.0,6.0,"Ogdensburg borough, Sussex County, New Jersey",037,54660,34
5.0,5.0,0.0,"Green township, Sussex County, New Jersey",037,27420,34
160.0,127.0,33.0,"Vernon township, Sussex County, New Jersey",037,75740,34
0.0,0.0,0.0,"Branchville borough, Sussex County, New Jersey",037,07300,34
696.0,523.0,173.0,"Fairfield township, Cumberland County, New Jersey",011,22350,34
0.0,0.0,0.0,"Maurice River township, Cumberland County, New Jersey",011,44580,34
260.0,20.0,240.0,"Upper Deerfield township, Cumberland County, New Jersey",011,74870,34
15.0,5.0,10.0,"Stow Creek township, Cumberland County, New Jersey",011,71160,34
19.0,19.0,0.0,"Downe township, Cumberland County, New Jersey",011,18220,34
174.0,8.0,166.0,"Manville borough, Somerset County, New Jersey",035,43620,34
1545.0,839.0,706.0,"North Plainfield borough, Somerset County, New Jersey",035,53280,34
6.0,0.0,6.0,"Peapack and Gladstone borough, Somerset County, New Jersey",035,57300,34
30.0,30.0,0.0,"Warren township, Somerset County, New Jersey",035,76940,34
0.0,0.0,0.0,"Bernardsville borough, Somerset County, New Jersey",035,05590,34
8817.0,2170.0,6647.0,"City of Orange township, Essex County, New Jersey",013,13045,34
82.0,18.0,64.0,"Livingston township, Essex County, New Jersey",013,40890,34
131.0,53.0,78.0,"Verona township, Essex County, New Jersey",013,75815,34
1510.0,384.0,1126.0,"Belleville township, Essex County, New Jersey",013,04695,34
3061.0,1112.0,1949.0,"Bloomfield township, Essex County, New Jersey",013,06260,34
0.0,0.0,0.0,"Fairfield township, Essex County, New Jersey",013,22385,34
161.0,137.0,24.0,"Glen Ridge borough, Essex County, New Jersey",013,26610,34
222.0,82.0,140.0,"Nutley township, Essex County, New Jersey",013,53680,34
209.0,108.0,101.0,"Cedar Grove township, Essex County, New Jersey",013,11200,34
4.0,4.0,0.0,"Essex Fells borough, Essex County, New Jersey",013,21840,34
0.0,0.0,0.0,"Roseland borough, Essex County, New Jersey",013,64590,34
1316.0,831.0,485.0,"South Orange Village township, Essex County, New Jersey",013,69274,34
2358.0,1650.0,708.0,"Maplewood township, Essex County, New Jersey",013,43800,34
216.0,26.0,190.0,"Millburn township, Essex County, New Jersey",013,46380,34
12.0,7.0,5.0,"West Caldwell township, Essex County, New Jersey",013,78510,34
17444.0,5097.0,12347.0,"Irvington township, Essex County, New Jersey",013,34450,34
3756.0,2296.0,1460.0,"West Orange township, Essex County, New Jersey",013,79800,34
3403.0,1458.0,1945.0,"Montclair township, Essex County, New Jersey",013,47500,34
0.0,0.0,0.0,"North Caldwell borough, Essex County, New Jersey",013,52620,34
49461.0,10915.0,38546.0,"Newark city, Essex County, New Jersey",013,51000,34
21449.0,5624.0,15825.0,"East Orange city, Essex County, New Jersey",013,19390,34
48.0,36.0,12.0,"Beachwood borough, Ocean County, New Jersey",029,04180,34
53.0,31.0,22.0,"Lakehurst borough, Ocean County, New Jersey",029,37770,34
17.0,5.0,12.0,"Pine Beach borough, Ocean County, New Jersey",029,58590,34
0.0,0.0,0.0,"County subdivisions not defined, Ocean County, New Jersey",029,00000,34
477.0,363.0,114.0,"Barnegat township, Ocean County, New Jersey",029,03050,34
0.0,0.0,0.0,"Ship Bottom borough, Ocean County, New Jersey",029,67110,34
7.0,0.0,7.0,"Beach Haven borough, Ocean County, New Jersey",029,03940,34
8.0,0.0,8.0,"Island Heights borough, Ocean County, New Jersey",029,34530,34
716.0,526.0,190.0,"Manchester township, Ocean County, New Jersey",029,43140,34
0.0,0.0,0.0,"Mantoloking borough, Ocean County, New Jersey",029,43380,34
18.0,0.0,18.0,"Ocean township, Ocean County, New Jersey",029,54300,34
26.0,0.0,26.0,"Ocean Gate borough, Ocean County, New Jersey",029,54450,34
131.0,73.0,58.0,"Plumsted township, Ocean County, New Jersey",029,59790,34
0.0,0.0,0.0,"Point Pleasant Beach borough, Ocean County, New Jersey",029,59910,34
647.0,323.0,324.0,"Brick township, Ocean County, New Jersey",029,07420,34
0.0,0.0,0.0,"Harvey Cedars borough, Ocean County, New Jersey",029,30390,34
0.0,0.0,0.0,"Seaside Park borough, Ocean County, New Jersey",029,66480,34
92.0,80.0,12.0,"Stafford township, Ocean County, New Jersey",029,70320,34
0.0,0.0,0.0,"Eagleswood township, Ocean County, New Jersey",029,18670,34
0.0,0.0,0.0,"Lavallette borough, Ocean County, New Jersey",029,39390,34
43.0,43.0,0.0,"Little Egg Harbor township, Ocean County, New Jersey",029,40560,34
44.0,25.0,19.0,"Point Pleasant borough, Ocean County, New Jersey",029,59880,34
36.0,36.0,0.0,"Lacey township, Ocean County, New Jersey",029,37380,34
202.0,101.0,101.0,"Berkeley township, Ocean County, New Jersey",029,05305,34
0.0,0.0,0.0,"Barnegat Light borough, Ocean County, New Jersey",029,03130,34
1448.0,401.0,1047.0,"Lakewood township, Ocean County, New Jersey",029,38550,34
0.0,0.0,0.0,"Bay Head borough, Ocean County, New Jersey",029,03520,34
0.0,0.0,0.0,"Long Beach township, Ocean County, New Jersey",029,41250,34
74.0,0.0,74.0,"Seaside Heights borough, Ocean County, New Jersey",029,66450,34
167.0,81.0,86.0,"South Toms River borough, Ocean County, New Jersey",029,69510,34
0.0,0.0,0.0,"Surf City borough, Ocean County, New Jersey",029,71640,34
1183.0,654.0,529.0,"Jackson township, Ocean County, New Jersey",029,34680,34
0.0,0.0,0.0,"Tuckerton borough, Ocean County, New Jersey",029,74210,34
264.0,116.0,148.0,"Absecon city, Atlantic County, New Jersey",001,00100,34
207.0,173.0,34.0,"Buena Vista township, Atlantic County, New Jersey",001,08710,34
0.0,0.0,0.0,"Port Republic city, Atlantic County, New Jersey",001,60600,34
0.0,0.0,0.0,"County subdivisions not defined, Atlantic County, New Jersey",001,00000,34
0.0,0.0,0.0,"Estell Manor city, Atlantic County, New Jersey",001,21870,34
0.0,0.0,0.0,"Corbin City city, Atlantic County, New Jersey",001,15160,34
252.0,252.0,0.0,"Mullica township, Atlantic County, New Jersey",001,49410,34
556.0,41.0,515.0,"Somers Point city, Atlantic County, New Jersey",001,68430,34
24.0,24.0,0.0,"Folsom borough, Atlantic County, New Jersey",001,23940,34
30.0,0.0,30.0,"Margate City city, Atlantic County, New Jersey",001,43890,34
2925.0,1455.0,1470.0,"Pleasantville city, Atlantic County, New Jersey",001,59640,34
32.0,0.0,32.0,"Brigantine city, Atlantic County, New Jersey",001,07810,34
232.0,103.0,129.0,"Egg Harbor City city, Atlantic County, New Jersey",001,20350,34
10.0,0.0,10.0,"Linwood city, Atlantic County, New Jersey",001,40530,34
108.0,20.0,88.0,"Buena borough, Atlantic County, New Jersey",001,08680,34
1204.0,831.0,373.0,"Egg Harbor township, Atlantic County, New Jersey",001,20290,34
1569.0,803.0,766.0,"Galloway township, Atlantic County, New Jersey",001,25560,34
1579.0,917.0,662.0,"Hamilton township, Atlantic County, New Jersey",001,29280,34
229.0,47.0,182.0,"Ventnor City city, Atlantic County, New Jersey",001,75620,34
87.0,87.0,0.0,"Weymouth township, Atlantic County, New Jersey",001,80330,34
116.0,21.0,95.0,"Hammonton town, Atlantic County, New Jersey",001,29430,34
3.0,0.0,3.0,"Longport borough, Atlantic County, New Jersey",001,41370,34
30.0,30.0,0.0,"Northfield city, Atlantic County, New Jersey",001,52950,34
6215.0,1229.0,4986.0,"Atlantic City city, Atlantic County, New Jersey",001,02080,34
141.0,93.0,48.0,"Swedesboro borough, Gloucester County, New Jersey",015,71850,34
974.0,324.0,650.0,"Woodbury city, Gloucester County, New Jersey",015,82120,34
356.0,224.0,132.0,"Clayton borough, Gloucester County, New Jersey",015,13360,34
433.0,217.0,216.0,"Woolwich township, Gloucester County, New Jersey",015,82840,34
19.0,19.0,0.0,"South Harrison township, Gloucester County, New Jersey",015,69030,34
157.0,123.0,34.0,"Harrison township, Gloucester County, New Jersey",015,30180,34
981.0,585.0,396.0,"Washington township, Gloucester County, New Jersey",015,77180,34
100.0,0.0,100.0,"Westville borough, Gloucester County, New Jersey",015,80120,34
135.0,97.0,38.0,"Mantua township, Gloucester County, New Jersey",015,43440,34
16.0,5.0,11.0,"Newfield borough, Gloucester County, New Jersey",015,51390,34
36.0,10.0,26.0,"Pitman borough, Gloucester County, New Jersey",015,59070,34
1836.0,1384.0,452.0,"Monroe township, Gloucester County, New Jersey",015,47250,34
0.0,0.0,0.0,"Wenonah borough, Gloucester County, New Jersey",015,78110,34
1493.0,722.0,771.0,"Deptford township, Gloucester County, New Jersey",015,17710,34
270.0,228.0,42.0,"East Greenwich township, Gloucester County, New Jersey",015,19180,34
830.0,249.0,581.0,"West Deptford township, Gloucester County, New Jersey",015,78800,34
383.0,293.0,90.0,"Franklin township, Gloucester County, New Jersey",015,24840,34
15.0,10.0,5.0,"Woodbury Heights borough, Gloucester County, New Jersey",015,82180,34
265.0,236.0,29.0,"Elk township, Gloucester County, New Jersey",015,21060,34
1079.0,549.0,530.0,"Glassboro borough, Gloucester County, New Jersey",015,26340,34
204.0,204.0,0.0,"Logan township, Gloucester County, New Jersey",015,41160,34
96.0,7.0,89.0,"Greenwich township, Gloucester County, New Jersey",015,28185,34
9.0,0.0,9.0,"National Park borough, Gloucester County, New Jersey",015,49680,34
650.0,301.0,349.0,"Paulsboro borough, Gloucester County, New Jersey",015,57150,34
84.0,18.0,66.0,"Milltown borough, Middlesex County, New Jersey",023,46620,34
2769.0,961.0,1808.0,"North Brunswick township, Middlesex County, New Jersey",023,52560,34
2150.0,853.0,1297.0,"Sayreville borough, Middlesex County, New Jersey",023,65790,34
323.0,129.0,194.0,"South River borough, Middlesex County, New Jersey",023,69420,34
3041.0,1253.0,1788.0,"Woodbridge township, Middlesex County, New Jersey",023,82000,34
111.0,58.0,53.0,"Spotswood borough, Middlesex County, New Jersey",023,69810,34
626.0,451.0,175.0,"East Brunswick township, Middlesex County, New Jersey",023,19000,34
395.0,191.0,204.0,"Middlesex borough, Middlesex County, New Jersey",023,45900,34
134.0,65.0,69.0,"South Amboy city, Middlesex County, New Jersey",023,68550,34
1429.0,472.0,957.0,"Carteret borough, Middlesex County, New Jersey",023,10750,34
24.0,5.0,19.0,"Helmetta borough, Middlesex County, New Jersey",023,30840,34
584.0,165.0,419.0,"Highland Park borough, Middlesex County, New Jersey",023,31470,34
48.0,0.0,48.0,"Cranbury township, Middlesex County, New Jersey",023,15550,34
1521.0,280.0,1241.0,"Perth Amboy city, Middlesex County, New Jersey",023,58200,34
1427.0,717.0,710.0,"South Brunswick township, Middlesex County, New Jersey",023,68790,34
790.0,610.0,180.0,"South Plainfield borough, Middlesex County, New Jersey",023,69390,34
239.0,163.0,76.0,"Dunellen borough, Middlesex County, New Jersey",023,18490,34
230.0,146.0,84.0,"Metuchen borough, Middlesex County, New Jersey",023,45690,34
3378.0,2231.0,1147.0,"Piscataway township, Middlesex County, New Jersey",023,59010,34
681.0,200.0,481.0,"Plainsboro township, Middlesex County, New Jersey",023,59280,34
206.0,82.0,124.0,"Jamesburg borough, Middlesex County, New Jersey",023,34890,34
616.0,526.0,90.0,"Monroe township, Middlesex County, New Jersey",023,47280,34
1524.0,697.0,827.0,"Old Bridge township, Middlesex County, New Jersey",023,54705,34
2517.0,969.0,1548.0,"Edison township, Middlesex County, New Jersey",023,20230,34
2720.0,671.0,2049.0,"New Brunswick city, Middlesex County, New Jersey",023,51210,34
158.0,92.0,66.0,"Pittsgrove township, Salem County, New Jersey",033,59130,34
98.0,93.0,5.0,"Quinton township, Salem County, New Jersey",033,61470,34
12.0,12.0,0.0,"Elsinboro township, Salem County, New Jersey",033,21330,34
0.0,0.0,0.0,"Upper Pittsgrove township, Salem County, New Jersey",033,75110,34
27.0,22.0,5.0,"Lower Alloways Creek township, Salem County, New Jersey",033,41640,34
62.0,51.0,11.0,"Mannington township, Salem County, New Jersey",033,43200,34
0.0,0.0,0.0,"Elmer borough, Salem County, New Jersey",033,21240,34
35.0,22.0,13.0,"Oldmans township, Salem County, New Jersey",033,54810,34
113.0,52.0,61.0,"Pilesgrove township, Salem County, New Jersey",033,58530,34
94.0,94.0,0.0,"Alloway township, Salem County, New Jersey",033,00880,34
499.0,365.0,134.0,"Carneys Point township, Salem County, New Jersey",033,10610,34
1140.0,318.0,822.0,"Salem city, Salem County, New Jersey",033,65490,34
155.0,40.0,115.0,"Woodstown borough, Salem County, New Jersey",033,82720,34
592.0,204.0,388.0,"Penns Grove borough, Salem County, New Jersey",033,57750,34
99.0,12.0,87.0,"Pennsville township, Salem County, New Jersey",033,57870,34
134.0,84.0,50.0,"Lower township, Cape May County, New Jersey",009,41610,34
0.0,0.0,0.0,"West Wildwood borough, Cape May County, New Jersey",009,80210,34
0.0,0.0,0.0,"Wildwood Crest borough, Cape May County, New Jersey",009,81200,34
4.0,4.0,0.0,"Dennis township, Cape May County, New Jersey",009,17560,34
0.0,0.0,0.0,"Audubon Park borough, Camden County, New Jersey",007,02230,34
88.0,0.0,88.0,"Barrington borough, Camden County, New Jersey",007,03250,34
30.0,9.0,21.0,"Haddonfield borough, Camden County, New Jersey",007,28770,34
202.0,60.0,142.0,"Runnemede borough, Camden County, New Jersey",007,65160,34
1149.0,551.0,598.0,"Voorhees township, Camden County, New Jersey",007,76220,34
47.0,33.0,14.0,"Haddon Heights borough, Camden County, New Jersey",007,28800,34
3315.0,2535.0,780.0,"Pennsauken township, Camden County, New Jersey",007,57660,34
0.0,0.0,0.0,"Tavistock borough, Camden County, New Jersey",007,72240,34
97.0,5.0,92.0,"Oaklyn borough, Camden County, New Jersey",007,53880,34
1261.0,431.0,830.0,"Pine Hill borough, Camden County, New Jersey",007,58770,34
124.0,103.0,21.0,"Waterford township, Camden County, New Jersey",007,77630,34
974.0,729.0,245.0,"Lawnside borough, Camden County, New Jersey",007,39420,34
309.0,160.0,149.0,"Magnolia borough, Camden County, New Jersey",007,42630,34
74.0,9.0,65.0,"Mount Ephraim borough, Camden County, New Jersey",007,48750,34
12826.0,4584.0,8242.0,"Camden city, Camden County, New Jersey",007,10000,34
3608.0,1896.0,1712.0,"Gloucester township, Camden County, New Jersey",007,26760,34
59.0,2.0,57.0,"Hi-Nella borough, Camden County, New Jersey",007,32220,34
760.0,42.0,718.0,"Collingswood borough, Camden County, New Jersey",007,14260,34
122.0,75.0,47.0,"Gloucester City city, Camden County, New Jersey",007,26820,34
279.0,76.0,203.0,"Stratford borough, Camden County, New Jersey",007,71220,34
209.0,15.0,194.0,"Hawthorne borough, Passaic County, New Jersey",031,30570,34
0.0,0.0,0.0,"North Haledon borough, Passaic County, New Jersey",031,53040,34
11.0,8.0,3.0,"Ringwood borough, Passaic County, New Jersey",031,63150,34
66.0,14.0,52.0,"Bloomingdale borough, Passaic County, New Jersey",031,06340,34
120.0,0.0,120.0,"Little Falls township, Passaic County, New Jersey",031,40620,34
2639.0,567.0,2072.0,"Passaic city, Passaic County, New Jersey",031,56550,34
13368.0,3174.0,10194.0,"Paterson city, Passaic County, New Jersey",031,57000,34
151.0,78.0,73.0,"Wayne township, Passaic County, New Jersey",031,77840,34
47.0,47.0,0.0,"West Milford township, Passaic County, New Jersey",031,79460,34
3.0,3.0,0.0,"Pompton Lakes borough, Passaic County, New Jersey",031,60090,34
25.0,25.0,0.0,"Totowa borough, Passaic County, New Jersey",031,73140,34
1654.0,885.0,769.0,"Clifton city, Passaic County, New Jersey",031,13690,34
104.0,86.0,18.0,"Wanaque borough, Passaic County, New Jersey",031,76730,34
249.0,110.0,139.0,"Haledon borough, Passaic County, New Jersey",031,29070,34
414.0,97.0,317.0,"Prospect Park borough, Passaic County, New Jersey",031,61170,34
36.0,28.0,8.0,"West Cape May borough, Cape May County, New Jersey",009,78530,34
174.0,66.0,108.0,"Woodbine borough, Cape May County, New Jersey",009,81890,34
37.0,20.0,17.0,"Cape May city, Cape May County, New Jersey",009,10270,34
97.0,63.0,34.0,"Ocean City city, Cape May County, New Jersey",009,54360,34
22.0,6.0,16.0,"Upper township, Cape May County, New Jersey",009,74810,34
0.0,0.0,0.0,"Avalon borough, Cape May County, New Jersey",009,02320,34
0.0,0.0,0.0,"County subdivisions not defined, Cape May County, New Jersey",009,00000,34
0.0,0.0,0.0,"Sea Isle City city, Cape May County, New Jersey",009,66390,34
0.0,0.0,0.0,"Stone Harbor borough, Cape May County, New Jersey",009,71010,34
189.0,45.0,144.0,"Wildwood city, Cape May County, New Jersey",009,81170,34
0.0,0.0,0.0,"Cape May Point borough, Cape May County, New Jersey",009,10330,34
43.0,43.0,0.0,"North Wildwood city, Cape May County, New Jersey",009,53490,34
610.0,400.0,210.0,"Middle township, Cape May County, New Jersey",009,45810,34
28.0,5.0,23.0,"Brooklawn borough, Camden County, New Jersey",007,08170,34
1820.0,877.0,943.0,"Cherry Hill township, Camden County, New Jersey",007,12280,34
0.0,0.0,0.0,"Pine Valley borough, Camden County, New Jersey",007,58920,34
155.0,18.0,137.0,"Bellmawr borough, Camden County, New Jersey",007,04750,34
36.0,36.0,0.0,"Berlin borough, Camden County, New Jersey",007,05440,34
412.0,66.0,346.0,"Clementon borough, Camden County, New Jersey",007,13420,34
16.0,11.0,5.0,"Gibbsboro borough, Camden County, New Jersey",007,26070,34
133.0,82.0,51.0,"Haddon township, Camden County, New Jersey",007,28740,34
15.0,6.0,9.0,"Laurel Springs borough, Camden County, New Jersey",007,39210,34
2688.0,617.0,2071.0,"Lindenwold borough, Camden County, New Jersey",007,40440,34
4504.0,3152.0,1352.0,"Winslow township, Camden County, New Jersey",007,81740,34
283.0,140.0,143.0,"Woodlynne borough, Camden County, New Jersey",007,82450,34
152.0,11.0,141.0,"Audubon borough, Camden County, New Jersey",007,02200,34
241.0,195.0,46.0,"Berlin township, Camden County, New Jersey",007,05470,34
239.0,155.0,84.0,"Merchantville borough, Camden County, New Jersey",007,45510,34
254.0,229.0,25.0,"Chesilhurst borough, Camden County, New Jersey",007,12550,34
525.0,278.0,247.0,"Somerdale borough, Camden County, New Jersey",007,68340,34
59.0,59.0,0.0,"Saddle River borough, Bergen County, New Jersey",003,65400,34
343.0,46.0,297.0,"Edgewater borough, Bergen County, New Jersey",003,20020,34
18.0,18.0,0.0,"Emerson borough, Bergen County, New Jersey",003,21450,34
59.0,25.0,34.0,"Franklin Lakes borough, Bergen County, New Jersey",003,24990,34
114.0,22.0,92.0,"Hasbrouck Heights borough, Bergen County, New Jersey",003,30420,34
144.0,0.0,144.0,"Little Ferry borough, Bergen County, New Jersey",003,40680,34
147.0,50.0,97.0,"Maywood borough, Bergen County, New Jersey",003,44880,34
146.0,0.0,146.0,"North Arlington borough, Bergen County, New Jersey",003,52320,34
68.0,46.0,22.0,"Northvale borough, Bergen County, New Jersey",003,53430,34
72.0,25.0,47.0,"Oradell borough, Bergen County, New Jersey",003,54990,34
49.0,10.0,39.0,"Ridgefield borough, Bergen County, New Jersey",003,62910,34
3615.0,2858.0,757.0,"Teaneck township, Bergen County, New Jersey",003,72360,34
95.0,47.0,48.0,"Upper Saddle River borough, Bergen County, New Jersey",003,75140,34
8.0,8.0,0.0,"Wyckoff township, Bergen County, New Jersey",003,83050,34
50.0,42.0,8.0,"Closter borough, Bergen County, New Jersey",003,13810,34
479.0,186.0,293.0,"Elmwood Park borough, Bergen County, New Jersey",003,21300,34
0.0,0.0,0.0,"Ho-Ho-Kus borough, Bergen County, New Jersey",003,32310,34
328.0,100.0,228.0,"Ridgefield Park village, Bergen County, New Jersey",003,62940,34
206.0,110.0,96.0,"Ridgewood village, Bergen County, New Jersey",003,63000,34
9.0,9.0,0.0,"Allendale borough, Bergen County, New Jersey",003,00700,34
368.0,119.0,249.0,"Cliffside Park borough, Bergen County, New Jersey",003,13570,34
191.0,0.0,191.0,"East Rutherford borough, Bergen County, New Jersey",003,19510,34
24.0,0.0,24.0,"Rochelle Park township, Bergen County, New Jersey",003,63990,34
57.0,45.0,12.0,"Waldwick borough, Bergen County, New Jersey",003,76400,34
401.0,86.0,315.0,"Fort Lee borough, Bergen County, New Jersey",003,24420,34
286.0,26.0,260.0,"Fairview borough, Bergen County, New Jersey",003,22560,34
248.0,147.0,101.0,"Dumont borough, Bergen County, New Jersey",003,18400,34
3313.0,1604.0,1709.0,"Englewood city, Bergen County, New Jersey",003,21480,34
144.0,112.0,32.0,"Fair Lawn borough, Bergen County, New Jersey",003,22470,34
5.0,5.0,0.0,"Haworth borough, Bergen County, New Jersey",003,30540,34
654.0,379.0,275.0,"Bergenfield borough, Bergen County, New Jersey",003,05170,34
20.0,20.0,0.0,"Cresskill borough, Bergen County, New Jersey",003,15820,34
40.0,31.0,9.0,"Glen Rock borough, Bergen County, New Jersey",003,26640,34
144.0,12.0,132.0,"Lyndhurst township, Bergen County, New Jersey",003,42090,34
0.0,0.0,0.0,"Moonachie borough, Bergen County, New Jersey",003,47700,34
172.0,111.0,61.0,"Paramus borough, Bergen County, New Jersey",003,55950,34
29.0,5.0,24.0,"Park Ridge borough, Bergen County, New Jersey",003,56130,34
36.0,28.0,8.0,"River Edge borough, Bergen County, New Jersey",003,63360,34
86.0,52.0,34.0,"Rutherford borough, Bergen County, New Jersey",003,65280,34
91.0,36.0,55.0,"Tenafly borough, Bergen County, New Jersey",003,72420,34
239.0,79.0,160.0,"Mahwah township, Bergen County, New Jersey",003,42750,34
80.0,41.0,39.0,"Oakland borough, Bergen County, New Jersey",003,53850,34
63.0,23.0,40.0,"South Hackensack township, Bergen County, New Jersey",003,68970,34
0.0,0.0,0.0,"Teterboro borough, Bergen County, New Jersey",003,72480,34
169.0,169.0,0.0,"Westwood borough, Bergen County, New Jersey",003,80270,34
36.0,25.0,11.0,"Woodcliff Lake borough, Bergen County, New Jersey",003,82300,34
31.0,24.0,7.0,"Alpine borough, Bergen County, New Jersey",003,01090,34
0.0,0.0,0.0,"Demarest borough, Bergen County, New Jersey",003,17530,34
4886.0,1287.0,3599.0,"Hackensack city, Bergen County, New Jersey",003,28680,34
8.0,8.0,0.0,"Harrington Park borough, Bergen County, New Jersey",003,30150,34
45.0,45.0,0.0,"Hillsdale borough, Bergen County, New Jersey",003,31920,34
125.0,47.0,78.0,"Leonia borough, Bergen County, New Jersey",003,40020,34
908.0,100.0,808.0,"Lodi borough, Bergen County, New Jersey",003,41100,34
15.0,15.0,0.0,"Norwood borough, Bergen County, New Jersey",003,53610,34
9.0,9.0,0.0,"Old Tappan borough, Bergen County, New Jersey",003,54870,34
55.0,10.0,45.0,"Palisades Park borough, Bergen County, New Jersey",003,55770,34
16.0,16.0,0.0,"Ramsey borough, Bergen County, New Jersey",003,61680,34
0.0,0.0,0.0,"Rockleigh borough, Bergen County, New Jersey",003,64170,34
279.0,107.0,172.0,"Bogota borough, Bergen County, New Jersey",003,06490,34
235.0,20.0,215.0,"Wallington borough, Bergen County, New Jersey",003,76490,34
6.0,6.0,0.0,"Washington township, Bergen County, New Jersey",003,77135,34
47.0,0.0,47.0,"Saddle Brook township, Bergen County, New Jersey",003,65340,34
45.0,0.0,45.0,"Wood-Ridge borough, Bergen County, New Jersey",003,82570,34
558.0,81.0,477.0,"Garfield city, Bergen County, New Jersey",003,25770,34
62.0,0.0,62.0,"Montvale borough, Bergen County, New Jersey",003,47610,34
259.0,72.0,187.0,"New Milford borough, Bergen County, New Jersey",003,51660,34
37.0,28.0,9.0,"Englewood Cliffs borough, Bergen County, New Jersey",003,21510,34
12.0,12.0,0.0,"Midland Park borough, Bergen County, New Jersey",003,46110,34
0.0,0.0,0.0,"River Vale township, Bergen County, New Jersey",003,63690,34
0.0,0.0,0.0,"Carlstadt borough, Bergen County, New Jersey",003,10480,34
249.0,133.0,116.0,"Cranford township, Union County, New Jersey",039,15640,34
24.0,0.0,24.0,"Kenilworth borough, Union County, New Jersey",039,36690,34
53.0,31.0,22.0,"New Providence borough, Union County, New Jersey",039,51810,34
3944.0,2510.0,1434.0,"Hillside township, Union County, New Jersey",039,31980,34
3351.0,1664.0,1687.0,"Rahway city, Union County, New Jersey",039,61530,34
72.0,0.0,72.0,"Clark township, Union County, New Jersey",039,13150,34
4236.0,1924.0,2312.0,"Linden city, Union County, New Jersey",039,40350,34
30.0,10.0,20.0,"Mountainside borough, Union County, New Jersey",039,48510,34
1044.0,604.0,440.0,"Scotch Plains township, Union County, New Jersey",039,66060,34
5964.0,3596.0,2368.0,"Union township, Union County, New Jersey",039,74480,34
0.0,0.0,0.0,"Winfield township, Union County, New Jersey",039,81650,34
16.0,0.0,16.0,"Berkeley Heights township, Union County, New Jersey",039,05320,34
8861.0,1078.0,7783.0,"Elizabeth city, Union County, New Jersey",039,21000,34
140.0,117.0,23.0,"Fanwood borough, Union County, New Jersey",039,22860,34
7444.0,4078.0,3366.0,"Plainfield city, Union County, New Jersey",039,59190,34
470.0,150.0,320.0,"Springfield township, Union County, New Jersey",039,70020,34
393.0,148.0,245.0,"Westfield town, Union County, New Jersey",039,79040,34
12.0,0.0,12.0,"Garwood borough, Union County, New Jersey",039,25800,34
425.0,39.0,386.0,"Roselle Park borough, Union County, New Jersey",039,64650,34
221.0,103.0,118.0,"Summit city, Union County, New Jersey",039,71430,34
4305.0,2278.0,2027.0,"Roselle borough, Union County, New Jersey",039,64620,34
184.0,48.0,136.0,"Washington borough, Warren County, New Jersey",041,77270,34
8.0,0.0,8.0,"Allamuchy township, Warren County, New Jersey",041,00670,34
22.0,22.0,0.0,"Alpha borough, Warren County, New Jersey",041,01030,34
9.0,9.0,0.0,"Knowlton township, Warren County, New Jersey",041,37320,34
21.0,21.0,0.0,"Frelinghuysen township, Warren County, New Jersey",041,25320,34
140.0,133.0,7.0,"Greenwich township, Warren County, New Jersey",041,28260,34
10.0,10.0,0.0,"Harmony township, Warren County, New Jersey",041,30090,34
48.0,35.0,13.0,"Springfield township, Burlington County, New Jersey",005,69990,34
278.0,179.0,99.0,"Bordentown township, Burlington County, New Jersey",005,06700,34
1140.0,513.0,627.0,"Edgewater Park township, Burlington County, New Jersey",005,20050,34
178.0,153.0,25.0,"Hainesport township, Burlington County, New Jersey",005,29010,34
1065.0,0.0,1065.0,"Maple Shade township, Burlington County, New Jersey",005,43740,34
1586.0,919.0,667.0,"Mount Laurel township, Burlington County, New Jersey",005,49020,34
186.0,63.0,123.0,"Beverly city, Burlington County, New Jersey",005,05740,34
1177.0,519.0,658.0,"Burlington city, Burlington County, New Jersey",005,08920,34
55.0,23.0,32.0,"New Hanover township, Burlington County, New Jersey",005,51510,34
48.0,9.0,39.0,"Riverton borough, Burlington County, New Jersey",005,63660,34
0.0,0.0,0.0,"Shamong township, Burlington County, New Jersey",005,66810,34
2121.0,1308.0,813.0,"Burlington township, Burlington County, New Jersey",005,08950,34
33.0,33.0,0.0,"Chesterfield township, Burlington County, New Jersey",005,12670,34
269.0,139.0,130.0,"Cinnaminson township, Burlington County, New Jersey",005,12940,34
474.0,305.0,169.0,"Eastampton township, Burlington County, New Jersey",005,18790,34
711.0,380.0,331.0,"Evesham township, Burlington County, New Jersey",005,22110,34
18.0,18.0,0.0,"Fieldsboro borough, Burlington County, New Jersey",005,23250,34
206.0,206.0,0.0,"Mansfield township, Burlington County, New Jersey",005,43290,34
536.0,302.0,234.0,"Moorestown township, Burlington County, New Jersey",005,47880,34
0.0,0.0,0.0,"Tabernacle township, Burlington County, New Jersey",005,72060,34
0.0,0.0,0.0,"Washington township, Burlington County, New Jersey",005,77150,34
769.0,502.0,267.0,"Lumberton township, Burlington County, New Jersey",005,42060,34
6.0,6.0,0.0,"Medford Lakes borough, Burlington County, New Jersey",005,45210,34
81.0,38.0,43.0,"Pemberton borough, Burlington County, New Jersey",005,57480,34
638.0,414.0,224.0,"Florence township, Burlington County, New Jersey",005,23850,34
672.0,234.0,438.0,"Delran township, Burlington County, New Jersey",005,17440,34
155.0,100.0,55.0,"Medford township, Burlington County, New Jersey",005,45120,34
550.0,334.0,216.0,"Mount Holly township, Burlington County, New Jersey",005,48900,34
319.0,92.0,227.0,"Riverside township, Burlington County, New Jersey",005,63510,34
84.0,49.0,35.0,"Southampton township, Burlington County, New Jersey",005,68610,34
7055.0,5953.0,1102.0,"Willingboro township, Burlington County, New Jersey",005,81440,34
0.0,0.0,0.0,"Woodland township, Burlington County, New Jersey",005,82420,34
362.0,35.0,327.0,"North Hanover township, Burlington County, New Jersey",005,53070,34
0.0,0.0,0.0,"Bass River township, Burlington County, New Jersey",005,03370,34
135.0,67.0,68.0,"Bordentown city, Burlington County, New Jersey",005,06670,34
1995.0,1299.0,696.0,"Pemberton township, Burlington County, New Jersey",005,57510,34
775.0,656.0,119.0,"Westampton township, Burlington County, New Jersey",005,78200,34
398.0,159.0,239.0,"Palmyra borough, Burlington County, New Jersey",005,55800,34
82.0,3.0,79.0,"Wrightstown borough, Burlington County, New Jersey",005,82960,34
400.0,159.0,241.0,"Dover town, Morris County, New Jersey",027,18070,34
65.0,52.0,13.0,"Chatham township, Morris County, New Jersey",027,12130,34
104.0,83.0,21.0,"Denville township, Morris County, New Jersey",027,17650,34
20.0,0.0,20.0,"East Hanover township, Morris County, New Jersey",027,19210,34
25.0,0.0,25.0,"Hanover township, Morris County, New Jersey",027,29550,34
5.0,0.0,5.0,"Kinnelon borough, Morris County, New Jersey",027,37110,34
48.0,38.0,10.0,"Lincoln Park borough, Morris County, New Jersey",027,40290,34
0.0,0.0,0.0,"Butler borough, Morris County, New Jersey",027,09040,34
3.0,0.0,3.0,"Chester borough, Morris County, New Jersey",027,12580,34
721.0,268.0,453.0,"Morristown town, Morris County, New Jersey",027,48300,34
288.0,215.0,73.0,"Rockaway township, Morris County, New Jersey",027,64080,34
48.0,48.0,0.0,"Montville township, Morris County, New Jersey",027,47670,34
370.0,259.0,111.0,"Morris township, Morris County, New Jersey",027,48090,34
83.0,39.0,44.0,"Victory Gardens borough, Morris County, New Jersey",027,75890,34
111.0,57.0,54.0,"Boonton town, Morris County, New Jersey",027,06610,34
18.0,18.0,0.0,"Chester township, Morris County, New Jersey",027,12610,34
0.0,0.0,0.0,"Harding township, Morris County, New Jersey",027,29700,34
289.0,164.0,125.0,"Randolph township, Morris County, New Jersey",027,61890,34
0.0,0.0,0.0,"Riverdale borough, Morris County, New Jersey",027,63300,34
60.0,33.0,27.0,"Chatham borough, Morris County, New Jersey",027,12100,34
0.0,0.0,0.0,"Mendham township, Morris County, New Jersey",027,45360,34
68.0,68.0,0.0,"Long Hill township, Morris County, New Jersey",027,41362,34
0.0,0.0,0.0,"Mendham borough, Morris County, New Jersey",027,45330,34
32.0,32.0,0.0,"Mine Hill township, Morris County, New Jersey",027,46860,34
16.0,0.0,16.0,"Mountain Lakes borough, Morris County, New Jersey",027,48480,34
82.0,39.0,43.0,"Hackettstown town, Warren County, New Jersey",041,28710,34
45.0,16.0,29.0,"Independence township, Warren County, New Jersey",041,33930,34
114.0,42.0,72.0,"Mansfield township, Warren County, New Jersey",041,43320,34
32.0,19.0,13.0,"Pohatcong township, Warren County, New Jersey",041,59820,34
14.0,10.0,4.0,"Oxford township, Warren County, New Jersey",041,55530,34
454.0,124.0,330.0,"Phillipsburg town, Warren County, New Jersey",041,58350,34
63.0,63.0,0.0,"Washington township, Warren County, New Jersey",041,77300,34
6.0,0.0,6.0,"Franklin township, Warren County, New Jersey",041,24960,34
0.0,0.0,0.0,"Belvidere town, Warren County, New Jersey",041,04990,34
22.0,22.0,0.0,"Blairstown township, Warren County, New Jersey",041,06160,34
6.0,6.0,0.0,"Liberty township, Warren County, New Jersey",041,40110,34
211.0,86.0,125.0,"Lopatcong township, Warren County, New Jersey",041,41490,34
8.0,8.0,0.0,"Hardwick township, Warren County, New Jersey",041,29820,34
0.0,0.0,0.0,"Hope township, Warren County, New Jersey",041,33060,34
11.0,11.0,0.0,"White township, Warren County, New Jersey",041,80570,34
2603.0,336.0,2267.0,"Bayonne city, Hudson County, New Jersey",017,03580,34
7.0,0.0,7.0,"East Newark borough, Hudson County, New Jersey",017,19360,34
860.0,150.0,710.0,"West New York town, Hudson County, New Jersey",017,79610,34
208.0,9.0,199.0,"Secaucus town, Hudson County, New Jersey",017,66570,34
1392.0,130.0,1262.0,"Union City city, Hudson County, New Jersey",017,74630,34
469.0,52.0,417.0,"Hoboken city, Hudson County, New Jersey",017,32250,34
23350.0,5477.0,17873.0,"Jersey City city, Hudson County, New Jersey",017,36000,34
170.0,59.0,111.0,"Guttenberg town, Hudson County, New Jersey",017,28650,34
133.0,13.0,120.0,"Harrison town, Hudson County, New Jersey",017,30210,34
387.0,128.0,259.0,"Kearny town, Hudson County, New Jersey",017,36510,34
875.0,267.0,608.0,"North Bergen township, Hudson County, New Jersey",017,52470,34
287.0,65.0,222.0,"Weehawken township, Hudson County, New Jersey",017,77930,34
0.0,0.0,0.0,"Delaware township, Hunterdon County, New Jersey",019,17170,34
8.0,6.0,2.0,"Clinton town, Hunterdon County, New Jersey",019,13720,34
0.0,0.0,0.0,"Kingwood township, Hunterdon County, New Jersey",019,37065,34
0.0,0.0,0.0,"Franklin township, Hunterdon County, New Jersey",019,24870,34
15.0,15.0,0.0,"West Amwell township, Hunterdon County, New Jersey",019,78230,34
37.0,37.0,0.0,"Lambertville city, Hunterdon County, New Jersey",019,38610,34
0.0,0.0,0.0,"Tewksbury township, Hunterdon County, New Jersey",019,72510,34
0.0,0.0,0.0,"Alexandria township, Hunterdon County, New Jersey",019,00550,34
0.0,0.0,0.0,"Frenchtown borough, Hunterdon County, New Jersey",019,25350,34
19.0,13.0,6.0,"High Bridge borough, Hunterdon County, New Jersey",019,31320,34
0.0,0.0,0.0,"Holland township, Hunterdon County, New Jersey",019,32460,34
0.0,0.0,0.0,"Lebanon township, Hunterdon County, New Jersey",019,39660,34
0.0,0.0,0.0,"Bethlehem township, Hunterdon County, New Jersey",019,05650,34
33.0,33.0,0.0,"Union township, Hunterdon County, New Jersey",019,74420,34
0.0,0.0,0.0,"Califon borough, Hunterdon County, New Jersey",019,09280,34
0.0,0.0,0.0,"East Amwell township, Hunterdon County, New Jersey",019,18820,34
294.0,275.0,19.0,"Raritan township, Hunterdon County, New Jersey",019,61920,34
7.0,0.0,7.0,"Flemington borough, Hunterdon County, New Jersey",019,23700,34
4.0,0.0,4.0,"Lebanon borough, Hunterdon County, New Jersey",019,39630,34
0.0,0.0,0.0,"Milford borough, Hunterdon County, New Jersey",019,46260,34
34.0,34.0,0.0,"Readington township, Hunterdon County, New Jersey",019,62250,34
47.0,17.0,30.0,"Glen Gardner borough, Hunterdon County, New Jersey",019,26550,34
5.0,0.0,5.0,"Hampton borough, Hunterdon County, New Jersey",019,29460,34
23.0,22.0,1.0,"Clinton township, Hunterdon County, New Jersey",019,13750,34
0.0,0.0,0.0,"Stockton borough, Hunterdon County, New Jersey",019,70980,34
12.0,10.0,2.0,"Bloomsbury borough, Hunterdon County, New Jersey",019,06370,34
346.0,248.0,98.0,"Delanco township, Burlington County, New Jersey",005,17080,34
252.0,96.0,156.0,"Woodland Park borough, Passaic County, New Jersey",031,82423,34
200.0,173.0,27.0,"Robbinsville township, Mercer County, New Jersey",021,63850,34
540.0,91.0,449.0,"Princeton, Mercer County, New Jersey",021,60900,34
32.0,23.0,9.0,"Lake Como borough, Monmouth County, New Jersey",025,37560,34
819.0,212.0,607.0,"Toms River township, Ocean County, New Jersey",029,73125,34
76.0,35.0,41.0,"Caldwell borough, Essex County, New Jersey",013,09250,34
880.0,362.0,518.0,"Mount Olive township, Morris County, New Jersey",027,49080,34
73.0,0.0,73.0,"Netcong borough, Morris County, New Jersey",027,50130,34
927.0,315.0,612.0,"Parsippany-Troy Hills township, Morris County, New Jersey",027,56460,34
97.0,0.0,97.0,"Rockaway borough, Morris County, New Jersey",027,64050,34
297.0,247.0,50.0,"Roxbury township, Morris County, New Jersey",027,64980,34
68.0,43.0,25.0,"Mount Arlington borough, Morris County, New Jersey",027,48690,34
0.0,0.0,0.0,"Pequannock township, Morris County, New Jersey",027,58110,34
58.0,29.0,29.0,"Morris Plains borough, Morris County, New Jersey",027,48210,34
88.0,9.0,79.0,"Florham Park borough, Morris County, New Jersey",027,23910,34
128.0,128.0,0.0,"Jefferson township, Morris County, New Jersey",027,34980,34
74.0,62.0,12.0,"Washington township, Morris County, New Jersey",027,77240,34
17.0,0.0,17.0,"Wharton borough, Morris County, New Jersey",027,80390,34
581.0,237.0,344.0,"Tinton Falls borough, Monmouth County, New Jersey",025,73020,34
123.0,23.0,100.0,"Bradley Beach borough, Monmouth County, New Jersey",025,06970,34
59.0,51.0,8.0,"Fair Haven borough, Monmouth County, New Jersey",025,22440,34
31.0,4.0,27.0,"Farmingdale borough, Monmouth County, New Jersey",025,22950,34
174.0,58.0,116.0,"Keyport borough, Monmouth County, New Jersey",025,36810,34
0.0,0.0,0.0,"Little Silver borough, Monmouth County, New Jersey",025,40770,34
133.0,79.0,54.0,"Madison borough, Morris County, New Jersey",027,42510,34
23.0,23.0,0.0,"Boonton township, Morris County, New Jersey",027,06640,34
2.0,2.0,0.0,"Loch Arbour village, Monmouth County, New Jersey",025,41010,34
518.0,418.0,100.0,"Aberdeen township, Monmouth County, New Jersey",025,00070,34
14.0,14.0,0.0,"Spring Lake Heights borough, Monmouth County, New Jersey",025,70140,34
15.0,0.0,15.0,"Manasquan borough, Monmouth County, New Jersey",025,43050,34
12.0,12.0,0.0,"Rumson borough, Monmouth County, New Jersey",025,65130,34
0.0,0.0,0.0,"Sea Girt borough, Monmouth County, New Jersey",025,66330,34
26.0,12.0,14.0,"Upper Freehold township, Monmouth County, New Jersey",025,74900,34
206.0,143.0,63.0,"Manalapan township, Monmouth County, New Jersey",025,42990,34
21.0,15.0,6.0,"Allentown borough, Monmouth County, New Jersey",025,00760,34
2975.0,381.0,2594.0,"Asbury Park city, Monmouth County, New Jersey",025,01960,34
24.0,11.0,13.0,"Englishtown borough, Monmouth County, New Jersey",025,21570,34
401.0,26.0,375.0,"Neptune City borough, Monmouth County, New Jersey",025,49920,34
580.0,236.0,344.0,"Red Bank borough, Monmouth County, New Jersey",025,62430,34
87.0,57.0,30.0,"West Long Branch borough, Monmouth County, New Jersey",025,79310,34
63.0,60.0,3.0,"Colts Neck township, Monmouth County, New Jersey",025,14560,34
0.0,0.0,0.0,"Deal borough, Monmouth County, New Jersey",025,16660,34
0.0,0.0,0.0,"Avon-by-the-Sea borough, Monmouth County, New Jersey",025,02440,34
638.0,241.0,397.0,"Freehold township, Monmouth County, New Jersey",025,25230,34
103.0,75.0,28.0,"Hazlet township, Monmouth County, New Jersey",025,30690,34
47.0,47.0,0.0,"Holmdel township, Monmouth County, New Jersey",025,32640,34
3365.0,1995.0,1370.0,"Neptune township, Monmouth County, New Jersey",025,49890,34
0.0,0.0,0.0,"Shrewsbury borough, Monmouth County, New Jersey",025,67350,34
320.0,19.0,301.0,"Wall township, Monmouth County, New Jersey",025,76460,34
0.0,0.0,0.0,"Oceanport borough, Monmouth County, New Jersey",025,54570,34
11.0,10.0,1.0,"Roosevelt borough, Monmouth County, New Jersey",025,64410,34
5.0,0.0,5.0,"Sea Bright borough, Monmouth County, New Jersey",025,66240,34
55.0,45.0,10.0,"Belmar borough, Monmouth County, New Jersey",025,04930,34
52.0,52.0,0.0,"Millstone township, Monmouth County, New Jersey",025,46560,34
0.0,0.0,0.0,"Monmouth Beach borough, Monmouth County, New Jersey",025,47130,34
939.0,178.0,761.0,"Ocean township, Monmouth County, New Jersey",025,54270,34
316.0,226.0,90.0,"Middletown township, Monmouth County, New Jersey",025,45990,34
0.0,0.0,0.0,"Allenhurst borough, Monmouth County, New Jersey",025,00730,34
53.0,53.0,0.0,"Brielle borough, Monmouth County, New Jersey",025,07750,34
487.0,169.0,318.0,"Freehold borough, Monmouth County, New Jersey",025,25200,34
0.0,0.0,0.0,"Highlands borough, Monmouth County, New Jersey",025,31500,34
625.0,422.0,203.0,"Howell township, Monmouth County, New Jersey",025,33300,34
265.0,16.0,249.0,"Keansburg borough, Monmouth County, New Jersey",025,36480,34
225.0,168.0,57.0,"Marlboro township, Monmouth County, New Jersey",025,44070,34
275.0,40.0,235.0,"Matawan borough, Monmouth County, New Jersey",025,44520,34
0.0,0.0,0.0,"Spring Lake borough, Monmouth County, New Jersey",025,70110,34
52.0,6.0,46.0,"Union Beach borough, Monmouth County, New Jersey",025,74540,34
0.0,0.0,0.0,"County subdivisions not defined, Monmouth County, New Jersey",025,00000,34
31.0,9.0,22.0,"Atlantic Highlands borough, Monmouth County, New Jersey",025,02110,34
0.0,0.0,0.0,"Interlaken borough, Monmouth County, New Jersey",025,34200,34
1835.0,550.0,1285.0,"Long Branch city, Monmouth County, New Jersey",025,41310,34
122.0,58.0,64.0,"Shrewsbury township, Monmouth County, New Jersey",025,67365,34
529.0,60.0,469.0,"Eatontown borough, Monmouth County, New Jersey",025,19840,34
1828.0,589.0,1239.0,"Millville city, Cumberland County, New Jersey",011,46680,34
2929.0,1502.0,1427.0,"Vineland city, Cumberland County, New Jersey",011,76070,34
83.0,50.0,33.0,"Lawrence township, Cumberland County, New Jersey",011,39450,34
1927.0,711.0,1216.0,"Bridgeton city, Cumberland County, New Jersey",011,07600,34
8.0,0.0,8.0,"Greenwich township, Cumberland County, New Jersey",011,28170,34
0.0,0.0,0.0,"Shiloh borough, Cumberland County, New Jersey",011,67020,34
214.0,159.0,55.0,"Commercial township, Cumberland County, New Jersey",011,14710,34
0.0,0.0,0.0,"County subdivisions not defined, Cumberland County, New Jersey",011,00000,34
160.0,124.0,36.0,"Deerfield township, Cumberland County, New Jersey",011,16900,34
76.0,41.0,35.0,"Hopewell township, Cumberland County, New Jersey",011,33120,34
10.0,10.0,0.0,"Rocky Hill borough, Somerset County, New Jersey",035,64320,34
119.0,47.0,72.0,"South Bound Brook borough, Somerset County, New Jersey",035,68730,34
68.0,24.0,44.0,"Green Brook township, Somerset County, New Jersey",035,27510,34
651.0,380.0,271.0,"Hillsborough township, Somerset County, New Jersey",035,31890,34
0.0,0.0,0.0,"Millstone borough, Somerset County, New Jersey",035,46590,34
154.0,59.0,95.0,"Montgomery township, Somerset County, New Jersey",035,47580,34
90.0,71.0,19.0,"Raritan borough, Somerset County, New Jersey",035,61980,34
19.0,10.0,9.0,"Watchung borough, Somerset County, New Jersey",035,77600,34
27.0,0.0,27.0,"Bedminster township, Somerset County, New Jersey",035,04450,34
174.0,52.0,122.0,"Bernards township, Somerset County, New Jersey",035,05560,34
6137.0,3823.0,2314.0,"Franklin township, Somerset County, New Jersey",035,24900,34
362.0,66.0,296.0,"Somerville borough, Somerset County, New Jersey",035,68460,34
246.0,34.0,212.0,"Bound Brook borough, Somerset County, New Jersey",035,06790,34
209.0,54.0,155.0,"Branchburg township, Somerset County, New Jersey",035,07180,34
5.0,5.0,0.0,"Far Hills borough, Somerset County, New Jersey",035,22890,34
395.0,312.0,83.0,"Bridgewater township, Somerset County, New Jersey",035,07720,34
