B19001H_001E,B19001H_002E,B19001H_003E,B19001H_004E,B19001H_005E,B19001H_006E,B19001H_007E,B19001H_008E,B19001H_009E,B19001H_010E,B19001H_011E,B19001H_012E,B19001H_013E,B19001H_014E,B19001H_015E,B19001H_016E,B19001H_017E,name,county,county subdivision,state
6143.0,422.0,517.0,475.0,316.0,307.0,260.0,288.0,284.0,142.0,551.0,646.0,798.0,332.0,356.0,243.0,206.0,"Sonora CCD, Tuolumne County, California",109,93080,06
5094.0,253.0,184.0,220.0,80.0,403.0,250.0,301.0,139.0,148.0,479.0,478.0,778.0,464.0,186.0,399.0,332.0,"East Sonora-Phoenix Lake CCD, Tuolumne County, California",109,90835,06
3372.0,73.0,236.0,88.0,230.0,119.0,43.0,160.0,61.0,152.0,280.0,368.0,467.0,439.0,179.0,246.0,231.0,"Escalon CCD, San Joaquin County, California",077,90900,06
1822.0,56.0,54.0,9.0,40.0,25.0,43.0,49.0,34.0,52.0,80.0,238.0,201.0,322.0,183.0,230.0,206.0,"Thornton CCD, San Joaquin County, California",077,93340,06
1227.0,39.0,0.0,0.0,17.0,42.0,32.0,48.0,65.0,28.0,64.0,202.0,166.0,156.0,106.0,96.0,166.0,"Linden-Farmington CCD, San Joaquin County, California",077,91630,06
2941.0,123.0,121.0,110.0,91.0,139.0,78.0,46.0,107.0,62.0,246.0,281.0,366.0,289.0,218.0,287.0,377.0,"Lockeford CCD, San Joaquin County, California",077,91690,06
18012.0,830.0,755.0,777.0,1022.0,810.0,824.0,765.0,889.0,681.0,1583.0,1577.0,2280.0,1481.0,1165.0,1382.0,1191.0,"Lodi CCD, San Joaquin County, California",077,91700,06
35038.0,2642.0,2309.0,1416.0,1978.0,1339.0,1727.0,1664.0,1407.0,1130.0,2648.0,3635.0,4222.0,2859.0,1903.0,1984.0,2175.0,"Stockton CCD, San Joaquin County, California",077,93240,06
16182.0,490.0,621.0,747.0,641.0,591.0,667.0,666.0,514.0,655.0,971.0,1927.0,2626.0,1744.0,1467.0,1180.0,675.0,"Manteca CCD, San Joaquin County, California",077,91870,06
4673.0,146.0,49.0,98.0,240.0,189.0,101.0,187.0,199.0,170.0,288.0,417.0,719.0,460.0,360.0,548.0,502.0,"Ripon CCD, San Joaquin County, California",077,92620,06
13917.0,432.0,347.0,364.0,372.0,332.0,276.0,346.0,455.0,328.0,1051.0,1454.0,2283.0,1765.0,1261.0,1786.0,1065.0,"Tracy CCD, San Joaquin County, California",077,93400,06
3049.0,163.0,104.0,97.0,125.0,162.0,103.0,169.0,98.0,226.0,174.0,418.0,379.0,233.0,286.0,123.0,189.0,"Sutter Creek-Plymouth CCD, Amador County, California",005,93300,06
2850.0,93.0,176.0,247.0,221.0,173.0,194.0,66.0,89.0,86.0,231.0,412.0,400.0,161.0,88.0,99.0,114.0,"Jackson CCD, Amador County, California",005,91430,06
3858.0,169.0,196.0,280.0,189.0,211.0,363.0,187.0,135.0,181.0,234.0,390.0,496.0,262.0,133.0,143.0,289.0,"Pine Grove-Silver Lake CCD, Amador County, California",005,92470,06
2814.0,99.0,84.0,85.0,198.0,143.0,107.0,106.0,127.0,159.0,179.0,473.0,452.0,243.0,174.0,101.0,84.0,"Ione CCD, Amador County, California",005,91410,06
943.0,99.0,59.0,69.0,108.0,59.0,95.0,16.0,27.0,30.0,54.0,67.0,112.0,44.0,44.0,28.0,32.0,"Dos Palos CCD, Merced County, California",047,90720,06
446.0,22.0,22.0,44.0,4.0,22.0,22.0,17.0,36.0,10.0,7.0,84.0,40.0,67.0,19.0,20.0,10.0,"Planada-Le Grand CCD, Merced County, California",047,92500,06
4351.0,162.0,213.0,148.0,249.0,207.0,323.0,150.0,200.0,252.0,256.0,404.0,710.0,390.0,145.0,402.0,140.0,"Los Banos CCD, Merced County, California",047,91760,06
12629.0,991.0,823.0,782.0,598.0,467.0,618.0,642.0,646.0,579.0,763.0,1211.0,1272.0,767.0,747.0,864.0,859.0,"Merced CCD, Merced County, California",047,91960,06
203.0,16.0,20.0,2.0,6.0,8.0,3.0,19.0,2.0,3.0,29.0,24.0,19.0,17.0,22.0,2.0,11.0,"Snelling CCD, Merced County, California",047,93050,06
2642.0,106.0,224.0,79.0,167.0,141.0,95.0,78.0,121.0,71.0,168.0,294.0,347.0,215.0,119.0,157.0,260.0,"Hilmar-Irwin CCD, Merced County, California",047,91290,06
1447.0,152.0,84.0,159.0,64.0,48.0,71.0,103.0,0.0,172.0,96.0,91.0,73.0,164.0,77.0,47.0,46.0,"Gustine CCD, Merced County, California",047,91210,06
3350.0,216.0,271.0,289.0,211.0,135.0,219.0,101.0,113.0,150.0,253.0,391.0,445.0,195.0,157.0,108.0,96.0,"Lakeport CCD, Lake County, California",033,91540,06
4940.0,453.0,260.0,242.0,262.0,239.0,157.0,222.0,281.0,186.0,446.0,571.0,691.0,324.0,296.0,195.0,115.0,"Mariposa CCD, Mariposa County, California",043,91880,06
1089.0,37.0,73.0,89.0,125.0,76.0,54.0,40.0,25.0,71.0,83.0,114.0,70.0,106.0,87.0,17.0,22.0,"Coulterville CCD, Mariposa County, California",043,90600,06
402.0,35.0,19.0,50.0,28.0,9.0,9.0,18.0,24.0,12.0,54.0,46.0,55.0,25.0,3.0,11.0,4.0,"Surprise Valley CCD, Modoc County, California",049,93270,06
6698.0,344.0,448.0,342.0,333.0,311.0,205.0,252.0,335.0,276.0,520.0,774.0,822.0,643.0,316.0,419.0,358.0,"Atwater CCD, Merced County, California",047,90150,06
2425.0,119.0,147.0,162.0,134.0,254.0,110.0,113.0,127.0,98.0,288.0,243.0,179.0,118.0,72.0,142.0,119.0,"Livingston-Delhi CCD, Merced County, California",047,91670,06
1889.0,66.0,296.0,181.0,118.0,173.0,35.0,58.0,54.0,45.0,197.0,199.0,217.0,93.0,15.0,93.0,49.0,"Yuba Foothills CCD, Yuba County, California",115,93830,06
2985.0,108.0,311.0,165.0,295.0,106.0,108.0,158.0,139.0,271.0,315.0,309.0,420.0,145.0,111.0,17.0,7.0,"Marysville CCD, Yuba County, California",115,91900,06
262.0,29.0,11.0,21.0,13.0,7.0,34.0,27.0,9.0,16.0,35.0,21.0,7.0,20.0,12.0,0.0,0.0,"Adin-Lookout CCD, Modoc County, California",049,90010,06
2224.0,192.0,130.0,126.0,182.0,180.0,122.0,167.0,102.0,152.0,123.0,268.0,244.0,55.0,114.0,45.0,22.0,"Alturas CCD, Modoc County, California",049,90040,06
4164.0,230.0,226.0,100.0,223.0,252.0,196.0,164.0,131.0,107.0,434.0,378.0,684.0,608.0,181.0,195.0,55.0,"Olivehurst CCD, Yuba County, California",115,92250,06
1203.0,20.0,50.0,66.0,11.0,18.0,45.0,17.0,30.0,138.0,61.0,190.0,133.0,188.0,34.0,139.0,63.0,"Wheatland CCD, Yuba County, California",115,93720,06
3194.0,264.0,429.0,185.0,247.0,137.0,189.0,181.0,85.0,154.0,305.0,343.0,387.0,171.0,59.0,52.0,6.0,"Linda CCD, Yuba County, California",115,91610,06
25744.0,736.0,519.0,596.0,735.0,734.0,599.0,735.0,576.0,606.0,1424.0,1733.0,3411.0,3598.0,2834.0,4108.0,2800.0,"East Contra Costa CCD, Contra Costa County, California",013,90780,06
7887.0,231.0,112.0,107.0,167.0,174.0,95.0,59.0,84.0,133.0,208.0,416.0,943.0,591.0,574.0,969.0,3024.0,"Tassajara CCD, Contra Costa County, California",013,93310,06
29285.0,911.0,806.0,962.0,759.0,1053.0,723.0,1207.0,1057.0,778.0,1528.0,2693.0,4092.0,3502.0,2309.0,3273.0,3632.0,"West Contra Costa CCD, Contra Costa County, California",013,93620,06
131539.0,3720.0,3235.0,2651.0,3519.0,3261.0,3199.0,3106.0,3467.0,3180.0,6399.0,10105.0,14927.0,13954.0,10927.0,15623.0,30266.0,"Central Contra Costa CCD, Contra Costa County, California",013,90440,06
241.0,19.0,39.0,8.0,11.0,31.0,19.0,0.0,4.0,22.0,29.0,15.0,18.0,10.0,4.0,0.0,12.0,"Death Valley CCD, Inyo County, California",027,90650,06
633.0,5.0,82.0,76.0,40.0,5.0,45.0,6.0,50.0,10.0,59.0,53.0,65.0,60.0,34.0,34.0,9.0,"Lone Pine CCD, Inyo County, California",027,91720,06
4174.0,109.0,264.0,238.0,163.0,290.0,211.0,209.0,257.0,176.0,241.0,370.0,538.0,453.0,286.0,164.0,205.0,"Bishop CCD, Inyo County, California",027,90250,06
736.0,7.0,19.0,41.0,45.0,48.0,26.0,55.0,81.0,31.0,65.0,90.0,110.0,60.0,28.0,19.0,11.0,"Independence CCD, Inyo County, California",027,91390,06
106.0,11.0,2.0,19.0,0.0,4.0,2.0,34.0,8.0,11.0,1.0,2.0,12.0,0.0,0.0,0.0,0.0,"Madeline Plains CCD, Lassen County, California",035,91820,06
5887.0,413.0,387.0,264.0,244.0,221.0,232.0,236.0,193.0,159.0,595.0,733.0,760.0,608.0,275.0,421.0,146.0,"Susanville CCD, Lassen County, California",035,93280,06
1147.0,91.0,52.0,36.0,77.0,102.0,43.0,24.0,148.0,23.0,66.0,191.0,157.0,50.0,31.0,48.0,8.0,"Westwood CCD, Lassen County, California",035,93710,06
857.0,34.0,95.0,47.0,76.0,40.0,44.0,20.0,43.0,77.0,118.0,68.0,58.0,65.0,20.0,26.0,26.0,"Honey Lake CCD, Lassen County, California",035,91320,06
524.0,16.0,43.0,4.0,88.0,49.0,29.0,6.0,19.0,22.0,38.0,68.0,70.0,0.0,23.0,29.0,20.0,"Big Valley CCD, Lassen County, California",035,90240,06
2987.0,102.0,166.0,128.0,163.0,111.0,154.0,73.0,179.0,134.0,300.0,293.0,307.0,337.0,152.0,225.0,163.0,"Waterford CCD, Stanislaus County, California",099,93580,06
2691.0,95.0,88.0,115.0,201.0,100.0,154.0,92.0,138.0,126.0,67.0,184.0,351.0,269.0,186.0,324.0,201.0,"Hughson CCD, Stanislaus County, California",099,91350,06
18153.0,1044.0,1146.0,1118.0,724.0,582.0,909.0,633.0,690.0,617.0,1337.0,1849.0,2240.0,1991.0,1048.0,1234.0,991.0,"Turlock CCD, Stanislaus County, California",099,93460,06
8678.0,330.0,412.0,387.0,347.0,243.0,537.0,213.0,237.0,361.0,743.0,764.0,1104.0,792.0,639.0,983.0,586.0,"Oakdale CCD, Stanislaus County, California",099,92210,06
634.0,50.0,17.0,49.0,61.0,29.0,28.0,18.0,52.0,12.0,58.0,33.0,74.0,17.0,26.0,58.0,52.0,"Westport CCD, Stanislaus County, California",099,93650,06
1486.0,82.0,25.0,43.0,25.0,139.0,22.0,77.0,47.0,97.0,144.0,149.0,236.0,213.0,38.0,111.0,38.0,"Newman CCD, Stanislaus County, California",099,92120,06
2510.0,55.0,94.0,63.0,76.0,143.0,101.0,216.0,121.0,89.0,219.0,279.0,282.0,305.0,178.0,191.0,98.0,"Patterson CCD, Stanislaus County, California",099,92420,06
16566.0,821.0,776.0,400.0,805.0,720.0,555.0,683.0,754.0,618.0,1369.0,1800.0,2180.0,1684.0,1091.0,1393.0,917.0,"Antioch-Pittsburg CCD, Contra Costa County, California",013,90080,06
839.0,10.0,11.0,18.0,17.0,9.0,11.0,27.0,7.0,39.0,38.0,91.0,95.0,58.0,39.0,90.0,279.0,"Briones CCD, Contra Costa County, California",013,90270,06
52607.0,2914.0,3109.0,2730.0,2533.0,2275.0,2878.0,2435.0,2080.0,2036.0,4222.0,5557.0,6910.0,4869.0,3075.0,2612.0,2372.0,"Modesto CCD, Stanislaus County, California",099,91980,06
3424.0,73.0,238.0,27.0,54.0,127.0,96.0,138.0,129.0,144.0,185.0,299.0,454.0,550.0,267.0,261.0,382.0,"Salida CCD, Stanislaus County, California",099,92720,06
273.0,21.0,16.0,0.0,10.0,20.0,29.0,25.0,29.0,43.0,16.0,32.0,0.0,32.0,0.0,0.0,0.0,"Guadalupe CCD, Santa Barbara County, California",083,91200,06
45528.0,2255.0,1684.0,1757.0,1364.0,1395.0,1206.0,1357.0,1361.0,1204.0,2781.0,3445.0,5400.0,4550.0,3130.0,4600.0,8039.0,"Santa Barbara CCD, Santa Barbara County, California",083,92890,06
222.0,0.0,11.0,24.0,10.0,11.0,12.0,8.0,11.0,16.0,12.0,7.0,21.0,38.0,26.0,3.0,12.0,"Cuyama CCD, Santa Barbara County, California",083,90630,06
2429.0,169.0,95.0,135.0,154.0,144.0,97.0,130.0,46.0,172.0,302.0,243.0,343.0,178.0,54.0,112.0,55.0,"Weed CCD, Siskiyou County, California",093,93600,06
586.0,33.0,64.0,38.0,42.0,27.0,47.0,19.0,32.0,40.0,36.0,78.0,78.0,30.0,9.0,0.0,13.0,"McCloud-Medicine Lake CCD, Siskiyou County, California",093,91800,06
265.0,27.0,26.0,19.0,39.0,20.0,18.0,15.0,12.0,7.0,27.0,12.0,26.0,5.0,12.0,0.0,0.0,"Hornbrook-Hilt CCD, Siskiyou County, California",093,91340,06
1436.0,59.0,100.0,98.0,95.0,92.0,100.0,80.0,85.0,99.0,132.0,165.0,155.0,65.0,52.0,31.0,28.0,"Montague CCD, Siskiyou County, California",093,92010,06
2878.0,390.0,171.0,190.0,184.0,195.0,74.0,245.0,73.0,76.0,198.0,235.0,361.0,193.0,126.0,42.0,125.0,"Mount Shasta CCD, Siskiyou County, California",093,92050,06
503.0,27.0,30.0,56.0,8.0,37.0,78.0,77.0,9.0,13.0,15.0,64.0,40.0,9.0,27.0,0.0,13.0,"Butte Valley CCD, Siskiyou County, California",093,90290,06
750.0,37.0,89.0,60.0,88.0,30.0,44.0,44.0,35.0,45.0,48.0,103.0,86.0,13.0,5.0,20.0,3.0,"Dunsmuir CCD, Siskiyou County, California",093,90740,06
221.0,13.0,33.0,12.0,26.0,11.0,7.0,12.0,9.0,0.0,23.0,19.0,10.0,7.0,19.0,15.0,5.0,"Tulelake CCD, Siskiyou County, California",093,93450,06
682.0,40.0,52.0,20.0,44.0,45.0,17.0,37.0,46.0,58.0,53.0,72.0,108.0,22.0,38.0,14.0,16.0,"Fort Jones CCD, Siskiyou County, California",093,91040,06
4265.0,325.0,319.0,261.0,434.0,316.0,242.0,254.0,196.0,142.0,327.0,427.0,357.0,277.0,144.0,179.0,65.0,"Yreka CCD, Siskiyou County, California",093,93810,06
569.0,61.0,65.0,52.0,41.0,24.0,34.0,32.0,35.0,25.0,38.0,80.0,39.0,7.0,10.0,15.0,11.0,"Happy Camp CCD, Siskiyou County, California",093,91240,06
4306.0,238.0,343.0,248.0,287.0,227.0,181.0,183.0,190.0,235.0,364.0,490.0,496.0,310.0,125.0,187.0,202.0,"Central Shasta CCD, Shasta County, California",089,90450,06
1453.0,75.0,76.0,121.0,72.0,109.0,74.0,86.0,41.0,60.0,101.0,120.0,107.0,186.0,65.0,93.0,67.0,"Southwest Shasta CCD, Shasta County, California",089,93210,06
19271.0,597.0,450.0,422.0,628.0,453.0,693.0,614.0,777.0,571.0,1393.0,1864.0,2948.0,2380.0,1723.0,1932.0,1826.0,"Fairfield-Suisun City CCD, Solano County, California",095,90950,06
2566.0,216.0,157.0,132.0,93.0,227.0,214.0,115.0,132.0,140.0,177.0,302.0,243.0,180.0,66.0,154.0,18.0,"East Shasta CCD, Shasta County, California",089,90820,06
575.0,85.0,39.0,27.0,63.0,47.0,20.0,21.0,16.0,29.0,38.0,36.0,36.0,40.0,26.0,45.0,7.0,"Sacramento Canyon CCD, Shasta County, California",089,92700,06
4102.0,97.0,26.0,107.0,145.0,115.0,82.0,88.0,118.0,92.0,245.0,445.0,672.0,584.0,371.0,537.0,378.0,"Dixon CCD, Solano County, California",095,90700,06
3462.0,178.0,135.0,227.0,152.0,132.0,308.0,204.0,110.0,58.0,248.0,253.0,378.0,465.0,361.0,205.0,48.0,"Rio Vista CCD, Solano County, California",095,92610,06
22833.0,655.0,715.0,826.0,469.0,605.0,761.0,789.0,936.0,878.0,1570.0,2057.0,3645.0,2613.0,1865.0,2400.0,2049.0,"Vacaville CCD, Solano County, California",095,93520,06
22121.0,872.0,877.0,837.0,773.0,863.0,888.0,607.0,957.0,879.0,1586.0,2255.0,3118.0,1971.0,1663.0,2111.0,1864.0,"Vallejo CCD, Solano County, California",095,93530,06
255.0,12.0,20.0,55.0,23.0,15.0,12.0,26.0,17.0,8.0,0.0,18.0,29.0,3.0,8.0,6.0,3.0,"Klamath CCD, Del Norte County, California",015,91490,06
1135.0,110.0,120.0,90.0,18.0,63.0,62.0,21.0,29.0,25.0,128.0,82.0,177.0,60.0,56.0,69.0,25.0,"Smith River-Gasquet CCD, Del Norte County, California",015,93040,06
6056.0,602.0,499.0,464.0,284.0,401.0,382.0,207.0,259.0,180.0,590.0,728.0,670.0,410.0,126.0,166.0,88.0,"Crescent City CCD, Del Norte County, California",015,90620,06
1512.0,69.0,62.0,60.0,53.0,50.0,128.0,55.0,52.0,105.0,42.0,201.0,214.0,144.0,79.0,131.0,67.0,"Central Colusa CCD, Colusa County, California",011,90430,06
257.0,22.0,16.0,2.0,38.0,11.0,10.0,20.0,15.0,7.0,22.0,20.0,24.0,5.0,15.0,5.0,25.0,"West Colusa CCD, Colusa County, California",011,93610,06
1703.0,60.0,102.0,33.0,74.0,52.0,68.0,108.0,111.0,75.0,144.0,110.0,294.0,122.0,60.0,189.0,101.0,"East Colusa CCD, Colusa County, California",011,90770,06
3546.0,310.0,365.0,242.0,223.0,183.0,140.0,108.0,169.0,182.0,249.0,318.0,440.0,175.0,254.0,131.0,57.0,"Orland CCD, Glenn County, California",021,92280,06
2770.0,235.0,201.0,260.0,172.0,74.0,92.0,28.0,153.0,101.0,274.0,296.0,251.0,308.0,109.0,147.0,69.0,"Willows CCD, Glenn County, California",021,93750,06
2434.0,39.0,317.0,140.0,130.0,164.0,102.0,155.0,100.0,41.0,180.0,275.0,335.0,129.0,137.0,71.0,119.0,"Gridley CCD, Butte County, California",007,91180,06
1773.0,116.0,215.0,209.0,156.0,131.0,109.0,120.0,124.0,71.0,121.0,98.0,118.0,40.0,62.0,36.0,47.0,"Feather Falls CCD, Butte County, California",007,90970,06
883.0,17.0,36.0,48.0,26.0,19.0,58.0,84.0,35.0,10.0,133.0,56.0,81.0,51.0,37.0,81.0,111.0,"Biggs CCD, Butte County, California",007,90230,06
32523.0,2947.0,2703.0,1920.0,1443.0,1212.0,1341.0,1569.0,1283.0,1157.0,2265.0,3369.0,3595.0,2506.0,1651.0,1886.0,1676.0,"Chico CCD, Butte County, California",007,90470,06
2165.0,147.0,194.0,162.0,154.0,152.0,124.0,76.0,102.0,143.0,161.0,221.0,117.0,156.0,120.0,120.0,16.0,"Palermo CCD, Butte County, California",007,92330,06
17506.0,1085.0,959.0,1246.0,1088.0,1008.0,977.0,836.0,684.0,924.0,1474.0,1735.0,2015.0,1344.0,876.0,614.0,641.0,"Paradise CCD, Butte County, California",007,92380,06
1704.0,119.0,133.0,50.0,31.0,70.0,143.0,14.0,50.0,31.0,53.0,121.0,170.0,313.0,95.0,197.0,114.0,"Durham CCD, Butte County, California",007,90750,06
10452.0,676.0,961.0,899.0,710.0,534.0,874.0,450.0,487.0,746.0,839.0,1056.0,946.0,507.0,315.0,211.0,241.0,"Oroville CCD, Butte County, California",007,92300,06
889.0,90.0,48.0,72.0,67.0,78.0,27.0,57.0,83.0,27.0,69.0,91.0,86.0,58.0,6.0,30.0,0.0,"Corcoran CCD, Kings County, California",031,90570,06
650.0,22.0,23.0,2.0,8.0,25.0,9.0,7.0,4.0,11.0,17.0,56.0,188.0,106.0,14.0,82.0,76.0,"Hanford Northeast CCD, Kings County, California",031,91230,06
5940.0,142.0,229.0,229.0,300.0,225.0,285.0,315.0,253.0,271.0,439.0,902.0,772.0,552.0,496.0,305.0,225.0,"Lemoore CCD, Kings County, California",031,91590,06
181.0,19.0,8.0,9.0,21.0,0.0,0.0,0.0,0.0,13.0,10.0,34.0,30.0,0.0,19.0,18.0,0.0,"Stratford CCD, Kings County, California",031,93250,06
227.0,0.0,34.0,11.0,18.0,17.0,0.0,30.0,41.0,0.0,0.0,48.0,16.0,12.0,0.0,0.0,0.0,"Avenal CCD, Kings County, California",031,90170,06
10587.0,564.0,572.0,408.0,418.0,536.0,380.0,396.0,416.0,433.0,719.0,1192.0,1707.0,1133.0,634.0,596.0,483.0,"Hanford CCD, Kings County, California",031,91220,06
647.0,29.0,14.0,12.0,53.0,26.0,45.0,11.0,50.0,5.0,67.0,66.0,70.0,75.0,39.0,37.0,48.0,"Graeagle CCD, Plumas County, California",063,91135,06
2257.0,107.0,229.0,101.0,95.0,12.0,243.0,73.0,98.0,174.0,221.0,215.0,224.0,219.0,56.0,152.0,38.0,"Quincy CCD, Plumas County, California",063,92540,06
866.0,98.0,94.0,20.0,40.0,75.0,54.0,33.0,34.0,30.0,65.0,30.0,138.0,45.0,27.0,34.0,49.0,"Greenville CCD, Plumas County, California",063,91170,06
1634.0,86.0,90.0,73.0,136.0,69.0,29.0,70.0,93.0,36.0,123.0,201.0,283.0,134.0,51.0,91.0,69.0,"Chester CCD, Plumas County, California",063,90460,06
1603.0,93.0,190.0,115.0,113.0,122.0,33.0,40.0,56.0,88.0,100.0,260.0,134.0,114.0,21.0,45.0,79.0,"Portola CCD, Plumas County, California",063,92530,06
13669.0,354.0,548.0,423.0,473.0,614.0,558.0,584.0,512.0,436.0,1002.0,1447.0,1787.0,1649.0,1300.0,1031.0,951.0,"Paso Robles CCD, San Luis Obispo County, California",079,92410,06
16722.0,1843.0,1049.0,844.0,856.0,529.0,442.0,726.0,657.0,540.0,1000.0,1370.0,1789.0,1521.0,1102.0,1032.0,1422.0,"San Luis Obispo CCD, San Luis Obispo County, California",079,92860,06
23524.0,989.0,924.0,634.0,997.0,660.0,852.0,772.0,827.0,642.0,1742.0,2384.0,3246.0,2912.0,1759.0,2062.0,2122.0,"Arroyo Grande CCD, San Luis Obispo County, California",079,90120,06
13813.0,745.0,591.0,505.0,555.0,563.0,632.0,519.0,621.0,563.0,908.0,1499.0,2170.0,1570.0,606.0,896.0,870.0,"North Coast CCD, San Luis Obispo County, California",079,92160,06
14716.0,529.0,575.0,478.0,382.0,519.0,576.0,489.0,385.0,650.0,1035.0,1616.0,2359.0,1568.0,1228.0,1047.0,1280.0,"Atascadero CCD, San Luis Obispo County, California",079,90140,06
869.0,28.0,34.0,9.0,74.0,30.0,69.0,101.0,30.0,6.0,61.0,64.0,183.0,57.0,16.0,73.0,34.0,"Caruthers-Raisin City CCD, Fresno County, California",019,90390,06
422.0,44.0,0.0,30.0,27.0,31.0,21.0,39.0,28.0,0.0,35.0,68.0,35.0,21.0,16.0,14.0,13.0,"Laton CCD, Fresno County, California",019,91570,06
3878.0,144.0,178.0,194.0,159.0,109.0,203.0,64.0,95.0,198.0,284.0,165.0,652.0,356.0,289.0,453.0,335.0,"Sanger CCD, Fresno County, California",019,92800,06
302.0,55.0,0.0,0.0,7.0,4.0,3.0,4.0,83.0,10.0,42.0,8.0,14.0,14.0,17.0,5.0,36.0,"Firebaugh CCD, Fresno County, California",019,91000,06
5644.0,250.0,210.0,186.0,130.0,224.0,231.0,90.0,280.0,100.0,446.0,841.0,548.0,825.0,499.0,497.0,287.0,"Sierra CCD, Fresno County, California",019,93010,06
1985.0,85.0,132.0,67.0,69.0,132.0,56.0,95.0,101.0,24.0,147.0,213.0,262.0,165.0,169.0,89.0,179.0,"Kerman CCD, Fresno County, California",019,91460,06
2491.0,59.0,219.0,138.0,123.0,152.0,60.0,98.0,31.0,98.0,139.0,314.0,391.0,234.0,50.0,199.0,186.0,"Kingsburg CCD, Fresno County, California",019,91480,06
224.0,26.0,18.0,12.0,18.0,0.0,6.0,0.0,17.0,23.0,36.0,26.0,11.0,0.0,0.0,20.0,11.0,"San Joaquin-Tranquillity CCD, Fresno County, California",019,92820,06
40.0,0.0,0.0,8.0,32.0,0.0,0.0,0.0,0.0,0.0,0.0,0.0,0.0,0.0,0.0,0.0,0.0,"Mendota CCD, Fresno County, California",019,91950,06
3045.0,56.0,136.0,85.0,170.0,168.0,178.0,147.0,164.0,62.0,180.0,286.0,457.0,228.0,241.0,304.0,183.0,"Reedley CCD, Fresno County, California",019,92600,06
230.0,48.0,12.0,27.0,15.0,10.0,18.0,3.0,0.0,10.0,4.0,17.0,14.0,10.0,0.0,33.0,9.0,"Orange Cove CCD, Fresno County, California",019,92270,06
1725.0,72.0,137.0,57.0,69.0,138.0,82.0,65.0,113.0,98.0,131.0,180.0,181.0,127.0,80.0,105.0,90.0,"Selma CCD, Fresno County, California",019,92990,06
1986.0,222.0,92.0,150.0,64.0,74.0,108.0,20.0,32.0,44.0,120.0,169.0,155.0,363.0,161.0,117.0,95.0,"Coalinga CCD, Fresno County, California",019,90530,06
941.0,26.0,79.0,113.0,36.0,14.0,21.0,41.0,52.0,31.0,34.0,87.0,113.0,148.0,52.0,33.0,61.0,"Fowler CCD, Fresno County, California",019,91060,06
97260.0,5268.0,4850.0,3958.0,4313.0,4314.0,4154.0,3338.0,4475.0,3439.0,7377.0,10451.0,12239.0,9146.0,6251.0,6931.0,6756.0,"Fresno CCD, Fresno County, California",019,91080,06
68.0,26.0,0.0,0.0,7.0,0.0,0.0,0.0,19.0,0.0,0.0,0.0,11.0,0.0,0.0,5.0,0.0,"Huron CCD, Fresno County, California",019,91360,06
4773.0,150.0,117.0,158.0,170.0,179.0,179.0,168.0,129.0,153.0,224.0,395.0,813.0,552.0,315.0,554.0,517.0,"Greenfield-Panama CCD, Kern County, California",029,91160,06
671.0,6.0,54.0,16.0,76.0,33.0,76.0,0.0,38.0,85.0,54.0,76.0,73.0,27.0,38.0,16.0,3.0,"Riverdale CCD, Fresno County, California",019,92630,06
312.0,59.0,8.0,16.0,12.0,20.0,38.0,0.0,8.0,7.0,11.0,19.0,22.0,14.0,25.0,17.0,36.0,"Parlier-Del Rey CCD, Fresno County, California",019,92390,06
56442.0,3700.0,3667.0,2659.0,3701.0,3219.0,2521.0,2416.0,2445.0,2310.0,3709.0,5622.0,6514.0,5229.0,2819.0,3378.0,2533.0,"Bakersfield CCD, Kern County, California",029,90180,06
6464.0,560.0,462.0,613.0,689.0,518.0,413.0,281.0,207.0,308.0,325.0,403.0,799.0,302.0,229.0,301.0,54.0,"Lake Isabella CCD, Kern County, California",029,91520,06
937.0,83.0,96.0,76.0,30.0,70.0,59.0,15.0,34.0,43.0,61.0,154.0,85.0,58.0,55.0,4.0,14.0,"Arvin-Lamont CCD, Kern County, California",029,90130,06
9480.0,579.0,317.0,289.0,409.0,281.0,374.0,467.0,584.0,451.0,629.0,1398.0,1050.0,1200.0,545.0,653.0,254.0,"Tehachapi CCD, Kern County, California",029,93320,06
835.0,85.0,68.0,69.0,39.0,88.0,27.0,15.0,14.0,53.0,35.0,66.0,147.0,19.0,22.0,33.0,55.0,"Wasco CCD, Kern County, California",029,93570,06
1203.0,131.0,33.0,60.0,40.0,20.0,78.0,45.0,77.0,62.0,71.0,168.0,144.0,37.0,42.0,68.0,127.0,"Shafter CCD, Kern County, California",029,93000,06
18716.0,1101.0,742.0,897.0,1119.0,603.0,755.0,793.0,900.0,714.0,1336.0,2085.0,2490.0,2193.0,915.0,1327.0,746.0,"East Kern CCD, Kern County, California",029,90800,06
430.0,19.0,52.0,11.0,0.0,34.0,47.0,29.0,9.0,11.0,26.0,13.0,69.0,65.0,26.0,12.0,7.0,"Buttonwillow CCD, Kern County, California",029,90300,06
16673.0,333.0,212.0,258.0,296.0,255.0,366.0,406.0,380.0,491.0,892.0,1679.0,2250.0,2447.0,1498.0,2666.0,2244.0,"Rosedale CCD, Kern County, California",029,92650,06
191620.0,7105.0,5531.0,5319.0,6568.0,6013.0,6180.0,5700.0,5910.0,6083.0,12224.0,17374.0,26046.0,20939.0,15944.0,20279.0,24405.0,"Anaheim-Santa Ana-Garden Grove CCD, Orange County, California",059,90050,06
83323.0,3235.0,2430.0,2811.0,2658.0,2581.0,2454.0,2330.0,2728.0,2664.0,5183.0,6690.0,11922.0,9685.0,6945.0,8457.0,10550.0,"North Coast CCD, Orange County, California",059,92150,06
7703.0,143.0,51.0,97.0,136.0,183.0,160.0,143.0,136.0,203.0,300.0,686.0,833.0,1257.0,720.0,994.0,1661.0,"Moorpark CCD, Ventura County, California",111,92020,06
67945.0,3604.0,1764.0,1777.0,2121.0,1466.0,1849.0,1935.0,2097.0,1725.0,3492.0,4821.0,7233.0,7271.0,5378.0,6891.0,14521.0,"Central Coast CCD, Orange County, California",059,90420,06
95392.0,4053.0,2439.0,2268.0,3265.0,2398.0,2866.0,2433.0,2842.0,2464.0,5750.0,8386.0,11195.0,9482.0,6910.0,9996.0,18645.0,"South Coast CCD, Orange County, California",059,93110,06
220.0,29.0,3.0,4.0,31.0,4.0,0.0,7.0,0.0,21.0,16.0,16.0,43.0,18.0,6.0,3.0,19.0,"Los Padres CCD, Ventura County, California",111,91770,06
28618.0,1196.0,1127.0,1034.0,917.0,1057.0,1065.0,1131.0,901.0,951.0,1884.0,2657.0,4398.0,3277.0,2132.0,2544.0,2347.0,"Ventura CCD, Ventura County, California",111,93550,06
654.0,33.0,6.0,6.0,42.0,29.0,7.0,19.0,29.0,11.0,33.0,24.0,68.0,90.0,70.0,62.0,125.0,"Las Posas CCD, Ventura County, California",111,91560,06
16796.0,534.0,377.0,382.0,442.0,379.0,314.0,505.0,488.0,392.0,924.0,1634.0,1988.0,2223.0,1501.0,2098.0,2615.0,"Camarillo CCD, Ventura County, California",111,90350,06
16872.0,680.0,429.0,559.0,789.0,657.0,618.0,521.0,835.0,528.0,1425.0,1766.0,2219.0,1968.0,1271.0,1363.0,1244.0,"Oxnard CCD, Ventura County, California",111,92310,06
2363.0,60.0,63.0,115.0,167.0,143.0,49.0,51.0,96.0,45.0,161.0,264.0,389.0,346.0,142.0,152.0,120.0,"Santa Paula CCD, Ventura County, California",111,92930,06
45281.0,1302.0,1183.0,1033.0,1062.0,1068.0,1118.0,1072.0,1301.0,978.0,2092.0,3430.0,5298.0,5173.0,4003.0,5564.0,9604.0,"Thousand Oaks CCD, Ventura County, California",111,93350,06
30550.0,665.0,824.0,821.0,933.0,771.0,834.0,647.0,952.0,925.0,1863.0,2752.0,4498.0,3640.0,2673.0,3584.0,4168.0,"Simi Valley CCD, Ventura County, California",111,93020,06
5108.0,232.0,331.0,196.0,345.0,260.0,210.0,285.0,292.0,233.0,262.0,471.0,622.0,455.0,224.0,376.0,314.0,"Angels City CCD, Calaveras County, California",009,90060,06
6871.0,283.0,366.0,359.0,247.0,365.0,243.0,230.0,393.0,188.0,695.0,314.0,1105.0,720.0,538.0,530.0,295.0,"San Andreas CCD, Calaveras County, California",009,92740,06
375.0,20.0,42.0,11.0,28.0,22.0,8.0,16.0,19.0,28.0,15.0,54.0,40.0,23.0,30.0,7.0,12.0,"Meridian-Robbins CCD, Sutter County, California",101,91970,06
1130.0,39.0,26.0,12.0,20.0,46.0,22.0,7.0,16.0,74.0,55.0,209.0,230.0,103.0,154.0,39.0,78.0,"Sutter CCD, Sutter County, California",101,93290,06
755.0,46.0,9.0,51.0,30.0,11.0,23.0,29.0,33.0,19.0,44.0,107.0,127.0,83.0,45.0,36.0,62.0,"South Sutter CCD, Sutter County, California",101,93180,06
1568.0,129.0,78.0,108.0,84.0,68.0,33.0,56.0,31.0,84.0,74.0,138.0,325.0,68.0,97.0,121.0,74.0,"Live Oak CCD, Sutter County, California",101,91650,06
14566.0,752.0,684.0,752.0,624.0,648.0,824.0,732.0,587.0,534.0,1080.0,1539.0,1871.0,1581.0,901.0,904.0,553.0,"Yuba City CCD, Sutter County, California",101,93820,06
40296.0,1176.0,942.0,774.0,1403.0,1320.0,1157.0,1052.0,1245.0,1022.0,2048.0,3025.0,4985.0,4416.0,3745.0,4637.0,7349.0,"South San Francisco CCD, San Mateo County, California",081,93170,06
81981.0,2048.0,1526.0,1732.0,1671.0,1481.0,1647.0,1636.0,1673.0,1648.0,3239.0,5031.0,7623.0,7538.0,6274.0,10314.0,26900.0,"San Mateo CCD, San Mateo County, California",081,92870,06
1758.0,108.0,74.0,96.0,108.0,112.0,78.0,47.0,91.0,108.0,135.0,207.0,204.0,139.0,44.0,65.0,142.0,"Groveland CCD, Tuolumne County, California",109,91190,06
6310.0,317.0,296.0,307.0,364.0,359.0,327.0,340.0,239.0,260.0,632.0,574.0,724.0,826.0,302.0,186.0,257.0,"Twain Harte-Tuolumne City CCD, Tuolumne County, California",109,93470,06
14169.0,481.0,523.0,616.0,482.0,597.0,664.0,481.0,479.0,316.0,998.0,1200.0,1694.0,1349.0,916.0,1506.0,1867.0,"Sonoma CCD, Sonoma County, California",097,93070,06
12208.0,430.0,411.0,282.0,298.0,426.0,272.0,325.0,304.0,481.0,728.0,911.0,1779.0,1459.0,1086.0,1458.0,1558.0,"Healdsburg CCD, Sonoma County, California",097,91270,06
3600.0,113.0,171.0,92.0,181.0,56.0,140.0,203.0,176.0,67.0,263.0,377.0,447.0,313.0,345.0,282.0,374.0,"Cloverdale-Geyserville CCD, Sonoma County, California",097,90510,06
37207.0,1355.0,1441.0,1135.0,1122.0,1148.0,1164.0,1260.0,1174.0,1215.0,2593.0,3709.0,5790.0,4037.0,2978.0,3814.0,3272.0,"Petaluma CCD, Sonoma County, California",097,92460,06
55710.0,2274.0,2340.0,2084.0,1886.0,2107.0,2152.0,2081.0,2231.0,2011.0,4321.0,5641.0,7275.0,6169.0,3501.0,4964.0,4673.0,"Santa Rosa CCD, Sonoma County, California",097,92940,06
10743.0,368.0,461.0,514.0,459.0,252.0,366.0,427.0,309.0,258.0,744.0,952.0,1535.0,989.0,876.0,1142.0,1091.0,"Sebastopol CCD, Sonoma County, California",097,92980,06
3432.0,271.0,150.0,255.0,247.0,288.0,185.0,199.0,179.0,126.0,276.0,281.0,387.0,238.0,200.0,84.0,66.0,"Corning CCD, Tehama County, California",103,90580,06
1173.0,65.0,88.0,73.0,109.0,42.0,93.0,61.0,92.0,49.0,53.0,204.0,135.0,32.0,36.0,30.0,11.0,"East Tehama CCD, Tehama County, California",103,90840,06
12380.0,879.0,1119.0,889.0,906.0,671.0,703.0,755.0,399.0,378.0,1168.0,914.0,1528.0,836.0,352.0,351.0,532.0,"Red Bluff CCD, Tehama County, California",103,92560,06
1346.0,44.0,69.0,101.0,131.0,32.0,110.0,76.0,50.0,91.0,34.0,187.0,101.0,126.0,60.0,114.0,20.0,"West Tehama CCD, Tehama County, California",103,93690,06
333.0,23.0,39.0,30.0,28.0,29.0,0.0,7.0,13.0,4.0,0.0,62.0,16.0,32.0,26.0,24.0,0.0,"Calipatria-Westmorland CCD, Imperial County, California",025,90330,06
958.0,105.0,60.0,85.0,84.0,45.0,97.0,50.0,22.0,42.0,25.0,146.0,125.0,39.0,14.0,15.0,4.0,"West Imperial CCD, Imperial County, California",025,93630,06
2693.0,147.0,90.0,70.0,79.0,112.0,135.0,111.0,43.0,176.0,107.0,269.0,384.0,407.0,223.0,198.0,142.0,"El Centro CCD, Imperial County, California",025,90860,06
1608.0,137.0,31.0,71.0,82.0,80.0,121.0,30.0,108.0,47.0,122.0,76.0,238.0,190.0,129.0,78.0,68.0,"Brawley CCD, Imperial County, California",025,90260,06
924.0,30.0,60.0,34.0,56.0,45.0,84.0,32.0,0.0,16.0,61.0,76.0,136.0,147.0,35.0,59.0,53.0,"Imperial CCD, Imperial County, California",025,91380,06
628.0,33.0,49.0,10.0,13.0,11.0,0.0,31.0,19.0,11.0,81.0,77.0,149.0,33.0,22.0,65.0,24.0,"Holtville CCD, Imperial County, California",025,91310,06
170.0,0.0,26.0,23.0,26.0,0.0,4.0,0.0,8.0,22.0,3.0,22.0,13.0,8.0,7.0,8.0,0.0,"Winterhaven-Bard CCD, Imperial County, California",025,93760,06
231.0,11.0,62.0,0.0,10.0,19.0,19.0,0.0,0.0,0.0,8.0,16.0,29.0,0.0,19.0,38.0,0.0,"Calexico CCD, Imperial County, California",025,90320,06
421.0,49.0,79.0,45.0,12.0,36.0,22.0,17.0,67.0,8.0,5.0,0.0,57.0,15.0,0.0,1.0,8.0,"East Imperial CCD, Imperial County, California",025,90790,06
1306.0,10.0,133.0,44.0,33.0,69.0,41.0,73.0,21.0,21.0,75.0,121.0,151.0,162.0,29.0,178.0,145.0,"San Juan Bautista CCD, San Benito County, California",069,92840,06
243.0,5.0,8.0,8.0,2.0,10.0,4.0,10.0,10.0,6.0,20.0,29.0,28.0,32.0,24.0,11.0,36.0,"San Benito-Bitterwater CCD, San Benito County, California",069,92760,06
6892.0,133.0,128.0,124.0,112.0,164.0,170.0,283.0,243.0,249.0,291.0,682.0,1122.0,929.0,650.0,798.0,814.0,"Hollister CCD, San Benito County, California",069,91300,06
16254.0,543.0,448.0,418.0,543.0,367.0,275.0,473.0,362.0,522.0,845.0,1467.0,1871.0,1893.0,1537.0,2019.0,2671.0,"Alameda CCD, Alameda County, California",001,90020,06
42328.0,1439.0,1275.0,1380.0,1961.0,1518.0,1565.0,1526.0,1436.0,1323.0,2675.0,3352.0,5965.0,4751.0,3227.0,4572.0,4363.0,"Hayward CCD, Alameda County, California",001,91260,06
50205.0,1121.0,773.0,882.0,932.0,921.0,1149.0,1207.0,1467.0,995.0,2229.0,3046.0,5862.0,5088.0,4529.0,7413.0,12591.0,"Livermore-Pleasanton CCD, Alameda County, California",001,91660,06
32579.0,1778.0,1025.0,1023.0,802.0,922.0,959.0,800.0,900.0,776.0,1533.0,2369.0,3427.0,3008.0,2827.0,3867.0,6563.0,"Berkeley CCD, Alameda County, California",001,90200,06
29185.0,781.0,650.0,823.0,851.0,972.0,829.0,885.0,672.0,874.0,1691.0,2217.0,3718.0,3054.0,3142.0,3739.0,4287.0,"Fremont CCD, Alameda County, California",001,91070,06
61846.0,1854.0,1527.0,1288.0,1420.0,1340.0,1636.0,1521.0,1372.0,1475.0,3296.0,5458.0,7183.0,7029.0,4947.0,7323.0,13177.0,"Oakland CCD, Alameda County, California",001,92230,06
19657.0,405.0,567.0,470.0,568.0,444.0,385.0,379.0,678.0,666.0,1271.0,1632.0,2314.0,2431.0,1986.0,2948.0,2513.0,"Folsom CCD, Sacramento County, California",067,91010,06
2440.0,35.0,34.0,125.0,33.0,73.0,19.0,46.0,87.0,81.0,99.0,232.0,385.0,344.0,183.0,375.0,289.0,"Sloughhouse CCD, Sacramento County, California",067,93030,06
221826.0,11312.0,11197.0,8785.0,9522.0,9714.0,10348.0,9665.0,9791.0,8236.0,17968.0,22345.0,28573.0,22329.0,12951.0,15257.0,13833.0,"Sacramento CCD, Sacramento County, California",067,92690,06
7797.0,230.0,303.0,341.0,183.0,316.0,254.0,188.0,272.0,253.0,473.0,915.0,1173.0,1146.0,616.0,614.0,520.0,"Galt CCD, Sacramento County, California",067,91090,06
15372.0,304.0,460.0,406.0,453.0,381.0,464.0,347.0,446.0,452.0,1027.0,1579.0,2299.0,2253.0,1526.0,1593.0,1382.0,"Elk Grove CCD, Sacramento County, California",067,90870,06
9444.0,255.0,706.0,514.0,624.0,426.0,524.0,492.0,401.0,259.0,819.0,942.0,1120.0,700.0,552.0,592.0,518.0,"South Lake Tahoe CCD, El Dorado County, California",017,93160,06
31889.0,1089.0,904.0,1162.0,1087.0,906.0,775.0,1156.0,1120.0,953.0,1860.0,2775.0,3992.0,3727.0,2373.0,3453.0,4557.0,"South El Dorado CCD, El Dorado County, California",017,93150,06
5357.0,357.0,269.0,338.0,289.0,194.0,377.0,317.0,99.0,128.0,543.0,601.0,546.0,529.0,332.0,206.0,232.0,"Placerville CCD, El Dorado County, California",017,92490,06
10878.0,443.0,457.0,275.0,497.0,515.0,568.0,514.0,243.0,295.0,747.0,918.0,1493.0,1272.0,994.0,850.0,797.0,"North El Dorado CCD, El Dorado County, California",017,92190,06
1910.0,112.0,145.0,92.0,155.0,64.0,26.0,67.0,104.0,97.0,62.0,129.0,244.0,152.0,99.0,115.0,247.0,"Calistoga CCD, Napa County, California",055,90340,06
26738.0,820.0,1076.0,765.0,919.0,730.0,755.0,779.0,810.0,873.0,1594.0,2439.0,3409.0,2998.0,2176.0,2938.0,3657.0,"Napa CCD, Napa County, California",055,92070,06
2489.0,103.0,114.0,70.0,46.0,67.0,94.0,68.0,41.0,40.0,122.0,148.0,345.0,231.0,198.0,306.0,496.0,"St. Helena CCD, Napa County, California",055,92710,06
1283.0,73.0,17.0,14.0,9.0,6.0,42.0,15.0,66.0,69.0,104.0,107.0,160.0,152.0,115.0,126.0,208.0,"Angwin CCD, Napa County, California",055,90070,06
1844.0,53.0,23.0,40.0,76.0,37.0,53.0,74.0,44.0,67.0,104.0,153.0,366.0,175.0,132.0,262.0,185.0,"Pajaro CCD, Monterey County, California",053,92320,06
355.0,6.0,21.0,2.0,4.0,0.0,20.0,0.0,20.0,37.0,13.0,29.0,24.0,22.0,53.0,50.0,54.0,"Gonzales CCD, Monterey County, California",053,91130,06
919.0,32.0,23.0,28.0,34.0,20.0,56.0,0.0,6.0,61.0,117.0,94.0,164.0,63.0,58.0,73.0,90.0,"King City CCD, Monterey County, California",053,91470,06
2436.0,63.0,80.0,120.0,63.0,92.0,84.0,95.0,85.0,136.0,182.0,250.0,339.0,241.0,152.0,247.0,207.0,"Castroville CCD, Monterey County, California",053,90400,06
11480.0,675.0,498.0,501.0,586.0,376.0,361.0,595.0,432.0,351.0,845.0,1071.0,1643.0,1211.0,705.0,987.0,643.0,"Salinas CCD, Monterey County, California",053,92730,06
446.0,7.0,0.0,7.0,77.0,36.0,6.0,78.0,26.0,9.0,31.0,24.0,35.0,29.0,11.0,44.0,26.0,"Greenfield CCD, Monterey County, California",053,91150,06
624.0,23.0,5.0,16.0,2.0,45.0,15.0,90.0,12.0,40.0,83.0,65.0,40.0,31.0,32.0,14.0,111.0,"Soledad CCD, Monterey County, California",053,93060,06
2142.0,47.0,0.0,52.0,17.0,64.0,86.0,0.0,84.0,120.0,192.0,175.0,282.0,335.0,152.0,115.0,421.0,"Carmel Valley CCD, Monterey County, California",053,90370,06
26055.0,1149.0,717.0,640.0,1089.0,676.0,1307.0,908.0,1088.0,907.0,1849.0,2477.0,3744.0,2551.0,2159.0,2176.0,2618.0,"Seaside-Monterey CCD, Monterey County, California",053,92970,06
834.0,38.0,19.0,17.0,77.0,77.0,24.0,12.0,29.0,41.0,87.0,77.0,85.0,95.0,75.0,45.0,36.0,"San Ardo CCD, Monterey County, California",053,92750,06
179512.0,6726.0,6495.0,4383.0,4138.0,3732.0,3493.0,3680.0,3195.0,3426.0,6449.0,11203.0,17936.0,17627.0,14279.0,21845.0,50905.0,"San Francisco CCD, San Francisco County, California",075,92790,06
11545.0,653.0,305.0,193.0,576.0,447.0,373.0,331.0,375.0,478.0,935.0,1281.0,1295.0,1269.0,812.0,946.0,1276.0,"Fallbrook CCD, San Diego County, California",073,90960,06
1533.0,18.0,7.0,75.0,28.0,34.0,67.0,67.0,62.0,37.0,68.0,151.0,231.0,234.0,153.0,173.0,128.0,"Laguna-Pine Valley CCD, San Diego County, California",073,91510,06
225.0,0.0,25.0,37.0,0.0,0.0,37.0,0.0,3.0,11.0,0.0,16.0,0.0,26.0,13.0,38.0,19.0,"West Sierra CCD, Sierra County, California",091,93680,06
834.0,93.0,56.0,19.0,21.0,40.0,22.0,76.0,100.0,8.0,35.0,55.0,78.0,129.0,48.0,18.0,36.0,"East Sierra CCD, Sierra County, California",091,90830,06
1254.0,87.0,38.0,51.0,4.0,0.0,35.0,146.0,125.0,31.0,25.0,66.0,315.0,129.0,49.0,39.0,114.0,"Pauma Valley CCD, San Diego County, California",073,92430,06
2981.0,123.0,105.0,26.0,64.0,49.0,46.0,84.0,78.0,35.0,157.0,274.0,360.0,416.0,194.0,437.0,533.0,"Jamul CCD, San Diego County, California",073,91440,06
1480.0,103.0,83.0,74.0,51.0,146.0,53.0,13.0,187.0,59.0,44.0,186.0,110.0,192.0,56.0,123.0,0.0,"Mountain Empire CCD, San Diego County, California",073,92030,06
137121.0,8692.0,3511.0,4608.0,5014.0,5267.0,4429.0,4644.0,4375.0,5022.0,9841.0,12214.0,17429.0,14707.0,10336.0,13152.0,13880.0,"Oceanside-Escondido CCD, San Diego County, California",073,92240,06
9508.0,362.0,195.0,259.0,177.0,124.0,288.0,250.0,410.0,270.0,602.0,1062.0,1255.0,1232.0,1091.0,964.0,967.0,"Ramona CCD, San Diego County, California",073,92550,06
5786.0,435.0,230.0,254.0,180.0,136.0,116.0,197.0,138.0,99.0,385.0,328.0,794.0,668.0,513.0,666.0,647.0,"Valley Center CCD, San Diego County, California",073,93540,06
1727.0,68.0,141.0,132.0,163.0,62.0,84.0,64.0,77.0,21.0,239.0,172.0,241.0,121.0,52.0,55.0,35.0,"Palomar-Julian CCD, San Diego County, California",073,92350,06
4792.0,112.0,119.0,200.0,106.0,126.0,246.0,276.0,167.0,148.0,230.0,361.0,477.0,692.0,505.0,655.0,372.0,"Alpine CCD, San Diego County, California",073,90030,06
449239.0,19260.0,15107.0,13594.0,14454.0,14444.0,14739.0,13523.0,15943.0,13997.0,29302.0,42090.0,59493.0,48595.0,33198.0,43396.0,58104.0,"San Diego CCD, San Diego County, California",073,92780,06
1673.0,226.0,53.0,37.0,70.0,79.0,98.0,195.0,11.0,71.0,83.0,115.0,184.0,121.0,121.0,130.0,79.0,"Springville-Johnsondale CCD, Tulare County, California",107,93220,06
378.0,19.0,36.0,73.0,9.0,14.0,7.0,28.0,9.0,0.0,43.0,32.0,33.0,15.0,26.0,23.0,11.0,"Terra Bella CCD, Tulare County, California",107,93330,06
163.0,34.0,8.0,41.0,2.0,5.0,4.0,8.0,4.0,8.0,2.0,3.0,30.0,5.0,7.0,2.0,0.0,"Earlimart CCD, Tulare County, California",107,90760,06
3895.0,224.0,248.0,229.0,233.0,170.0,133.0,218.0,166.0,174.0,283.0,369.0,432.0,289.0,247.0,235.0,245.0,"Exeter CCD, Tulare County, California",107,90940,06
7842.0,610.0,539.0,411.0,514.0,390.0,352.0,424.0,463.0,507.0,515.0,793.0,744.0,620.0,467.0,264.0,229.0,"Porterville CCD, Tulare County, California",107,92520,06
1979.0,94.0,116.0,137.0,57.0,88.0,52.0,72.0,80.0,46.0,153.0,156.0,288.0,239.0,132.0,121.0,148.0,"Woodlake-Three Rivers CCD, Tulare County, California",107,93780,06
904.0,51.0,115.0,15.0,55.0,57.0,57.0,21.0,20.0,30.0,156.0,31.0,106.0,69.0,29.0,43.0,49.0,"Strathmore CCD, Tulare County, California",107,93260,06
23227.0,958.0,980.0,1032.0,1086.0,880.0,1067.0,926.0,824.0,1053.0,2029.0,2196.0,3315.0,2441.0,1635.0,1316.0,1489.0,"Visalia CCD, Tulare County, California",107,93560,06
8974.0,483.0,465.0,551.0,366.0,287.0,481.0,393.0,219.0,398.0,670.0,1015.0,1380.0,1050.0,414.0,331.0,471.0,"Tulare CCD, Tulare County, California",107,93430,06
955.0,102.0,77.0,56.0,94.0,29.0,22.0,44.0,0.0,56.0,140.0,49.0,110.0,13.0,0.0,107.0,56.0,"Ivanhoe CCD, Tulare County, California",107,91420,06
1065.0,92.0,105.0,118.0,89.0,25.0,39.0,39.0,47.0,61.0,140.0,108.0,44.0,38.0,66.0,24.0,30.0,"Lindsay CCD, Tulare County, California",107,91640,06
382.0,6.0,13.0,31.0,38.0,24.0,5.0,13.0,8.0,17.0,45.0,43.0,51.0,16.0,8.0,36.0,28.0,"Orosi-Cutler CCD, Tulare County, California",107,92290,06
221.0,28.0,29.0,0.0,0.0,23.0,13.0,28.0,2.0,0.0,6.0,32.0,4.0,13.0,25.0,18.0,0.0,"Pixley CCD, Tulare County, California",107,92480,06
323.0,12.0,18.0,15.0,5.0,27.0,35.0,18.0,2.0,20.0,47.0,37.0,33.0,15.0,17.0,16.0,6.0,"Tipton CCD, Tulare County, California",107,93360,06
2250.0,71.0,125.0,140.0,82.0,145.0,99.0,115.0,124.0,48.0,202.0,192.0,277.0,229.0,150.0,207.0,44.0,"Dinuba CCD, Tulare County, California",107,90690,06
273.0,17.0,0.0,6.0,0.0,0.0,9.0,0.0,28.0,0.0,8.0,23.0,20.0,64.0,16.0,36.0,46.0,"Clarksburg CCD, Yolo County, California",113,90500,06
17160.0,1378.0,828.0,810.0,533.0,599.0,429.0,477.0,531.0,648.0,996.0,1149.0,1705.0,1366.0,1208.0,1784.0,2719.0,"Davis CCD, Yolo County, California",113,90640,06
847.0,81.0,40.0,9.0,27.0,40.0,17.0,48.0,15.0,98.0,50.0,68.0,110.0,98.0,28.0,64.0,54.0,"Knights Landing CCD, Yolo County, California",113,91500,06
1528.0,57.0,32.0,35.0,82.0,19.0,29.0,15.0,36.0,36.0,56.0,141.0,335.0,184.0,64.0,119.0,288.0,"Winters CCD, Yolo County, California",113,93770,06
886.0,94.0,64.0,9.0,39.0,36.0,19.0,0.0,17.0,26.0,81.0,160.0,89.0,121.0,47.0,54.0,30.0,"Esparto CCD, Yolo County, California",113,90910,06
396.0,51.0,39.0,9.0,23.0,38.0,19.0,27.0,13.0,6.0,21.0,36.0,43.0,30.0,26.0,10.0,5.0,"Chuckwalla Valley CCD, Riverside County, California",065,90492,06
469.0,36.0,25.0,30.0,5.0,12.0,35.0,11.0,11.0,22.0,38.0,25.0,55.0,31.0,22.0,26.0,85.0,"Yuba City Southwest CCD, Sutter County, California",101,93825,06
19038.0,1737.0,1515.0,1385.0,1556.0,1018.0,1219.0,1045.0,910.0,747.0,1287.0,1902.0,1918.0,1226.0,660.0,626.0,287.0,"Twentynine Palms-Yucca Valley CCD, San Bernardino County, California",071,93482,06
7471.0,534.0,314.0,397.0,218.0,311.0,411.0,373.0,502.0,275.0,621.0,969.0,1108.0,682.0,285.0,278.0,193.0,"Barstow CCD, San Bernardino County, California",071,90188,06
26723.0,928.0,839.0,782.0,716.0,671.0,865.0,586.0,655.0,663.0,1500.0,2486.0,3268.0,3196.0,2494.0,3336.0,3738.0,"Rocklin CCD, Placer County, California",061,92645,06
3546.0,235.0,138.0,231.0,196.0,252.0,289.0,115.0,184.0,152.0,307.0,362.0,376.0,208.0,156.0,155.0,190.0,"Arnold-West Point CCD, Calaveras County, California",009,90105,06
9414.0,517.0,546.0,398.0,386.0,335.0,422.0,494.0,419.0,381.0,750.0,887.0,1080.0,759.0,443.0,679.0,918.0,"Russian River-Sonoma Coast CCD, Sonoma County, California",097,92682,06
17686.0,429.0,249.0,330.0,626.0,455.0,416.0,334.0,434.0,223.0,948.0,1069.0,1897.0,2088.0,1778.0,2459.0,3951.0,"South Santa Clara Valley CCD, Santa Clara County, California",085,93175,06
1443.0,27.0,21.0,0.0,0.0,34.0,10.0,16.0,30.0,29.0,45.0,49.0,125.0,165.0,197.0,176.0,519.0,"Lexington Hills CCD, Santa Clara County, California",085,91602,06
18755.0,558.0,482.0,539.0,656.0,539.0,543.0,580.0,640.0,477.0,939.0,1440.0,1913.0,2033.0,1596.0,2343.0,3477.0,"Novato CCD, Marin County, California",041,92205,06
1053.0,20.0,49.0,44.0,39.0,10.0,4.0,52.0,49.0,0.0,85.0,80.0,74.0,132.0,111.0,116.0,188.0,"Bolinas CCD, Marin County, California",041,90256,06
2186.0,206.0,164.0,103.0,90.0,132.0,63.0,136.0,110.0,87.0,159.0,208.0,174.0,231.0,109.0,161.0,53.0,"Blythe CCD, Riverside County, California",065,90253,06
797.0,112.0,53.0,43.0,79.0,46.0,45.0,20.0,49.0,16.0,82.0,59.0,74.0,58.0,32.0,11.0,18.0,"Northwest Trinity CCD, Trinity County, California",105,92202,06
1733.0,51.0,33.0,103.0,46.0,84.0,37.0,57.0,92.0,28.0,88.0,217.0,251.0,147.0,246.0,175.0,78.0,"Fillmore CCD, Ventura County, California",111,90988,06
8736.0,238.0,391.0,386.0,390.0,327.0,259.0,251.0,329.0,272.0,528.0,1038.0,837.0,763.0,853.0,758.0,1116.0,"Ojai-Mira Monte CCD, Ventura County, California",111,92245,06
693.0,13.0,11.0,9.0,0.0,19.0,16.0,0.0,4.0,4.0,28.0,25.0,80.0,60.0,37.0,78.0,309.0,"Triunfo Pass-Point Mugu CCD, Ventura County, California",111,93422,06
4703.0,697.0,501.0,394.0,475.0,356.0,429.0,204.0,208.0,225.0,198.0,356.0,367.0,78.0,58.0,140.0,17.0,"Clearlake CCD, Lake County, California",033,90503,06
1177.0,51.0,85.0,143.0,20.0,87.0,50.0,45.0,74.0,37.0,46.0,145.0,197.0,119.0,78.0,0.0,0.0,"Lower Lake CCD, Lake County, California",033,91775,06
2378.0,72.0,164.0,132.0,140.0,73.0,96.0,169.0,82.0,92.0,200.0,259.0,392.0,179.0,66.0,143.0,119.0,"Middletown CCD, Lake County, California",033,91975,06
1293.0,108.0,71.0,97.0,42.0,28.0,31.0,49.0,19.0,78.0,104.0,137.0,189.0,187.0,45.0,58.0,50.0,"Cobb CCD, Lake County, California",033,90545,06
2351.0,142.0,88.0,176.0,145.0,153.0,86.0,115.0,79.0,104.0,154.0,190.0,311.0,356.0,132.0,44.0,76.0,"Clearlake Riviera CCD, Lake County, California",033,90505,06
1943.0,186.0,252.0,186.0,136.0,67.0,99.0,76.0,52.0,137.0,180.0,164.0,143.0,69.0,102.0,69.0,25.0,"Upper Lake-Nice CCD, Lake County, California",033,93505,06
1479.0,49.0,131.0,102.0,82.0,69.0,128.0,39.0,0.0,58.0,290.0,77.0,190.0,97.0,55.0,41.0,71.0,"Kelseyville CCD, Lake County, California",033,91455,06
2411.0,208.0,238.0,219.0,129.0,258.0,155.0,101.0,85.0,96.0,197.0,228.0,316.0,97.0,42.0,26.0,16.0,"Lucerne-Clearlake Oaks CCD, Lake County, California",033,91795,06
213.0,13.0,9.0,19.0,10.0,10.0,17.0,5.0,12.0,11.0,11.0,10.0,30.0,26.0,25.0,5.0,0.0,"Newell CCD, Modoc County, California",049,92105,06
637.0,23.0,30.0,7.0,29.0,20.0,17.0,16.0,22.0,52.0,51.0,79.0,73.0,62.0,59.0,33.0,64.0,"Lake Berryessa CCD, Napa County, California",055,91515,06
8871.0,97.0,242.0,167.0,114.0,219.0,233.0,170.0,252.0,299.0,383.0,455.0,727.0,798.0,769.0,1348.0,2598.0,"Half Moon Bay CCD, San Mateo County, California",081,91215,06
6705.0,493.0,371.0,265.0,286.0,269.0,286.0,285.0,202.0,270.0,512.0,543.0,975.0,695.0,221.0,652.0,380.0,"Lake Arrowhead CCD, San Bernardino County, California",071,91513,06
52351.0,3006.0,3166.0,2578.0,3266.0,2382.0,2670.0,2514.0,2137.0,2036.0,4504.0,5700.0,6155.0,4685.0,3295.0,2479.0,1778.0,"Victorville-Hesperia CCD, San Bernardino County, California",071,93555,06
2011.0,98.0,42.0,69.0,46.0,75.0,158.0,65.0,92.0,180.0,272.0,386.0,316.0,144.0,32.0,17.0,19.0,"Newberry Springs-Baker CCD, San Bernardino County, California",071,92102,06
673.0,88.0,74.0,16.0,47.0,66.0,25.0,29.0,28.0,27.0,27.0,57.0,106.0,37.0,13.0,17.0,16.0,"Searles Valley CCD, San Bernardino County, California",071,92955,06
1453.0,40.0,32.0,63.0,55.0,93.0,3.0,103.0,27.0,17.0,72.0,92.0,232.0,159.0,174.0,81.0,210.0,"West Santa Cruz CCD, Santa Cruz County, California",087,93665,06
20090.0,1033.0,388.0,341.0,412.0,433.0,465.0,348.0,321.0,414.0,998.0,1350.0,1936.0,2074.0,1485.0,2242.0,5850.0,"Agoura Hills-Malibu CCD, Los Angeles County, California",037,90015,06
317084.0,17310.0,17759.0,15288.0,13490.0,11550.0,11224.0,9526.0,10911.0,10061.0,19834.0,26992.0,35186.0,30088.0,20865.0,26981.0,40019.0,"San Fernando Valley CCD, Los Angeles County, California",037,92785,06
3731.0,309.0,284.0,156.0,295.0,283.0,196.0,160.0,210.0,264.0,297.0,266.0,349.0,245.0,148.0,200.0,69.0,"South Gate-East Los Angeles CCD, Los Angeles County, California",037,93155,06
756.0,39.0,29.0,79.0,9.0,34.0,57.0,31.0,61.0,53.0,43.0,91.0,45.0,97.0,37.0,22.0,29.0,"Delano-McFarland CCD, Kern County, California",029,90655,06
6906.0,573.0,749.0,370.0,421.0,289.0,286.0,359.0,197.0,342.0,517.0,701.0,744.0,451.0,387.0,246.0,274.0,"West Kern CCD, Kern County, California",029,93635,06
3826.0,206.0,342.0,330.0,132.0,123.0,99.0,196.0,163.0,121.0,307.0,516.0,474.0,215.0,220.0,164.0,218.0,"Mendocino CCD, Mendocino County, California",045,91938,06
4833.0,399.0,173.0,204.0,249.0,190.0,229.0,222.0,159.0,186.0,316.0,572.0,553.0,513.0,284.0,329.0,255.0,"Yosemite Lakes CCD, Madera County, California",039,93802,06
3222.0,187.0,139.0,129.0,112.0,180.0,91.0,125.0,134.0,145.0,295.0,238.0,498.0,278.0,399.0,157.0,115.0,"Redwood Valley-Potter Valley CCD, Mendocino County, California",045,92592,06
1191.0,117.0,101.0,78.0,28.0,147.0,24.0,17.0,74.0,47.0,63.0,137.0,147.0,94.0,30.0,22.0,65.0,"Isleton CCD, Sacramento County, California",067,91416,06
24895.0,941.0,763.0,1049.0,1048.0,1121.0,924.0,853.0,1259.0,997.0,2156.0,3115.0,3608.0,2458.0,1446.0,1864.0,1293.0,"Rancho Cordova CCD, Sacramento County, California",067,92555,06
983.0,61.0,56.0,96.0,77.0,71.0,20.0,47.0,23.0,10.0,81.0,62.0,137.0,133.0,58.0,36.0,15.0,"East Yuba-Beale AFB CCD, Yuba County, California",115,90855,06
2454.0,64.0,50.0,61.0,86.0,128.0,107.0,27.0,53.0,104.0,142.0,298.0,488.0,202.0,167.0,309.0,168.0,"Marysville Northeast CCD, Yuba County, California",115,91908,06
46784.0,1839.0,1318.0,915.0,953.0,966.0,1002.0,877.0,1202.0,993.0,2247.0,4133.0,6097.0,5551.0,4267.0,6786.0,7638.0,"Irvine-Lake Forest CCD, Orange County, California",059,91413,06
57482.0,1479.0,866.0,886.0,1083.0,1127.0,1124.0,1184.0,1050.0,1225.0,2453.0,4073.0,6864.0,6558.0,5501.0,7960.0,14049.0,"Mission Viejo CCD, Orange County, California",059,91977,06
920.0,26.0,8.0,18.0,19.0,7.0,45.0,5.0,17.0,66.0,52.0,88.0,110.0,151.0,46.0,108.0,154.0,"Silverado CCD, Orange County, California",059,93015,06
1265.0,63.0,22.0,0.0,27.0,16.0,10.0,25.0,30.0,20.0,13.0,109.0,104.0,150.0,138.0,155.0,383.0,"Summit Road CCD, Santa Cruz County, California",087,93265,06
854.0,131.0,24.0,92.0,77.0,40.0,40.0,77.0,66.0,35.0,71.0,57.0,71.0,33.0,22.0,18.0,0.0,"Willow Creek-Hoopa Valley CCD, Humboldt County, California",023,93745,06
4573.0,152.0,136.0,220.0,88.0,105.0,238.0,110.0,138.0,154.0,357.0,583.0,469.0,423.0,249.0,445.0,706.0,"Carpinteria CCD, Santa Barbara County, California",083,90378,06
9691.0,406.0,414.0,407.0,258.0,413.0,394.0,492.0,493.0,381.0,695.0,991.0,1475.0,768.0,649.0,846.0,609.0,"Lompoc CCD, Santa Barbara County, California",083,91708,06
17205.0,765.0,565.0,878.0,691.0,594.0,784.0,516.0,729.0,681.0,1182.0,1787.0,2400.0,1971.0,1277.0,1354.0,1031.0,"Santa Maria CCD, Santa Barbara County, California",083,92908,06
6472.0,251.0,205.0,119.0,148.0,115.0,353.0,143.0,219.0,165.0,403.0,658.0,994.0,507.0,542.0,806.0,844.0,"Solvang-Santa Ynez CCD, Santa Barbara County, California",083,93065,06
609.0,19.0,18.0,39.0,29.0,14.0,0.0,63.0,8.0,77.0,45.0,92.0,80.0,66.0,40.0,0.0,19.0,"North Mono CCD, Mono County, California",051,92195,06
3294.0,62.0,72.0,61.0,64.0,92.0,168.0,160.0,169.0,131.0,351.0,366.0,588.0,336.0,321.0,206.0,147.0,"Mammoth Lakes CCD, Mono County, California",051,91865,06
1180.0,119.0,160.0,51.0,31.0,61.0,79.0,54.0,32.0,97.0,102.0,78.0,207.0,49.0,0.0,17.0,43.0,"Borrego Springs CCD, San Diego County, California",073,90258,06
41.0,0.0,0.0,10.0,0.0,0.0,0.0,0.0,0.0,0.0,0.0,0.0,31.0,0.0,0.0,0.0,0.0,"Feather River Canyon CCD, Plumas County, California",063,90975,06
397.0,26.0,0.0,13.0,19.0,0.0,0.0,39.0,19.0,46.0,0.0,28.0,51.0,99.0,6.0,35.0,16.0,"Yosemite Valley CCD, Mariposa County, California",043,93804,06
488.0,10.0,8.0,17.0,0.0,79.0,17.0,2.0,15.0,0.0,47.0,83.0,70.0,10.0,8.0,89.0,33.0,"Big Sur CCD, Monterey County, California",053,90235,06
6182.0,291.0,199.0,236.0,149.0,301.0,68.0,106.0,181.0,201.0,302.0,401.0,768.0,560.0,511.0,551.0,1357.0,"Carmel-by-the-Sea CCD, Monterey County, California",053,90362,06
4910.0,101.0,0.0,112.0,417.0,337.0,479.0,612.0,617.0,194.0,485.0,579.0,293.0,494.0,121.0,69.0,0.0,"Camp Pendleton CCD, San Diego County, California",073,90355,06
51786.0,3205.0,3645.0,3179.0,3119.0,2927.0,2664.0,2961.0,2600.0,2392.0,3806.0,5682.0,5874.0,3428.0,2112.0,2479.0,1713.0,"Redding CCD, Shasta County, California",089,92568,06
3082.0,19.0,33.0,34.0,50.0,94.0,45.0,19.0,104.0,52.0,86.0,174.0,343.0,312.0,378.0,453.0,886.0,"Toro Park CCD, Monterey County, California",053,93372,06
21329.0,728.0,586.0,538.0,756.0,609.0,757.0,782.0,673.0,639.0,1156.0,1920.0,3199.0,2687.0,1908.0,2332.0,2059.0,"Lincoln CCD, Placer County, California",061,91605,06
10178.0,512.0,831.0,526.0,445.0,407.0,391.0,335.0,364.0,376.0,868.0,927.0,1112.0,990.0,667.0,780.0,647.0,"East Yolo CCD, Yolo County, California",113,90850,06
10928.0,392.0,615.0,406.0,426.0,295.0,464.0,433.0,233.0,326.0,728.0,1308.0,1376.0,1277.0,868.0,1074.0,707.0,"Woodland CCD, Yolo County, California",113,93790,06
16393.0,856.0,1415.0,815.0,1043.0,1109.0,872.0,734.0,1037.0,600.0,1498.0,2083.0,1936.0,966.0,667.0,373.0,389.0,"Eureka CCD, Humboldt County, California",023,90930,06
4573.0,361.0,506.0,281.0,283.0,434.0,258.0,344.0,212.0,103.0,414.0,467.0,408.0,262.0,98.0,49.0,93.0,"Garberville CCD, Humboldt County, California",023,91100,06
5741.0,329.0,312.0,392.0,286.0,347.0,317.0,360.0,204.0,436.0,635.0,556.0,748.0,302.0,240.0,146.0,131.0,"Fortuna CCD, Humboldt County, California",023,91050,06
7528.0,405.0,328.0,291.0,381.0,327.0,494.0,547.0,247.0,326.0,701.0,703.0,1148.0,482.0,402.0,329.0,417.0,"North Coastal CCD, Humboldt County, California",023,92170,06
7907.0,912.0,672.0,529.0,553.0,494.0,511.0,312.0,378.0,297.0,477.0,546.0,839.0,443.0,379.0,326.0,239.0,"Arcata CCD, Humboldt County, California",023,90100,06
1233.0,88.0,93.0,60.0,74.0,41.0,94.0,69.0,56.0,58.0,73.0,145.0,143.0,56.0,73.0,52.0,58.0,"Ferndale CCD, Humboldt County, California",023,90980,06
24997.0,1312.0,1215.0,1150.0,1489.0,1455.0,1136.0,1084.0,1279.0,1157.0,1957.0,2590.0,2723.0,2374.0,1353.0,1486.0,1237.0,"Grass Valley CCD, Nevada County, California",057,91140,06
5501.0,213.0,193.0,49.0,142.0,79.0,217.0,54.0,142.0,150.0,321.0,642.0,731.0,724.0,529.0,546.0,769.0,"Donner CCD, Nevada County, California",057,90710,06
5759.0,242.0,347.0,249.0,311.0,338.0,209.0,273.0,255.0,238.0,497.0,479.0,810.0,492.0,204.0,371.0,444.0,"Nevada City CCD, Nevada County, California",057,92090,06
245.0,5.0,24.0,1.0,9.0,9.0,2.0,12.0,5.0,5.0,14.0,57.0,20.0,33.0,19.0,4.0,26.0,"Markleeville CCD, Alpine County, California",003,91890,06
2374.0,118.0,180.0,97.0,157.0,199.0,172.0,73.0,104.0,175.0,133.0,147.0,384.0,233.0,62.0,39.0,101.0,"Chowchilla CCD, Madera County, California",039,90480,06
112.0,0.0,5.0,0.0,10.0,0.0,5.0,0.0,8.0,0.0,3.0,19.0,6.0,10.0,22.0,15.0,9.0,"Madera West CCD, Madera County, California",039,91850,06
4837.0,291.0,348.0,149.0,463.0,161.0,251.0,179.0,246.0,213.0,340.0,665.0,533.0,325.0,240.0,256.0,177.0,"Oakhurst-North Fork CCD, Madera County, California",039,92220,06
7856.0,313.0,381.0,344.0,280.0,442.0,295.0,446.0,363.0,239.0,535.0,722.0,1061.0,819.0,657.0,567.0,392.0,"Madera CCD, Madera County, California",039,91830,06
869.0,56.0,15.0,0.0,71.0,45.0,6.0,24.0,43.0,12.0,42.0,92.0,159.0,78.0,49.0,75.0,102.0,"Madera Southeast CCD, Madera County, California",039,91840,06
1489.0,60.0,83.0,47.0,106.0,123.0,98.0,47.0,41.0,111.0,107.0,174.0,214.0,96.0,53.0,95.0,34.0,"Point Arena CCD, Mendocino County, California",045,92510,06
3768.0,190.0,457.0,230.0,177.0,230.0,226.0,183.0,162.0,137.0,242.0,420.0,490.0,188.0,169.0,185.0,82.0,"Fort Bragg CCD, Mendocino County, California",045,91030,06
1392.0,112.0,195.0,38.0,74.0,54.0,158.0,60.0,53.0,53.0,165.0,103.0,180.0,51.0,29.0,0.0,67.0,"Laytonville-Leggett CCD, Mendocino County, California",045,91580,06
644.0,32.0,22.0,24.0,45.0,39.0,11.0,77.0,27.0,0.0,20.0,74.0,131.0,31.0,18.0,60.0,33.0,"Hopland CCD, Mendocino County, California",045,91330,06
6600.0,433.0,447.0,456.0,314.0,303.0,293.0,350.0,260.0,202.0,453.0,831.0,531.0,652.0,346.0,333.0,396.0,"Ukiah CCD, Mendocino County, California",045,93490,06
4621.0,469.0,380.0,406.0,339.0,182.0,442.0,84.0,160.0,286.0,315.0,592.0,464.0,270.0,73.0,105.0,54.0,"Willits CCD, Mendocino County, California",045,93740,06
525.0,43.0,35.0,62.0,50.0,17.0,35.0,35.0,68.0,24.0,44.0,17.0,39.0,24.0,12.0,5.0,15.0,"Covelo CCD, Mendocino County, California",045,90610,06
48619.0,2730.0,1958.0,1559.0,1822.0,1768.0,1641.0,1295.0,1628.0,1292.0,2844.0,4041.0,6423.0,4732.0,3225.0,4848.0,6813.0,"Santa Cruz CCD, Santa Cruz County, California",087,92900,06
7770.0,222.0,415.0,251.0,389.0,304.0,286.0,269.0,276.0,188.0,549.0,739.0,988.0,800.0,638.0,606.0,850.0,"Watsonville CCD, Santa Cruz County, California",087,93590,06
8428.0,420.0,357.0,222.0,299.0,252.0,243.0,217.0,324.0,152.0,549.0,512.0,1139.0,971.0,631.0,869.0,1271.0,"San Lorenzo Valley CCD, Santa Cruz County, California",087,92850,06
1065.0,159.0,63.0,157.0,67.0,25.0,70.0,12.0,16.0,65.0,22.0,107.0,189.0,72.0,0.0,35.0,6.0,"Hayfork CCD, Trinity County, California",105,91250,06
2604.0,166.0,231.0,166.0,278.0,48.0,271.0,86.0,255.0,83.0,114.0,270.0,210.0,189.0,65.0,126.0,46.0,"Weaverville CCD, Trinity County, California",105,93595,06
21049.0,866.0,432.0,371.0,378.0,434.0,445.0,396.0,535.0,414.0,1000.0,1591.0,1903.0,2116.0,1633.0,2347.0,6188.0,"Palos Verdes CCD, Los Angeles County, California",037,92360,06
7516.0,331.0,314.0,407.0,346.0,244.0,319.0,368.0,370.0,308.0,418.0,787.0,982.0,770.0,456.0,511.0,585.0,"Colfax-Monumental Ridge CCD, Placer County, California",061,90548,06
306.0,51.0,50.0,15.0,9.0,39.0,6.0,16.0,15.0,21.0,26.0,25.0,23.0,6.0,0.0,4.0,0.0,"Mad River CCD, Trinity County, California",105,91860,06
47898.0,1113.0,1134.0,1043.0,1044.0,1359.0,1265.0,1071.0,1426.0,1083.0,2669.0,3983.0,6956.0,5779.0,5089.0,5996.0,6888.0,"Newhall CCD, Los Angeles County, California",037,92110,06
22141.0,1229.0,989.0,1001.0,1013.0,936.0,847.0,841.0,903.0,789.0,1865.0,2454.0,2888.0,2320.0,1427.0,1405.0,1234.0,"Downey-Norwalk CCD, Los Angeles County, California",037,90730,06
24667.0,1130.0,1017.0,945.0,1035.0,822.0,861.0,888.0,676.0,957.0,1933.0,2195.0,3370.0,2575.0,1864.0,2091.0,2308.0,"Whittier CCD, Los Angeles County, California",037,93730,06
42707.0,1228.0,881.0,700.0,954.0,1095.0,923.0,798.0,799.0,718.0,2128.0,3162.0,4792.0,4424.0,3377.0,5662.0,11066.0,"South Bay Cities CCD, Los Angeles County, California",037,93100,06
26987.0,2354.0,1489.0,935.0,1028.0,1076.0,1062.0,962.0,1086.0,1114.0,2138.0,2804.0,3828.0,2654.0,1297.0,1846.0,1314.0,"North Antelope Valley CCD, Los Angeles County, California",037,92140,06
26069.0,1117.0,725.0,894.0,1012.0,788.0,885.0,785.0,740.0,776.0,1480.0,2048.0,3541.0,2751.0,2313.0,2626.0,3588.0,"Torrance CCD, Los Angeles County, California",037,93380,06
10163.0,530.0,579.0,610.0,533.0,469.0,522.0,406.0,437.0,352.0,745.0,768.0,961.0,1079.0,611.0,768.0,793.0,"Southwest San Gabriel Valley CCD, Los Angeles County, California",037,93200,06
24918.0,902.0,920.0,975.0,1025.0,1071.0,1068.0,867.0,875.0,794.0,1713.0,2473.0,2841.0,2565.0,1644.0,2059.0,3126.0,"Upper San Gabriel Valley CCD, Los Angeles County, California",037,93510,06
79058.0,4183.0,3119.0,2888.0,3011.0,2743.0,2788.0,2504.0,2667.0,2671.0,4765.0,7236.0,10578.0,8739.0,5772.0,7123.0,8271.0,"Long Beach-Lakewood CCD, Los Angeles County, California",037,91730,06
329877.0,21780.0,15377.0,10752.0,11836.0,10261.0,10698.0,9051.0,10289.0,8820.0,19030.0,26628.0,36744.0,30711.0,20988.0,28830.0,58082.0,"Los Angeles CCD, Los Angeles County, California",037,91750,06
48563.0,2332.0,1609.0,1182.0,1252.0,1425.0,1104.0,997.0,911.0,1131.0,2458.0,3788.0,5733.0,4620.0,3674.0,5606.0,10741.0,"Pasadena CCD, Los Angeles County, California",037,92400,06
5604.0,430.0,172.0,208.0,300.0,295.0,222.0,195.0,259.0,373.0,457.0,444.0,714.0,457.0,391.0,467.0,220.0,"Compton CCD, Los Angeles County, California",037,90560,06
68256.0,2678.0,2123.0,2441.0,2948.0,2995.0,2181.0,2335.0,2502.0,2362.0,4253.0,6052.0,8806.0,7974.0,5841.0,6626.0,6139.0,"East San Gabriel Valley CCD, Los Angeles County, California",037,90810,06
33407.0,1543.0,1955.0,1230.0,1019.0,857.0,957.0,869.0,789.0,835.0,1827.0,2231.0,3557.0,3693.0,2805.0,3251.0,5989.0,"Santa Monica CCD, Los Angeles County, California",037,92920,06
24806.0,1128.0,1036.0,824.0,993.0,1031.0,853.0,1037.0,761.0,774.0,1536.0,2126.0,3294.0,2349.0,2167.0,2393.0,2504.0,"South Antelope Valley CCD, Los Angeles County, California",037,93090,06
13090.0,681.0,660.0,517.0,573.0,725.0,536.0,326.0,542.0,516.0,1055.0,1187.0,1551.0,1231.0,932.0,913.0,1145.0,"Inglewood CCD, Los Angeles County, California",037,91400,06
24481.0,1002.0,740.0,703.0,598.0,671.0,704.0,858.0,939.0,546.0,1472.0,2277.0,3003.0,3289.0,2691.0,2713.0,2275.0,"Corona CCD, Riverside County, California",065,90590,06
22915.0,1376.0,637.0,841.0,760.0,942.0,1420.0,885.0,1043.0,854.0,1661.0,1925.0,3073.0,2127.0,1464.0,1882.0,2025.0,"Coachella Valley CCD, Riverside County, California",065,90520,06
3806.0,332.0,170.0,209.0,157.0,176.0,162.0,172.0,213.0,194.0,191.0,473.0,388.0,402.0,160.0,291.0,116.0,"Idyllwild CCD, Riverside County, California",065,91370,06
57433.0,1444.0,1271.0,1329.0,1518.0,1884.0,1611.0,2146.0,1623.0,1490.0,3913.0,5362.0,8570.0,7486.0,5473.0,6772.0,5541.0,"Murrieta CCD, Riverside County, California",065,92060,06
43383.0,2903.0,1720.0,2141.0,2592.0,2136.0,1787.0,1723.0,1537.0,1418.0,3087.0,4282.0,4401.0,3739.0,2255.0,2898.0,4764.0,"Cathedral City-Palm Desert CCD, Riverside County, California",065,90410,06
9583.0,881.0,937.0,653.0,955.0,639.0,405.0,673.0,483.0,384.0,714.0,977.0,801.0,478.0,276.0,224.0,103.0,"Desert Hot Springs CCD, Riverside County, California",065,90670,06
29509.0,2165.0,2354.0,2394.0,1859.0,1710.0,1918.0,1571.0,1967.0,1289.0,2215.0,2911.0,2743.0,1807.0,1108.0,958.0,540.0,"Hemet-San Jacinto CCD, Riverside County, California",065,91280,06
48941.0,2010.0,1592.0,1578.0,1966.0,1573.0,1931.0,1745.0,1735.0,1667.0,3363.0,5412.0,7746.0,5190.0,3760.0,4221.0,3452.0,"Riverside CCD, Riverside County, California",065,92640,06
3164.0,93.0,69.0,59.0,137.0,72.0,124.0,116.0,114.0,94.0,127.0,258.0,306.0,715.0,200.0,389.0,291.0,"Lake Mathews CCD, Riverside County, California",065,91530,06
18589.0,1264.0,864.0,846.0,910.0,873.0,960.0,944.0,823.0,906.0,1295.0,1954.0,1984.0,1886.0,1109.0,1087.0,884.0,"San Gorgonio Pass CCD, Riverside County, California",065,92810,06
11917.0,428.0,411.0,340.0,585.0,481.0,346.0,410.0,321.0,373.0,664.0,1072.0,1655.0,1600.0,987.0,1303.0,941.0,"Jurupa CCD, Riverside County, California",065,91450,06
17121.0,1200.0,1113.0,1011.0,1152.0,972.0,736.0,617.0,808.0,517.0,1420.0,1440.0,1781.0,1136.0,891.0,978.0,1349.0,"Palm Springs CCD, Riverside County, California",065,92340,06
18039.0,876.0,541.0,520.0,670.0,577.0,655.0,565.0,788.0,675.0,1142.0,1562.0,2742.0,2030.0,1868.0,1681.0,1147.0,"Elsinore Valley CCD, Riverside County, California",065,90880,06
4663.0,100.0,139.0,156.0,117.0,60.0,121.0,162.0,69.0,99.0,424.0,333.0,609.0,733.0,412.0,534.0,595.0,"Norco CCD, Riverside County, California",065,92130,06
32406.0,1417.0,1356.0,1495.0,1597.0,1448.0,1537.0,1598.0,1386.0,1347.0,2660.0,3414.0,4657.0,3105.0,1834.0,2258.0,1297.0,"Perris Valley CCD, Riverside County, California",065,92450,06
63191.0,3420.0,2968.0,2687.0,2836.0,2753.0,2548.0,2565.0,3340.0,2609.0,5060.0,6430.0,7926.0,6392.0,3780.0,4418.0,3459.0,"San Bernardino CCD, San Bernardino County, California",071,92770,06
8633.0,647.0,558.0,459.0,415.0,460.0,516.0,405.0,446.0,423.0,606.0,853.0,937.0,754.0,418.0,439.0,297.0,"Big Bear CCD, San Bernardino County, California",071,90220,06
12495.0,815.0,904.0,632.0,576.0,640.0,428.0,372.0,545.0,413.0,1090.0,1435.0,1362.0,1032.0,764.0,715.0,772.0,"Yucaipa CCD, San Bernardino County, California",071,93850,06
70295.0,2652.0,1875.0,2273.0,2261.0,2136.0,2060.0,2368.0,2079.0,2322.0,4694.0,7410.0,10006.0,8482.0,5792.0,7302.0,6583.0,"Ontario CCD, San Bernardino County, California",071,92260,06
1987.0,172.0,64.0,65.0,177.0,79.0,57.0,68.0,79.0,57.0,118.0,184.0,255.0,151.0,140.0,141.0,180.0,"Mount Baldy-Wrightwood CCD, San Bernardino County, California",071,92040,06
2003.0,166.0,341.0,205.0,169.0,69.0,131.0,90.0,110.0,40.0,175.0,118.0,148.0,134.0,70.0,28.0,9.0,"Needles CCD, San Bernardino County, California",071,92080,06
1185.0,22.0,34.0,0.0,9.0,11.0,10.0,51.0,17.0,23.0,71.0,93.0,105.0,90.0,73.0,170.0,406.0,"Llagas-Uvas CCD, Santa Clara County, California",085,91680,06
242596.0,7319.0,6082.0,5605.0,5784.0,5402.0,5699.0,5732.0,5842.0,5114.0,11203.0,15954.0,24468.0,23852.0,19558.0,32518.0,62464.0,"San Jose CCD, Santa Clara County, California",085,92830,06
2004.0,22.0,8.0,34.0,24.0,48.0,21.0,25.0,46.0,9.0,86.0,113.0,174.0,103.0,103.0,188.0,1000.0,"West Santa Clara CCD, Santa Clara County, California",085,93660,06
348.0,23.0,9.0,0.0,0.0,6.0,25.0,19.0,5.0,0.0,27.0,4.0,67.0,50.0,40.0,33.0,40.0,"Diablo Range CCD, Santa Clara County, California",085,90680,06
20651.0,672.0,425.0,543.0,718.0,318.0,560.0,609.0,322.0,387.0,735.0,1209.0,2155.0,1809.0,1680.0,2308.0,6201.0,"Ross Valley CCD, Marin County, California",041,92670,06
20521.0,492.0,423.0,266.0,431.0,324.0,365.0,387.0,403.0,462.0,825.0,1081.0,1786.0,1953.0,1539.0,2342.0,7442.0,"Southeast Marin CCD, Marin County, California",041,93140,06
3418.0,108.0,167.0,105.0,120.0,216.0,96.0,38.0,87.0,167.0,192.0,282.0,381.0,371.0,288.0,289.0,511.0,"Northwest Marin CCD, Marin County, California",041,92200,06
20149.0,619.0,578.0,558.0,595.0,520.0,602.0,449.0,614.0,277.0,1124.0,1170.0,2190.0,2263.0,1436.0,2248.0,4906.0,"San Rafael CCD, Marin County, California",041,92880,06
16099.0,679.0,720.0,823.0,503.0,871.0,640.0,509.0,667.0,532.0,1244.0,1425.0,2132.0,1587.0,1002.0,1421.0,1344.0,"Auburn CCD, Placer County, California",061,90160,06
34952.0,1415.0,964.0,1048.0,1088.0,1150.0,1175.0,1108.0,1148.0,875.0,2431.0,3739.0,4994.0,3899.0,2952.0,3796.0,3170.0,"Roseville CCD, Placer County, California",061,92660,06
2522.0,197.0,138.0,92.0,67.0,14.0,50.0,88.0,60.0,63.0,189.0,194.0,380.0,385.0,314.0,193.0,98.0,"Foresthill-Back Country CCD, Placer County, California",061,91020,06
2949.0,151.0,138.0,122.0,139.0,114.0,54.0,161.0,169.0,186.0,266.0,396.0,237.0,195.0,263.0,176.0,182.0,"Lake Tahoe CCD, Placer County, California",061,91550,06
1195.0,52.0,74.0,39.0,78.0,80.0,84.0,68.0,63.0,101.0,60.0,193.0,215.0,34.0,11.0,36.0,7.0,"Etna CCD, Siskiyou County, California",093,90920,06
