B19001H_001E,B19001H_002E,B19001H_003E,B19001H_004E,B19001H_005E,B19001H_006E,B19001H_007E,B19001H_008E,B19001H_009E,B19001H_010E,B19001H_011E,B19001H_012E,B19001H_013E,B19001H_014E,B19001H_015E,B19001H_016E,B19001H_017E,name,county,county subdivision,state
7347.0,118.0,208.0,170.0,100.0,201.0,154.0,157.0,250.0,214.0,413.0,597.0,1160.0,905.0,741.0,958.0,1001.0,"Elizabeth CCD, Elbert County, Colorado",039,91190,08
216.0,6.0,9.0,15.0,0.0,4.0,6.0,8.0,17.0,5.0,13.0,43.0,22.0,18.0,29.0,7.0,14.0,"Agate CCD, Elbert County, Colorado",039,90019,08
137.0,1.0,3.0,10.0,5.0,12.0,20.0,3.0,0.0,11.0,29.0,8.0,13.0,4.0,4.0,4.0,10.0,"Kim CCD, Las Animas County, Colorado",071,91976,08
602.0,13.0,19.0,37.0,30.0,29.0,36.0,36.0,33.0,31.0,59.0,73.0,77.0,35.0,13.0,31.0,50.0,"Simla CCD, Elbert County, Colorado",039,93325,08
59.0,0.0,0.0,0.0,0.0,10.0,0.0,8.0,0.0,0.0,20.0,8.0,0.0,8.0,0.0,0.0,5.0,"Model CCD, Las Animas County, Colorado",071,92508,08
74.0,2.0,5.0,1.0,7.0,2.0,1.0,12.0,3.0,1.0,3.0,14.0,18.0,4.0,0.0,1.0,0.0,"Branson CCD, Las Animas County, Colorado",071,90361,08
286.0,10.0,18.0,26.0,12.0,18.0,11.0,19.0,16.0,26.0,23.0,32.0,36.0,3.0,23.0,4.0,9.0,"Aguilar CCD, Las Animas County, Colorado",071,90038,08
437.0,56.0,24.0,14.0,31.0,13.0,12.0,26.0,6.0,19.0,47.0,38.0,27.0,42.0,10.0,49.0,23.0,"Weston CCD, Las Animas County, Colorado",071,93838,08
2636.0,171.0,63.0,219.0,211.0,73.0,285.0,151.0,103.0,170.0,356.0,240.0,240.0,171.0,74.0,52.0,57.0,"Trinidad CCD, Las Animas County, Colorado",071,93648,08
1726.0,75.0,131.0,58.0,51.0,87.0,94.0,89.0,144.0,203.0,208.0,133.0,229.0,120.0,60.0,25.0,19.0,"Yuma CCD, Yuma County, Colorado",125,93952,08
1353.0,89.0,84.0,77.0,37.0,73.0,82.0,100.0,87.0,87.0,150.0,57.0,141.0,141.0,34.0,51.0,63.0,"Wray CCD, Yuma County, Colorado",125,93914,08
362.0,34.0,24.0,7.0,40.0,14.0,12.0,25.0,34.0,21.0,23.0,41.0,40.0,28.0,8.0,7.0,4.0,"Hugo CCD, Lincoln County, Colorado",073,91824,08
310.0,5.0,30.0,7.0,9.0,3.0,29.0,44.0,7.0,22.0,26.0,24.0,44.0,19.0,23.0,4.0,14.0,"Yampa CCD, Routt County, Colorado",107,93933,08
963.0,58.0,50.0,48.0,42.0,43.0,39.0,36.0,49.0,38.0,64.0,107.0,177.0,106.0,74.0,11.0,21.0,"Hayden CCD, Routt County, Colorado",107,91729,08
6316.0,291.0,201.0,307.0,180.0,296.0,231.0,204.0,225.0,238.0,357.0,723.0,991.0,622.0,350.0,412.0,688.0,"Steamboat Springs CCD, Routt County, Colorado",107,93496,08
1423.0,40.0,51.0,82.0,136.0,44.0,38.0,60.0,91.0,69.0,122.0,225.0,141.0,97.0,80.0,95.0,52.0,"Oak Creek CCD, Routt County, Colorado",107,92717,08
2992.0,190.0,139.0,72.0,32.0,144.0,350.0,16.0,110.0,132.0,147.0,327.0,358.0,371.0,61.0,183.0,360.0,"Silverthorne CCD, Summit County, Colorado",117,93287,08
5445.0,161.0,133.0,105.0,73.0,219.0,232.0,193.0,179.0,195.0,574.0,575.0,889.0,696.0,508.0,376.0,337.0,"Breckenridge CCD, Summit County, Colorado",117,90380,08
157.0,18.0,13.0,9.0,6.0,4.0,14.0,7.0,0.0,3.0,5.0,34.0,29.0,6.0,0.0,6.0,3.0,"Arriba CCD, Lincoln County, Colorado",073,90133,08
155.0,12.0,3.0,4.0,12.0,15.0,20.0,4.0,16.0,7.0,11.0,17.0,16.0,13.0,1.0,2.0,2.0,"Karval CCD, Lincoln County, Colorado",073,91919,08
680.0,39.0,65.0,16.0,62.0,59.0,39.0,13.0,23.0,37.0,21.0,115.0,65.0,35.0,49.0,18.0,24.0,"Limon CCD, Lincoln County, Colorado",073,92261,08
2922.0,153.0,63.0,57.0,57.0,87.0,147.0,114.0,144.0,101.0,264.0,332.0,324.0,403.0,244.0,268.0,164.0,"Idaho Springs CCD, Clear Creek County, Colorado",019,91843,08
1192.0,44.0,59.0,38.0,58.0,14.0,82.0,28.0,100.0,108.0,73.0,133.0,147.0,129.0,55.0,93.0,31.0,"Georgetown CCD, Clear Creek County, Colorado",019,91463,08
329.0,31.0,3.0,16.0,35.0,20.0,19.0,12.0,7.0,29.0,28.0,41.0,52.0,18.0,10.0,1.0,7.0,"Mosca-Hooper CCD, Alamosa County, Colorado",003,92584,08
2805.0,417.0,143.0,144.0,147.0,143.0,166.0,109.0,157.0,143.0,207.0,335.0,280.0,169.0,64.0,100.0,81.0,"Alamosa CCD, Alamosa County, Colorado",003,90076,08
4471.0,383.0,391.0,229.0,303.0,248.0,250.0,325.0,105.0,185.0,451.0,497.0,459.0,285.0,146.0,153.0,61.0,"Delta CCD, Delta County, Colorado",029,90988,08
1385.0,95.0,75.0,67.0,111.0,87.0,117.0,132.0,30.0,112.0,54.0,136.0,129.0,74.0,38.0,33.0,95.0,"Paonia CCD, Delta County, Colorado",029,92831,08
3062.0,236.0,223.0,262.0,97.0,264.0,129.0,147.0,254.0,128.0,339.0,311.0,278.0,100.0,94.0,57.0,143.0,"Cedaredge CCD, Delta County, Colorado",029,90532,08
1799.0,54.0,194.0,100.0,92.0,123.0,82.0,106.0,60.0,78.0,168.0,143.0,200.0,200.0,96.0,27.0,76.0,"Hotchkiss CCD, Delta County, Colorado",029,91786,08
1603.0,83.0,142.0,90.0,83.0,72.0,100.0,64.0,106.0,38.0,116.0,245.0,174.0,141.0,25.0,73.0,51.0,"Cotopaxi CCD, Fremont County, Colorado",043,90836,08
1547.0,71.0,139.0,63.0,64.0,47.0,27.0,147.0,83.0,61.0,78.0,195.0,263.0,131.0,37.0,64.0,77.0,"Penrose-Portland CCD, Fremont County, Colorado",043,92888,08
2372.0,149.0,141.0,204.0,230.0,134.0,128.0,132.0,155.0,140.0,172.0,301.0,270.0,78.0,83.0,34.0,21.0,"Florence CCD, Fremont County, Colorado",043,91311,08
23326.0,2277.0,1671.0,1790.0,1376.0,1637.0,1714.0,1329.0,1387.0,861.0,1458.0,2092.0,2315.0,1352.0,687.0,815.0,565.0,"Pueblo CCD, Pueblo County, Colorado",101,92983,08
1500.0,82.0,23.0,56.0,83.0,107.0,48.0,99.0,88.0,29.0,170.0,100.0,298.0,121.0,102.0,29.0,65.0,"Colorado City-Rye CCD, Pueblo County, Colorado",101,90722,08
259.0,25.0,0.0,26.0,10.0,14.0,22.0,0.0,48.0,5.0,13.0,19.0,34.0,17.0,17.0,9.0,0.0,"Huerfano Valley CCD, Pueblo County, Colorado",101,91805,08
2249.0,156.0,102.0,71.0,72.0,102.0,78.0,83.0,117.0,93.0,154.0,268.0,321.0,317.0,131.0,76.0,108.0,"St. Charles Mesa CCD, Pueblo County, Colorado",101,93154,08
8657.0,368.0,204.0,209.0,368.0,358.0,324.0,373.0,438.0,312.0,841.0,1133.0,1446.0,1112.0,468.0,510.0,193.0,"Pueblo West CCD, Pueblo County, Colorado",101,93002,08
659.0,51.0,34.0,60.0,0.0,8.0,19.0,0.0,47.0,8.0,82.0,102.0,88.0,92.0,43.0,18.0,7.0,"Avondale CCD, Pueblo County, Colorado",101,90209,08
174.0,6.0,13.0,15.0,17.0,9.0,14.0,1.0,3.0,16.0,8.0,28.0,11.0,17.0,2.0,10.0,4.0,"Northeast Pueblo CCD, Pueblo County, Colorado",101,92660,08
10955.0,692.0,686.0,715.0,889.0,599.0,523.0,568.0,722.0,295.0,905.0,980.0,1634.0,984.0,304.0,278.0,181.0,"Montrose CCD, Montrose County, Colorado",085,92546,08
1035.0,60.0,74.0,83.0,80.0,38.0,68.0,59.0,42.0,85.0,109.0,103.0,95.0,67.0,38.0,15.0,19.0,"Nucla CCD, Montrose County, Colorado",085,92698,08
2038.0,138.0,111.0,185.0,107.0,96.0,158.0,88.0,120.0,73.0,166.0,196.0,289.0,193.0,58.0,34.0,26.0,"Olathe CCD, Montrose County, Colorado",085,92736,08
336.0,6.0,25.0,18.0,12.0,34.0,26.0,11.0,22.0,6.0,28.0,42.0,47.0,22.0,24.0,3.0,10.0,"Weldona CCD, Morgan County, Colorado",087,93781,08
2374.0,167.0,130.0,49.0,173.0,133.0,112.0,69.0,134.0,56.0,241.0,349.0,365.0,164.0,83.0,79.0,70.0,"Brush CCD, Morgan County, Colorado",087,90418,08
3683.0,124.0,198.0,121.0,249.0,145.0,291.0,178.0,149.0,210.0,352.0,412.0,580.0,291.0,195.0,111.0,77.0,"Fort Morgan CCD, Morgan County, Colorado",087,91368,08
978.0,45.0,31.0,25.0,79.0,56.0,46.0,61.0,44.0,34.0,158.0,80.0,131.0,85.0,61.0,13.0,29.0,"Wiggins CCD, Morgan County, Colorado",087,93876,08
5676.0,141.0,203.0,353.0,168.0,231.0,274.0,117.0,498.0,281.0,453.0,616.0,596.0,799.0,551.0,267.0,128.0,"Fairplay CCD, Park County, Colorado",093,91254,08
1093.0,81.0,30.0,113.0,91.0,39.0,72.0,91.0,10.0,49.0,17.0,81.0,165.0,152.0,50.0,45.0,7.0,"Lake George CCD, Park County, Colorado",093,92128,08
350.0,28.0,20.0,7.0,19.0,16.0,33.0,13.0,26.0,0.0,24.0,11.0,31.0,67.0,10.0,0.0,45.0,"Center CCD, Saguache County, Colorado",109,90551,08
78.0,14.0,13.0,0.0,0.0,0.0,0.0,0.0,0.0,0.0,51.0,0.0,0.0,0.0,0.0,0.0,0.0,"Cochetopa CCD, Saguache County, Colorado",109,90684,08
1353.0,170.0,125.0,121.0,110.0,99.0,81.0,35.0,118.0,46.0,111.0,82.0,110.0,60.0,44.0,18.0,23.0,"Saguache CCD, Saguache County, Colorado",109,93135,08
8329.0,376.0,285.0,589.0,287.0,388.0,406.0,392.0,296.0,366.0,626.0,1126.0,981.0,714.0,642.0,467.0,388.0,"Fruita CCD, Mesa County, Colorado",077,91425,08
9604.0,873.0,600.0,551.0,843.0,279.0,575.0,597.0,428.0,330.0,863.0,924.0,1170.0,572.0,341.0,437.0,221.0,"Clifton CCD, Mesa County, Colorado",077,90665,08
30392.0,2338.0,1465.0,1743.0,1825.0,1382.0,1584.0,1313.0,1456.0,1451.0,2837.0,3187.0,3976.0,2766.0,1087.0,1078.0,904.0,"Grand Junction CCD, Mesa County, Colorado",077,91596,08
301.0,16.0,12.0,19.0,18.0,5.0,12.0,36.0,9.0,17.0,13.0,33.0,31.0,51.0,10.0,11.0,8.0,"De Beque CCD, Mesa County, Colorado",077,90950,08
776.0,20.0,14.0,88.0,25.0,24.0,27.0,15.0,28.0,42.0,43.0,124.0,104.0,102.0,41.0,43.0,36.0,"Collbran CCD, Mesa County, Colorado",077,90703,08
1008.0,0.0,11.0,11.0,37.0,0.0,42.0,51.0,32.0,29.0,44.0,213.0,201.0,136.0,41.0,87.0,73.0,"Glade Park-Gateway CCD, Mesa County, Colorado",077,91501,08
135.0,13.0,0.0,12.0,11.0,4.0,8.0,7.0,8.0,0.0,10.0,13.0,33.0,13.0,2.0,1.0,0.0,"Granada CCD, Prowers County, Colorado",099,91558,08
2814.0,291.0,134.0,69.0,222.0,97.0,173.0,223.0,98.0,151.0,294.0,195.0,336.0,255.0,173.0,79.0,24.0,"Lamar CCD, Prowers County, Colorado",099,92147,08
87.0,3.0,5.0,8.0,8.0,0.0,19.0,2.0,0.0,0.0,9.0,0.0,9.0,0.0,12.0,0.0,12.0,"Two Butte Creek CCD, Prowers County, Colorado",099,93667,08
17740.0,622.0,453.0,449.0,838.0,563.0,1002.0,1061.0,563.0,1082.0,2071.0,2746.0,2822.0,1630.0,1012.0,516.0,310.0,"Fountain CCD, El Paso County, Colorado",041,91387,08
331.0,19.0,30.0,41.0,13.0,13.0,12.0,16.0,30.0,18.0,18.0,47.0,46.0,12.0,10.0,0.0,6.0,"Holly CCD, Prowers County, Colorado",099,91748,08
351.0,21.0,7.0,13.0,31.0,24.0,15.0,20.0,20.0,20.0,41.0,40.0,32.0,32.0,16.0,8.0,11.0,"Lake City CCD, Hinsdale County, Colorado",053,92109,08
17723.0,435.0,337.0,339.0,159.0,513.0,575.0,609.0,716.0,735.0,1747.0,2220.0,3011.0,2440.0,1642.0,1704.0,541.0,"Elsmere CCD, El Paso County, Colorado",041,91197,08
1503.0,79.0,34.0,49.0,54.0,77.0,50.0,113.0,71.0,32.0,76.0,145.0,111.0,170.0,115.0,177.0,150.0,"Pikes Peak CCD, El Paso County, Colorado",041,92907,08
3506.0,47.0,84.0,33.0,92.0,18.0,174.0,61.0,85.0,155.0,220.0,434.0,403.0,449.0,200.0,442.0,609.0,"Cheyenne Mountain CCD, El Paso County, Colorado",041,90627,08
215.0,11.0,9.0,17.0,13.0,0.0,13.0,10.0,27.0,11.0,7.0,27.0,29.0,13.0,12.0,4.0,12.0,"Cope CCD, Washington County, Colorado",121,90798,08
4388.0,164.0,123.0,130.0,211.0,129.0,263.0,111.0,197.0,205.0,384.0,689.0,743.0,505.0,197.0,219.0,118.0,"Southeastern El Paso CCD, El Paso County, Colorado",041,93420,08
23035.0,654.0,270.0,445.0,403.0,479.0,326.0,576.0,366.0,511.0,968.0,1539.0,2973.0,3210.0,2782.0,3732.0,3801.0,"Black Forest-Peyton CCD, El Paso County, Colorado",041,90304,08
116913.0,6059.0,4837.0,4929.0,5525.0,5221.0,5986.0,5920.0,5465.0,4873.0,10067.0,12545.0,15724.0,10609.0,6674.0,6733.0,5746.0,"Colorado Springs CCD, El Paso County, Colorado",041,90741,08
5588.0,178.0,218.0,164.0,235.0,399.0,225.0,264.0,251.0,138.0,275.0,531.0,753.0,570.0,501.0,539.0,347.0,"Monument CCD, El Paso County, Colorado",041,92565,08
1078.0,42.0,47.0,101.0,43.0,66.0,72.0,55.0,30.0,58.0,101.0,179.0,115.0,93.0,40.0,26.0,10.0,"Akron CCD, Washington County, Colorado",121,90057,08
420.0,11.0,27.0,30.0,25.0,17.0,33.0,24.0,28.0,14.0,34.0,51.0,48.0,31.0,20.0,13.0,14.0,"Otis CCD, Washington County, Colorado",121,92774,08
4214.0,216.0,77.0,159.0,189.0,186.0,154.0,133.0,314.0,76.0,306.0,539.0,733.0,431.0,197.0,252.0,252.0,"Granby CCD, Grand County, Colorado",049,91577,08
1050.0,65.0,101.0,24.0,78.0,57.0,59.0,29.0,27.0,46.0,75.0,99.0,170.0,83.0,43.0,73.0,21.0,"Kremmling CCD, Grand County, Colorado",049,92033,08
7630.0,172.0,137.0,114.0,67.0,234.0,178.0,246.0,168.0,193.0,375.0,705.0,1001.0,1014.0,1010.0,1146.0,870.0,"East Arapahoe CCD, Arapahoe County, Colorado",005,91178,08
70825.0,2848.0,1786.0,1744.0,2000.0,2274.0,2316.0,2440.0,2545.0,2530.0,4858.0,7213.0,9176.0,7516.0,5218.0,6495.0,9866.0,"Southwest Arapahoe CCD, Arapahoe County, Colorado",005,93458,08
85812.0,2933.0,2464.0,2146.0,2490.0,3055.0,3459.0,3385.0,3844.0,3236.0,6958.0,10340.0,12734.0,10245.0,6421.0,6569.0,5533.0,"South Aurora CCD, Arapahoe County, Colorado",005,93382,08
524.0,55.0,42.0,38.0,37.0,21.0,47.0,25.0,27.0,17.0,51.0,42.0,45.0,32.0,29.0,6.0,10.0,"Fowler CCD, Otero County, Colorado",089,91406,08
995.0,100.0,16.0,6.0,117.0,28.0,73.0,100.0,60.0,40.0,84.0,137.0,72.0,58.0,86.0,18.0,0.0,"Rocky Ford CCD, Otero County, Colorado",089,93116,08
253.0,23.0,47.0,10.0,6.0,18.0,19.0,32.0,10.0,24.0,5.0,29.0,22.0,4.0,4.0,0.0,0.0,"Manzanola CCD, Otero County, Colorado",089,92413,08
611.0,61.0,26.0,39.0,44.0,4.0,47.0,41.0,24.0,34.0,52.0,39.0,78.0,57.0,26.0,11.0,28.0,"Cheraw CCD, Otero County, Colorado",089,90608,08
129.0,0.0,6.0,0.0,30.0,23.0,4.0,3.0,2.0,8.0,25.0,7.0,0.0,11.0,10.0,0.0,0.0,"West Conejos CCD, Conejos County, Colorado",021,93825,08
99.0,4.0,5.0,0.0,13.0,6.0,12.0,9.0,0.0,0.0,4.0,17.0,29.0,0.0,0.0,0.0,0.0,"West San Miguel CCD, San Miguel County, Colorado",113,93844,08
2087.0,282.0,159.0,98.0,161.0,170.0,138.0,113.0,129.0,68.0,176.0,269.0,93.0,122.0,25.0,52.0,32.0,"La Junta CCD, Otero County, Colorado",089,92090,08
47.0,0.0,8.0,0.0,5.0,0.0,0.0,0.0,0.0,0.0,8.0,9.0,11.0,3.0,0.0,0.0,3.0,"Timpas CCD, Otero County, Colorado",089,93629,08
10014.0,702.0,603.0,733.0,500.0,684.0,625.0,604.0,645.0,665.0,638.0,972.0,1043.0,854.0,354.0,180.0,212.0,"Cañon City CCD, Fremont County, Colorado",043,90494,08
2069.0,84.0,40.0,41.0,127.0,102.0,94.0,99.0,20.0,102.0,197.0,295.0,392.0,220.0,45.0,39.0,172.0,"West Garfield CCD, Garfield County, Colorado",045,93832,08
151.0,8.0,15.0,4.0,9.0,11.0,0.0,4.0,0.0,9.0,10.0,16.0,23.0,17.0,6.0,11.0,8.0,"South Sedgwick CCD, Sedgwick County, Colorado",115,93450,08
202.0,10.0,6.0,5.0,5.0,11.0,20.0,20.0,11.0,16.0,13.0,27.0,17.0,15.0,5.0,11.0,10.0,"Woodlin CCD, Washington County, Colorado",121,93905,08
85.0,1.0,5.0,6.0,0.0,9.0,0.0,1.0,34.0,0.0,0.0,10.0,7.0,3.0,9.0,0.0,0.0,"South Bent CCD, Bent County, Colorado",011,93388,08
284.0,12.0,21.0,4.0,17.0,16.0,5.0,30.0,2.0,7.0,18.0,34.0,33.0,28.0,23.0,27.0,7.0,"Idalia-Joes CCD, Yuma County, Colorado",125,91850,08
1107.0,40.0,17.0,20.0,52.0,173.0,30.0,31.0,0.0,32.0,119.0,89.0,183.0,186.0,57.0,55.0,23.0,"Whitewater-Kannah Creek CCD, Mesa County, Colorado",077,93857,08
21346.0,738.0,358.0,364.0,688.0,650.0,615.0,612.0,752.0,698.0,1509.0,2147.0,3208.0,2511.0,2025.0,1905.0,2566.0,"Broomfield CCD, Broomfield County, Colorado",014,90408,08
824.0,35.0,42.0,26.0,21.0,23.0,29.0,52.0,27.0,23.0,92.0,69.0,156.0,132.0,33.0,30.0,34.0,"Rangely CCD, Rio Blanco County, Colorado",103,93040,08
673.0,55.0,61.0,63.0,38.0,27.0,32.0,14.0,26.0,26.0,96.0,69.0,93.0,37.0,17.0,1.0,18.0,"Julesburg CCD, Sedgwick County, Colorado",115,91900,08
2069.0,80.0,92.0,125.0,63.0,74.0,105.0,93.0,115.0,67.0,184.0,275.0,288.0,234.0,71.0,118.0,85.0,"Ouray CCD, Ouray County, Colorado",091,92793,08
1350.0,61.0,156.0,46.0,79.0,32.0,76.0,50.0,72.0,22.0,120.0,134.0,184.0,143.0,91.0,57.0,27.0,"Meeker CCD, Rio Blanco County, Colorado",103,92451,08
2464.0,155.0,168.0,31.0,107.0,65.0,118.0,103.0,124.0,105.0,172.0,203.0,365.0,194.0,260.0,157.0,137.0,"Fort Lupton CCD, Weld County, Colorado",123,91349,08
9415.0,270.0,20.0,54.0,210.0,238.0,232.0,301.0,247.0,287.0,721.0,839.0,2359.0,1345.0,859.0,853.0,580.0,"Johnstown-Milliken CCD, Weld County, Colorado",123,91881,08
30048.0,1952.0,1279.0,1677.0,1362.0,1281.0,1193.0,1431.0,1220.0,1271.0,2359.0,3433.0,4699.0,2717.0,1692.0,1348.0,1134.0,"Greeley CCD, Weld County, Colorado",123,91634,08
2370.0,125.0,104.0,88.0,101.0,125.0,84.0,70.0,107.0,81.0,196.0,292.0,438.0,221.0,79.0,147.0,112.0,"Ault CCD, Weld County, Colorado",123,90190,08
13342.0,286.0,210.0,240.0,356.0,280.0,389.0,302.0,338.0,448.0,830.0,1315.0,2278.0,2005.0,1526.0,1476.0,1063.0,"Erie-Frederick CCD, Weld County, Colorado",123,91216,08
254.0,23.0,23.0,19.0,16.0,23.0,4.0,7.0,20.0,7.0,6.0,12.0,49.0,35.0,0.0,10.0,0.0,"Grover CCD, Weld County, Colorado",123,91653,08
264.0,25.0,11.0,11.0,10.0,8.0,10.0,15.0,12.0,2.0,24.0,24.0,36.0,25.0,21.0,21.0,9.0,"Raymer CCD, Weld County, Colorado",123,93059,08
3738.0,250.0,91.0,180.0,132.0,77.0,176.0,166.0,115.0,140.0,243.0,459.0,762.0,418.0,127.0,184.0,218.0,"Keenesburg-Hudson CCD, Weld County, Colorado",123,91938,08
1948.0,98.0,11.0,62.0,94.0,63.0,81.0,50.0,53.0,37.0,185.0,233.0,362.0,276.0,146.0,66.0,131.0,"Kersey-Gill CCD, Weld County, Colorado",123,91957,08
1307.0,45.0,79.0,46.0,52.0,55.0,19.0,79.0,26.0,82.0,129.0,145.0,233.0,98.0,58.0,40.0,121.0,"La Salle-Gilcrest CCD, Weld County, Colorado",123,92166,08
1095.0,42.0,9.0,30.0,77.0,65.0,16.0,65.0,14.0,76.0,68.0,138.0,186.0,94.0,58.0,80.0,77.0,"Platteville CCD, Weld County, Colorado",123,92926,08
741.0,17.0,64.0,56.0,44.0,17.0,73.0,15.0,40.0,28.0,75.0,132.0,73.0,34.0,62.0,0.0,11.0,"La Jara CCD, Conejos County, Colorado",021,92071,08
7803.0,177.0,116.0,163.0,193.0,338.0,247.0,188.0,225.0,288.0,577.0,866.0,1435.0,1009.0,745.0,771.0,465.0,"Windsor CCD, Weld County, Colorado",123,93895,08
324.0,18.0,15.0,11.0,4.0,27.0,19.0,25.0,5.0,2.0,51.0,62.0,34.0,22.0,19.0,5.0,5.0,"Manassa CCD, Conejos County, Colorado",021,92375,08
71.0,5.0,2.0,5.0,4.0,22.0,6.0,4.0,0.0,0.0,3.0,2.0,10.0,3.0,0.0,5.0,0.0,"Antonito CCD, Conejos County, Colorado",021,90095,08
1976.0,246.0,103.0,60.0,113.0,160.0,123.0,124.0,134.0,28.0,141.0,297.0,204.0,65.0,78.0,70.0,30.0,"Westcliffe CCD, Custer County, Colorado",027,93819,08
190.0,33.0,6.0,8.0,18.0,20.0,11.0,9.0,11.0,13.0,0.0,2.0,17.0,23.0,0.0,7.0,12.0,"San Luis CCD, Costilla County, Colorado",023,93192,08
356.0,32.0,37.0,6.0,45.0,26.0,12.0,17.0,18.0,8.0,16.0,27.0,29.0,48.0,20.0,2.0,13.0,"Blanca CCD, Costilla County, Colorado",023,90323,08
5103.0,400.0,198.0,207.0,303.0,254.0,185.0,470.0,250.0,316.0,546.0,517.0,697.0,339.0,158.0,153.0,110.0,"North Aurora CCD, Adams County, Colorado",001,92622,08
20568.0,372.0,332.0,421.0,367.0,410.0,404.0,532.0,598.0,650.0,1014.0,2206.0,3371.0,3303.0,2145.0,2459.0,1984.0,"Brighton CCD, Adams County, Colorado",001,90399,08
2941.0,78.0,29.0,74.0,170.0,81.0,66.0,124.0,93.0,140.0,254.0,288.0,593.0,407.0,145.0,264.0,135.0,"East Adams CCD, Adams County, Colorado",001,91159,08
3492.0,381.0,192.0,177.0,202.0,250.0,205.0,230.0,174.0,170.0,364.0,373.0,390.0,161.0,142.0,60.0,21.0,"Commerce City CCD, Adams County, Colorado",001,90760,08
65865.0,2146.0,1726.0,1853.0,1991.0,2793.0,2707.0,3060.0,3027.0,2936.0,5592.0,7719.0,10255.0,7636.0,4294.0,4824.0,3306.0,"West Adams CCD, Adams County, Colorado",001,93800,08
15196.0,207.0,229.0,268.0,438.0,284.0,323.0,311.0,343.0,400.0,956.0,1243.0,1900.0,2071.0,1730.0,2074.0,2419.0,"Castle Rock CCD, Douglas County, Colorado",035,90513,08
47468.0,808.0,645.0,640.0,590.0,727.0,1064.0,689.0,1173.0,944.0,2325.0,3796.0,5526.0,6070.0,5366.0,7122.0,9983.0,"Sedalia CCD, Douglas County, Colorado",035,93249,08
36198.0,597.0,403.0,579.0,709.0,952.0,838.0,818.0,654.0,691.0,1909.0,2842.0,5488.0,5054.0,3924.0,5493.0,5247.0,"Parker CCD, Douglas County, Colorado",035,92850,08
156.0,15.0,6.0,19.0,0.0,5.0,8.0,0.0,6.0,0.0,0.0,43.0,29.0,25.0,0.0,0.0,0.0,"Leadville North CCD, Lake County, Colorado",065,92242,08
6663.0,198.0,99.0,86.0,215.0,97.0,207.0,264.0,209.0,177.0,570.0,856.0,1255.0,613.0,433.0,536.0,848.0,"Minturn-Red Cliff CCD, Eagle County, Colorado",037,92489,08
2400.0,101.0,26.0,3.0,86.0,0.0,126.0,21.0,95.0,115.0,104.0,328.0,284.0,320.0,203.0,286.0,302.0,"Basalt CCD, Eagle County, Colorado",037,90247,08
4462.0,19.0,48.0,70.0,59.0,112.0,141.0,119.0,96.0,75.0,169.0,370.0,529.0,741.0,787.0,487.0,640.0,"Eagle-Gypsum CCD, Eagle County, Colorado",037,91140,08
2325.0,22.0,150.0,41.0,131.0,90.0,184.0,157.0,149.0,201.0,93.0,320.0,282.0,249.0,131.0,88.0,37.0,"Leadville CCD, Lake County, Colorado",065,92223,08
1351.0,52.0,39.0,50.0,51.0,54.0,48.0,52.0,77.0,69.0,129.0,164.0,257.0,100.0,87.0,62.0,60.0,"Ignacio CCD, La Plata County, Colorado",067,91862,08
3483.0,163.0,63.0,103.0,44.0,226.0,71.0,207.0,163.0,131.0,574.0,361.0,487.0,396.0,210.0,225.0,59.0,"Bayfield CCD, La Plata County, Colorado",067,90266,08
11617.0,611.0,382.0,511.0,487.0,416.0,461.0,546.0,545.0,390.0,852.0,1336.0,1498.0,1045.0,781.0,848.0,908.0,"Durango CCD, La Plata County, Colorado",067,91083,08
128.0,16.0,3.0,6.0,11.0,8.0,8.0,10.0,3.0,1.0,5.0,20.0,26.0,7.0,0.0,4.0,0.0,"Dinosaur CCD, Moffat County, Colorado",081,91017,08
1884.0,55.0,70.0,57.0,82.0,45.0,88.0,75.0,93.0,96.0,184.0,230.0,282.0,199.0,120.0,117.0,91.0,"Durango Southwest CCD, La Plata County, Colorado",067,91102,08
77.0,10.0,0.0,4.0,10.0,8.0,0.0,0.0,7.0,15.0,0.0,18.0,0.0,5.0,0.0,0.0,0.0,"Maybell-Powder Wash CCD, Moffat County, Colorado",081,92432,08
4186.0,275.0,227.0,233.0,151.0,148.0,254.0,157.0,140.0,212.0,328.0,484.0,529.0,495.0,160.0,267.0,126.0,"Craig CCD, Moffat County, Colorado",081,90855,08
3880.0,151.0,96.0,86.0,115.0,128.0,95.0,127.0,290.0,169.0,320.0,442.0,335.0,377.0,296.0,338.0,515.0,"Aspen CCD, Pitkin County, Colorado",097,90171,08
2827.0,202.0,50.0,0.0,12.0,126.0,126.0,118.0,109.0,79.0,531.0,153.0,345.0,230.0,262.0,198.0,286.0,"Snowmass Village CCD, Pitkin County, Colorado",097,93344,08
1074.0,78.0,77.0,50.0,39.0,68.0,143.0,35.0,67.0,24.0,53.0,80.0,168.0,77.0,49.0,52.0,14.0,"Monte Vista CCD, Rio Grande County, Colorado",105,92527,08
457.0,31.0,30.0,33.0,8.0,31.0,20.0,15.0,5.0,22.0,52.0,80.0,70.0,26.0,12.0,8.0,14.0,"Cheyenne Wells CCD, Cheyenne County, Colorado",017,90646,08
336.0,6.0,22.0,0.0,12.0,6.0,10.0,22.0,38.0,23.0,33.0,29.0,54.0,33.0,9.0,25.0,14.0,"Sargent CCD, Rio Grande County, Colorado",105,93230,08
1250.0,110.0,52.0,113.0,152.0,103.0,93.0,25.0,44.0,58.0,116.0,116.0,109.0,77.0,3.0,42.0,37.0,"Del Norte CCD, Rio Grande County, Colorado",105,90969,08
197.0,18.0,16.0,1.0,2.0,13.0,4.0,5.0,3.0,8.0,7.0,20.0,56.0,19.0,9.0,13.0,3.0,"Kit Carson CCD, Cheyenne County, Colorado",017,92014,08
911.0,58.0,75.0,141.0,79.0,82.0,90.0,7.0,55.0,39.0,69.0,47.0,85.0,15.0,24.0,34.0,11.0,"Las Animas CCD, Bent County, Colorado",011,92185,08
308.0,16.0,15.0,10.0,13.0,23.0,33.0,13.0,13.0,34.0,26.0,48.0,16.0,13.0,24.0,6.0,5.0,"McClave CCD, Bent County, Colorado",011,92356,08
760.0,74.0,39.0,45.0,51.0,61.0,99.0,58.0,52.0,13.0,48.0,89.0,61.0,14.0,33.0,19.0,4.0,"Ordway CCD, Crowley County, Colorado",025,92755,08
123.0,3.0,9.0,3.0,8.0,22.0,8.0,3.0,2.0,4.0,41.0,3.0,5.0,1.0,9.0,0.0,2.0,"Sugar City CCD, Crowley County, Colorado",025,93553,08
109.0,6.0,15.0,4.0,12.0,2.0,15.0,6.0,9.0,2.0,10.0,2.0,12.0,4.0,1.0,2.0,7.0,"Rico CCD, Dolores County, Colorado",033,93078,08
561.0,43.0,36.0,21.0,43.0,49.0,58.0,22.0,26.0,36.0,26.0,56.0,53.0,63.0,17.0,12.0,0.0,"Dove Creek CCD, Dolores County, Colorado",033,91064,08
213.0,7.0,3.0,17.0,5.0,9.0,20.0,12.0,15.0,23.0,21.0,19.0,14.0,29.0,2.0,10.0,7.0,"Silverton CCD, San Juan County, Colorado",111,93306,08
506.0,24.0,20.0,33.0,34.0,38.0,25.0,19.0,37.0,37.0,42.0,35.0,78.0,46.0,25.0,10.0,3.0,"Walden CCD, Jackson County, Colorado",057,93724,08
1751.0,102.0,65.0,86.0,51.0,102.0,106.0,103.0,76.0,43.0,163.0,212.0,162.0,161.0,85.0,104.0,130.0,"Livermore CCD, Larimer County, Colorado",069,92299,08
7292.0,168.0,14.0,156.0,198.0,165.0,271.0,246.0,314.0,107.0,530.0,666.0,1193.0,868.0,778.0,745.0,873.0,"Timnath-Wellington CCD, Larimer County, Colorado",069,93610,08
4730.0,112.0,101.0,179.0,180.0,73.0,166.0,222.0,191.0,31.0,320.0,565.0,798.0,544.0,434.0,365.0,449.0,"Berthoud CCD, Larimer County, Colorado",069,90285,08
38565.0,1195.0,1226.0,1828.0,1472.0,1993.0,1451.0,1994.0,1460.0,1458.0,2845.0,4190.0,5658.0,4280.0,2384.0,2917.0,2214.0,"Loveland CCD, Larimer County, Colorado",069,92337,08
5197.0,148.0,108.0,219.0,441.0,237.0,281.0,275.0,215.0,163.0,425.0,517.0,688.0,602.0,295.0,330.0,253.0,"Estes Park CCD, Larimer County, Colorado",069,91235,08
57581.0,3719.0,2359.0,2245.0,2905.0,2833.0,2101.0,2937.0,2413.0,2355.0,4108.0,5173.0,8199.0,5357.0,3674.0,3801.0,3402.0,"Fort Collins CCD, Larimer County, Colorado",069,91330,08
208.0,5.0,3.0,5.0,10.0,2.0,27.0,6.0,7.0,6.0,23.0,41.0,8.0,41.0,5.0,0.0,19.0,"Crook CCD, Logan County, Colorado",075,90931,08
325.0,18.0,10.0,19.0,18.0,43.0,28.0,11.0,12.0,7.0,22.0,22.0,48.0,35.0,15.0,9.0,8.0,"Merino CCD, Logan County, Colorado",075,92470,08
619.0,59.0,27.0,23.0,36.0,22.0,23.0,23.0,33.0,18.0,74.0,87.0,102.0,34.0,38.0,10.0,10.0,"Fleming CCD, Logan County, Colorado",075,91292,08
161.0,2.0,10.0,14.0,2.0,5.0,5.0,7.0,3.0,5.0,22.0,12.0,17.0,16.0,16.0,6.0,19.0,"Peetz CCD, Logan County, Colorado",075,92869,08
5615.0,515.0,394.0,334.0,213.0,245.0,405.0,464.0,405.0,185.0,433.0,558.0,698.0,325.0,162.0,74.0,205.0,"Sterling CCD, Logan County, Colorado",075,93515,08
1333.0,57.0,38.0,74.0,57.0,132.0,88.0,75.0,46.0,78.0,85.0,182.0,121.0,103.0,102.0,84.0,11.0,"Mancos CCD, Montezuma County, Colorado",083,92394,08
47.0,0.0,0.0,0.0,0.0,0.0,17.0,0.0,0.0,0.0,0.0,8.0,18.0,0.0,4.0,0.0,0.0,"Ute Mountain CCD, Montezuma County, Colorado",083,93705,08
5612.0,385.0,382.0,441.0,353.0,176.0,232.0,402.0,263.0,278.0,534.0,643.0,866.0,210.0,201.0,134.0,112.0,"Cortez CCD, Montezuma County, Colorado",083,90817,08
1239.0,42.0,75.0,26.0,105.0,33.0,101.0,51.0,33.0,50.0,84.0,109.0,241.0,116.0,62.0,100.0,11.0,"Dolores CCD, Montezuma County, Colorado",083,91045,08
215.0,0.0,32.0,14.0,0.0,0.0,12.0,22.0,22.0,0.0,25.0,39.0,17.0,9.0,13.0,0.0,10.0,"Pleasant View CCD, Montezuma County, Colorado",083,92945,08
602.0,23.0,57.0,43.0,25.0,17.0,13.0,16.0,7.0,51.0,64.0,71.0,38.0,70.0,37.0,32.0,38.0,"Norwood CCD, San Miguel County, Colorado",113,92679,08
2253.0,104.0,62.0,69.0,162.0,75.0,153.0,52.0,88.0,96.0,107.0,322.0,353.0,209.0,90.0,159.0,152.0,"Telluride CCD, San Miguel County, Colorado",113,93591,08
1195.0,83.0,60.0,45.0,57.0,96.0,76.0,76.0,60.0,68.0,93.0,121.0,197.0,84.0,31.0,31.0,17.0,"Cripple Creek CCD, Teller County, Colorado",119,90912,08
8135.0,419.0,210.0,369.0,235.0,189.0,367.0,275.0,294.0,333.0,724.0,900.0,1239.0,1043.0,573.0,505.0,460.0,"Divide CCD, Teller County, Colorado",119,91026,08
429.0,0.0,17.0,4.0,15.0,19.0,25.0,25.0,5.0,66.0,0.0,34.0,87.0,57.0,17.0,31.0,27.0,"Upper St. Vrain CCD, Boulder County, Colorado",013,93686,08
43648.0,3534.0,1646.0,1763.0,1632.0,1574.0,1562.0,1550.0,1474.0,1160.0,2765.0,3446.0,5025.0,3640.0,2858.0,3901.0,6118.0,"Boulder CCD, Boulder County, Colorado",013,90342,08
31588.0,1314.0,959.0,1098.0,920.0,1127.0,1191.0,1191.0,1299.0,1160.0,2284.0,3164.0,4279.0,3425.0,2261.0,2823.0,3093.0,"Longmont CCD, Boulder County, Colorado",013,92318,08
23856.0,780.0,435.0,531.0,705.0,650.0,480.0,704.0,701.0,553.0,1607.0,2172.0,3113.0,2632.0,2153.0,3417.0,3223.0,"Lafayette-Louisville CCD, Boulder County, Colorado",013,92052,08
4886.0,264.0,113.0,66.0,104.0,246.0,102.0,115.0,162.0,124.0,316.0,354.0,541.0,527.0,448.0,536.0,868.0,"Bald Mountain CCD, Boulder County, Colorado",013,90228,08
4344.0,214.0,132.0,275.0,286.0,276.0,192.0,384.0,222.0,213.0,325.0,592.0,436.0,336.0,152.0,145.0,164.0,"Pagosa Springs CCD, Archuleta County, Colorado",007,92812,08
251.0,6.0,0.0,7.0,16.0,13.0,30.0,6.0,11.0,5.0,24.0,43.0,30.0,15.0,25.0,14.0,6.0,"Arboles CCD, Archuleta County, Colorado",007,90114,08
879.0,86.0,43.0,25.0,69.0,30.0,29.0,35.0,51.0,40.0,46.0,79.0,148.0,74.0,39.0,35.0,50.0,"Holyoke CCD, Phillips County, Colorado",095,91767,08
519.0,49.0,20.0,16.0,42.0,29.0,54.0,28.0,13.0,27.0,36.0,73.0,57.0,31.0,36.0,3.0,5.0,"Haxtun CCD, Phillips County, Colorado",095,91710,08
185617.0,9752.0,6199.0,6116.0,7099.0,6942.0,6698.0,6048.0,7610.0,7090.0,14015.0,17630.0,24347.0,17354.0,12745.0,15226.0,20746.0,"Denver CCD, Denver County, Colorado",031,91007,08
43.0,2.0,2.0,2.0,2.0,4.0,2.0,1.0,2.0,5.0,5.0,2.0,14.0,0.0,0.0,0.0,0.0,"Haswell CCD, Kiowa County, Colorado",061,91691,08
131.0,2.0,9.0,5.0,11.0,2.0,9.0,18.0,9.0,5.0,5.0,8.0,22.0,5.0,6.0,8.0,7.0,"Sheridan Lake CCD, Kiowa County, Colorado",061,93268,08
392.0,26.0,39.0,23.0,31.0,18.0,30.0,51.0,17.0,18.0,24.0,27.0,56.0,15.0,5.0,7.0,5.0,"Eads CCD, Kiowa County, Colorado",061,91121,08
707.0,27.0,48.0,55.0,47.0,55.0,56.0,47.0,35.0,25.0,15.0,110.0,99.0,36.0,17.0,30.0,5.0,"La Veta CCD, Huerfano County, Colorado",055,92204,08
173.0,18.0,8.0,0.0,14.0,18.0,11.0,14.0,0.0,0.0,10.0,62.0,10.0,0.0,0.0,0.0,8.0,"Gardner CCD, Huerfano County, Colorado",055,91444,08
1338.0,127.0,135.0,77.0,49.0,139.0,80.0,143.0,58.0,71.0,41.0,115.0,125.0,65.0,5.0,33.0,75.0,"Walsenburg CCD, Huerfano County, Colorado",055,93743,08
105.0,6.0,7.0,5.0,7.0,11.0,11.0,8.0,5.0,7.0,9.0,5.0,18.0,3.0,0.0,0.0,3.0,"Campo CCD, Baca County, Colorado",009,90475,08
780.0,61.0,73.0,85.0,72.0,48.0,56.0,46.0,21.0,26.0,53.0,48.0,65.0,46.0,26.0,37.0,17.0,"Springfield CCD, Baca County, Colorado",009,93477,08
420.0,45.0,19.0,32.0,19.0,11.0,41.0,39.0,9.0,35.0,39.0,34.0,51.0,26.0,9.0,8.0,3.0,"Walsh CCD, Baca County, Colorado",009,93762,08
109.0,5.0,5.0,9.0,2.0,11.0,6.0,6.0,9.0,1.0,20.0,7.0,8.0,11.0,5.0,4.0,0.0,"Pritchett CCD, Baca County, Colorado",009,92964,08
4028.0,192.0,136.0,204.0,314.0,267.0,160.0,206.0,216.0,167.0,336.0,446.0,498.0,342.0,144.0,243.0,157.0,"Salida CCD, Chaffee County, Colorado",015,93173,08
3117.0,104.0,246.0,103.0,168.0,178.0,125.0,195.0,107.0,86.0,404.0,386.0,515.0,185.0,179.0,71.0,65.0,"Buena Vista CCD, Chaffee County, Colorado",015,90437,08
2367.0,37.0,71.0,43.0,153.0,43.0,96.0,76.0,59.0,68.0,212.0,412.0,255.0,321.0,175.0,253.0,93.0,"Central City CCD, Gilpin County, Colorado",047,90570,08
465.0,44.0,28.0,21.0,26.0,22.0,46.0,41.0,18.0,18.0,44.0,34.0,39.0,26.0,19.0,8.0,31.0,"Flagler CCD, Kit Carson County, Colorado",063,91273,08
524.0,12.0,48.0,35.0,27.0,38.0,38.0,14.0,25.0,29.0,35.0,48.0,80.0,42.0,36.0,2.0,15.0,"Stratton CCD, Kit Carson County, Colorado",063,93534,08
1631.0,89.0,49.0,86.0,149.0,85.0,155.0,82.0,49.0,73.0,186.0,202.0,182.0,95.0,29.0,82.0,38.0,"Burlington CCD, Kit Carson County, Colorado",063,90456,08
7358.0,308.0,235.0,168.0,318.0,246.0,232.0,260.0,276.0,225.0,361.0,791.0,1191.0,848.0,572.0,698.0,629.0,"Glenwood Springs CCD, Garfield County, Colorado",045,91520,08
3533.0,202.0,105.0,88.0,110.0,207.0,66.0,291.0,68.0,62.0,417.0,409.0,578.0,378.0,189.0,311.0,52.0,"Rifle CCD, Garfield County, Colorado",045,93097,08
3214.0,52.0,78.0,56.0,90.0,83.0,80.0,181.0,195.0,109.0,296.0,286.0,404.0,569.0,362.0,228.0,145.0,"New Castle CCD, Garfield County, Colorado",045,92603,08
118.0,15.0,0.0,6.0,3.0,0.0,7.0,3.0,9.0,6.0,16.0,16.0,17.0,20.0,0.0,0.0,0.0,"Sapinero CCD, Gunnison County, Colorado",051,93211,08
203.0,13.0,2.0,6.0,12.0,1.0,1.0,5.0,2.0,24.0,30.0,25.0,42.0,4.0,1.0,17.0,18.0,"Somerset CCD, Gunnison County, Colorado",051,93363,08
3783.0,217.0,277.0,302.0,362.0,155.0,96.0,83.0,174.0,219.0,233.0,582.0,538.0,224.0,207.0,61.0,53.0,"Gunnison CCD, Gunnison County, Colorado",051,91672,08
1825.0,46.0,58.0,41.0,62.0,97.0,31.0,97.0,154.0,45.0,97.0,190.0,226.0,205.0,225.0,158.0,93.0,"Crested Butte CCD, Gunnison County, Colorado",051,90893,08
13234.0,687.0,333.0,243.0,340.0,388.0,404.0,397.0,312.0,433.0,858.0,955.0,1481.0,1210.0,1250.0,1555.0,2388.0,"Golden CCD, Jefferson County, Colorado",059,91539,08
158684.0,5340.0,4180.0,5001.0,5377.0,4997.0,6079.0,6115.0,6702.0,6145.0,12568.0,16900.0,23486.0,18226.0,12293.0,13880.0,11395.0,"Northeast Jefferson CCD, Jefferson County, Colorado",059,92641,08
9206.0,175.0,73.0,154.0,174.0,224.0,165.0,252.0,163.0,254.0,345.0,579.0,1246.0,1079.0,835.0,1379.0,2109.0,"South Jefferson CCD, Jefferson County, Colorado",059,93439,08
9351.0,336.0,187.0,159.0,233.0,253.0,310.0,216.0,330.0,225.0,578.0,739.0,1159.0,962.0,805.0,1031.0,1828.0,"Central Jefferson CCD, Jefferson County, Colorado",059,90589,08
361.0,4.0,24.0,16.0,23.0,8.0,12.0,31.0,21.0,26.0,28.0,46.0,34.0,38.0,32.0,8.0,10.0,"Creede CCD, Mineral County, Colorado",079,90874,08
