B19013_001E,name,county,county subdivision,state
56125.0,"Mary Ann township, Licking County, Ohio",089,48132,39
60956.0,"Burlington township, Licking County, Ohio",089,10366,39
43457.0,"Fallsbury township, Licking County, Ohio",089,26530,39
59946.0,"Hopewell township, Licking County, Ohio",089,36316,39
68641.0,"Newark township, Licking County, Ohio",089,54054,39
71469.0,"Pataskala city, Licking County, Ohio",089,61112,39
74600.0,"St. Albans township, Licking County, Ohio",089,69456,39
47422.0,"Washington township, Licking County, Ohio",089,81410,39
73676.0,"Bennington township, Licking County, Ohio",089,05494,39
87869.0,"Bowling Green township, Licking County, Ohio",089,07944,39
51319.0,"McKean township, Licking County, Ohio",089,46116,39
57500.0,"Eden township, Licking County, Ohio",089,24332,39
86157.0,"Etna township, Licking County, Ohio",089,25690,39
104085.0,"Granville township, Licking County, Ohio",089,31416,39
92481.0,"Harrison township, Licking County, Ohio",089,33894,39
55066.0,"Perry township, Licking County, Ohio",089,61924,39
59583.0,"Hartford township, Licking County, Ohio",089,34188,39
56869.0,"Union township, Licking County, Ohio",089,78400,39
71250.0,"Jersey township, Licking County, Ohio",089,39102,39
44299.0,"Sharon township, Richland County, Ohio",139,71830,39
59344.0,"Springfield township, Richland County, Ohio",139,74128,39
58500.0,"Bennington township, Morrow County, Ohio",117,05508,39
38514.0,"Westfield township, Morrow County, Ohio",117,83454,39
61172.0,"Canaan township, Morrow County, Ohio",117,11248,39
42050.0,"Troy township, Morrow County, Ohio",117,77602,39
65486.0,"Franklin township, Morrow County, Ohio",117,28378,39
53611.0,"Buffalo township, Noble County, Ohio",121,10142,39
39722.0,"Jackson township, Noble County, Ohio",121,37940,39
28909.0,"Jefferson township, Noble County, Ohio",121,38766,39
14798.0,"Stock township, Noble County, Ohio",121,74728,39
37224.0,"Wayne township, Noble County, Ohio",121,82250,39
31000.0,"Enoch township, Noble County, Ohio",121,25438,39
50339.0,"Sharon township, Noble County, Ohio",121,71826,39
41083.0,"Olive township, Noble County, Ohio",121,58310,39
54659.0,"Brookfield township, Noble County, Ohio",121,09162,39
43200.0,"Elk township, Noble County, Ohio",121,24878,39
48750.0,"Beaver township, Noble County, Ohio",121,04682,39
50625.0,"Marion township, Noble County, Ohio",121,47810,39
51850.0,"Noble township, Noble County, Ohio",121,56028,39
43139.0,"Seneca township, Noble County, Ohio",121,71352,39
59620.0,"Center township, Noble County, Ohio",121,12994,39
113317.0,"Orange township, Delaware County, Ohio",041,58618,39
51188.0,"Oxford township, Delaware County, Ohio",041,59262,39
86447.0,"Trenton township, Delaware County, Ohio",041,77336,39
79063.0,"Marlboro township, Delaware County, Ohio",041,47908,39
77850.0,"Troy township, Delaware County, Ohio",041,77560,39
136863.0,"Concord township, Delaware County, Ohio",041,18140,39
126520.0,"Genoa township, Delaware County, Ohio",041,29694,39
135305.0,"Liberty township, Delaware County, Ohio",041,43106,39
88152.0,"Radnor township, Delaware County, Ohio",041,65312,39
80643.0,"Scioto township, Delaware County, Ohio",041,70842,39
129750.0,"Berlin township, Delaware County, Ohio",041,05788,39
88472.0,"Chardon township, Geauga County, Ohio",055,13561,39
73839.0,"Chester township, Geauga County, Ohio",055,13988,39
32063.0,"Ohio township, Gallia County, Ohio",053,57974,39
37477.0,"Huntington township, Gallia County, Ohio",053,36848,39
43519.0,"Cheshire township, Gallia County, Ohio",053,13946,39
47250.0,"Morgan township, Gallia County, Ohio",053,52094,39
51894.0,"Monroe township, Preble County, Ohio",135,51548,39
59464.0,"Twin township, Preble County, Ohio",135,77994,39
53625.0,"Israel township, Preble County, Ohio",135,37590,39
-666666666.0,"Dixon township, Preble County, Ohio",135,22106,39
48585.0,"Jefferson township, Preble County, Ohio",135,38780,39
52191.0,"Lanier township, Preble County, Ohio",135,41846,39
40125.0,"Jackson township, Preble County, Ohio",135,38010,39
53582.0,"Somers township, Preble County, Ohio",135,72964,39
71500.0,"Washington township, Preble County, Ohio",135,81564,39
35743.0,"Eaton city, Preble County, Ohio",135,24234,39
65909.0,"Gratis township, Preble County, Ohio",135,31486,39
64668.0,"Gasper township, Preble County, Ohio",135,29484,39
57326.0,"Harrison township, Preble County, Ohio",135,33992,39
60156.0,"Clinton township, Seneca County, Ohio",147,16154,39
68750.0,"Adams township, Seneca County, Ohio",147,00324,39
69188.0,"Thompson township, Seneca County, Ohio",147,76632,39
57641.0,"Liberty township, Seneca County, Ohio",147,43316,39
53702.0,"Plymouth township, Richland County, Ohio",139,63814,39
53875.0,"Sandusky township, Richland County, Ohio",139,70394,39
61090.0,"Weller township, Richland County, Ohio",139,82628,39
55500.0,"Worthington township, Richland County, Ohio",139,86618,39
59932.0,"Bloominggrove township, Richland County, Ohio",139,07230,39
34219.0,"Mansfield city, Richland County, Ohio",139,47138,39
55444.0,"Troy township, Richland County, Ohio",139,77616,39
50301.0,"Mifflin township, Richland County, Ohio",139,50092,39
58717.0,"Monroe township, Richland County, Ohio",139,51576,39
60054.0,"Perry township, Richland County, Ohio",139,62050,39
63371.0,"Washington township, Richland County, Ohio",139,81578,39
37500.0,"Jackson township, Richland County, Ohio",139,38038,39
38545.0,"Madison township, Richland County, Ohio",139,46578,39
67946.0,"Franklin township, Richland County, Ohio",139,28406,39
52566.0,"Cass township, Richland County, Ohio",139,12420,39
50236.0,"Jefferson township, Richland County, Ohio",139,38794,39
62500.0,"Butler township, Richland County, Ohio",139,10646,39
52083.0,"Harrison township, Vinton County, Ohio",163,34048,39
42426.0,"Knox township, Vinton County, Ohio",163,40880,39
41364.0,"Brown township, Vinton County, Ohio",163,09526,39
33231.0,"Jackson township, Vinton County, Ohio",163,38136,39
36683.0,"Vinton township, Vinton County, Ohio",163,80192,39
34107.0,"Eagle township, Vinton County, Ohio",163,23100,39
47308.0,"Elk township, Vinton County, Ohio",163,24892,39
37879.0,"Richland township, Vinton County, Ohio",163,66768,39
51300.0,"Swan township, Vinton County, Ohio",163,75854,39
39375.0,"Wilkesville township, Vinton County, Ohio",163,85204,39
33529.0,"Clinton township, Vinton County, Ohio",163,16210,39
60694.0,"Madison township, Vinton County, Ohio",163,46620,39
55239.0,"Monroe township, Carroll County, Ohio",019,51324,39
55947.0,"Rose township, Carroll County, Ohio",019,68420,39
62628.0,"Washington township, Carroll County, Ohio",019,81116,39
47316.0,"Brown township, Carroll County, Ohio",019,09400,39
45417.0,"Loudon township, Carroll County, Ohio",019,45038,39
49141.0,"Augusta township, Carroll County, Ohio",019,03030,39
57353.0,"Harrison township, Carroll County, Ohio",019,33782,39
53920.0,"Union township, Carroll County, Ohio",019,78260,39
48450.0,"Center township, Carroll County, Ohio",019,12896,39
69000.0,"Scipio township, Seneca County, Ohio",147,71024,39
55074.0,"Big Spring township, Seneca County, Ohio",147,06432,39
50714.0,"Bloom township, Seneca County, Ohio",147,07006,39
50909.0,"Green Springs village, Seneca County, Ohio",147,32256,39
61350.0,"Hopewell township, Seneca County, Ohio",147,36400,39
52113.0,"Jackson township, Seneca County, Ohio",147,38066,39
69471.0,"Seneca township, Seneca County, Ohio",147,71355,39
55724.0,"Venice township, Seneca County, Ohio",147,79674,39
57303.0,"Loudon township, Seneca County, Ohio",147,45052,39
53911.0,"Pleasant township, Seneca County, Ohio",147,63394,39
66875.0,"Reed township, Seneca County, Ohio",147,65942,39
41445.0,"Tiffin city, Seneca County, Ohio",147,76778,39
38990.0,"Raccoon township, Gallia County, Ohio",053,65228,39
44185.0,"Clay township, Gallia County, Ohio",053,15462,39
45143.0,"Green township, Gallia County, Ohio",053,31738,39
23824.0,"Greenfield township, Gallia County, Ohio",053,32074,39
48000.0,"Addison township, Gallia County, Ohio",053,00422,39
50466.0,"Springfield township, Gallia County, Ohio",053,74120,39
39375.0,"Perry township, Gallia County, Ohio",053,61854,39
36046.0,"Gallipolis township, Gallia County, Ohio",053,29218,39
48516.0,"Guyan township, Gallia County, Ohio",053,32760,39
45114.0,"Harrison township, Gallia County, Ohio",053,33824,39
44625.0,"Walnut township, Gallia County, Ohio",053,80584,39
64205.0,"Townsend township, Huron County, Ohio",077,77158,39
62000.0,"Greenwich township, Huron County, Ohio",077,32382,39
48981.0,"Ridgefield township, Huron County, Ohio",077,67006,39
50772.0,"Wakeman township, Huron County, Ohio",077,80472,39
60880.0,"Greenfield township, Huron County, Ohio",077,32102,39
40463.0,"Hartland township, Huron County, Ohio",077,34258,39
69074.0,"Richmond township, Huron County, Ohio",077,66810,39
52891.0,"Clarksfield township, Huron County, Ohio",077,15364,39
39827.0,"Maple Heights city, Cuyahoga County, Ohio",035,47306,39
62917.0,"Harmony township, Clark County, Ohio",023,33586,39
64205.0,"Pike township, Clark County, Ohio",023,62610,39
54607.0,"Pleasant township, Clark County, Ohio",023,63226,39
81845.0,"Mayfield village, Cuyahoga County, Ohio",035,48468,39
31932.0,"Newburgh Heights village, Cuyahoga County, Ohio",035,54250,39
99050.0,"Solon city, Cuyahoga County, Ohio",035,72928,39
65583.0,"Harrisville township, Medina County, Ohio",103,34104,39
79133.0,"Liverpool township, Medina County, Ohio",103,44240,39
88785.0,"Wadsworth township, Medina County, Ohio",103,80318,39
68087.0,"Brunswick city, Medina County, Ohio",103,09680,39
78125.0,"Westfield township, Medina County, Ohio",103,83426,39
100313.0,"Granger township, Medina County, Ohio",103,31374,39
68444.0,"Guilford township, Medina County, Ohio",103,32676,39
63875.0,"Homer township, Medina County, Ohio",103,36078,39
89265.0,"York township, Medina County, Ohio",103,87052,39
71042.0,"Spencer township, Medina County, Ohio",103,73999,39
65917.0,"Wadsworth city, Medina County, Ohio",103,80304,39
80392.0,"Brunswick Hills township, Medina County, Ohio",103,09708,39
88065.0,"Litchfield township, Medina County, Ohio",103,44072,39
87759.0,"Hinckley township, Medina County, Ohio",103,35644,39
84353.0,"Sharon township, Medina County, Ohio",103,71801,39
49402.0,"Columbia township, Meigs County, Ohio",105,16924,39
36125.0,"Olive township, Meigs County, Ohio",105,58282,39
62429.0,"Orange township, Meigs County, Ohio",105,58646,39
33500.0,"Salisbury township, Meigs County, Ohio",105,70114,39
27700.0,"Salem township, Meigs County, Ohio",105,69904,39
24079.0,"Lebanon township, Meigs County, Ohio",105,42336,39
51094.0,"Letart township, Meigs County, Ohio",105,42868,39
39583.0,"Bedford township, Meigs County, Ohio",105,04906,39
42593.0,"Rutland township, Meigs County, Ohio",105,69372,39
42969.0,"Scipio township, Meigs County, Ohio",105,70996,39
62826.0,"Chester township, Meigs County, Ohio",105,14016,39
49000.0,"Sutton township, Meigs County, Ohio",105,75847,39
74118.0,"Washington township, Union County, Ohio",159,81662,39
79583.0,"Taylor township, Union County, Ohio",159,76194,39
91000.0,"Allen township, Union County, Ohio",159,01336,39
84286.0,"Dover township, Union County, Ohio",159,22484,39
90136.0,"Liberty township, Union County, Ohio",159,43358,39
66917.0,"Leesburg township, Union County, Ohio",159,42490,39
104063.0,"Millcreek township, Union County, Ohio",159,50288,39
74653.0,"York township, Union County, Ohio",159,87122,39
78707.0,"Jackson township, Union County, Ohio",159,38108,39
108750.0,"Jerome township, Union County, Ohio",159,39046,39
42656.0,"Union township, Fayette County, Ohio",047,78316,39
42292.0,"Paint township, Fayette County, Ohio",047,59486,39
49226.0,"Jefferson township, Fayette County, Ohio",047,38598,39
76406.0,"Madison township, Fayette County, Ohio",047,46396,39
72885.0,"Marion township, Fayette County, Ohio",047,47684,39
46350.0,"Perry township, Fayette County, Ohio",047,61826,39
54044.0,"Wayne township, Fayette County, Ohio",047,82166,39
31000.0,"Monroe township, Perry County, Ohio",127,51520,39
56631.0,"Bearfield township, Perry County, Ohio",127,04584,39
77432.0,"Hopewell township, Perry County, Ohio",127,36386,39
44545.0,"Pleasant township, Perry County, Ohio",127,63366,39
56900.0,"Reading township, Perry County, Ohio",127,65760,39
34917.0,"Coal township, Perry County, Ohio",127,16350,39
57679.0,"Madison township, Perry County, Ohio",127,46550,39
42632.0,"Monday Creek township, Perry County, Ohio",127,51198,39
42212.0,"Clayton township, Perry County, Ohio",127,15658,39
30208.0,"Salt Lick township, Perry County, Ohio",127,70226,39
37359.0,"Pike township, Perry County, Ohio",127,62680,39
41463.0,"Jackson township, Perry County, Ohio",127,37968,39
63839.0,"Thorn township, Perry County, Ohio",127,76659,39
32871.0,"Harrison township, Perry County, Ohio",127,33964,39
90000.0,"Muhlenberg township, Pickaway County, Ohio",129,53256,39
49637.0,"Perry township, Pickaway County, Ohio",129,62008,39
88776.0,"Walnut township, Pickaway County, Ohio",129,80598,39
80083.0,"Madison township, Pickaway County, Ohio",129,46564,39
78400.0,"Pickaway township, Pickaway County, Ohio",129,62484,39
59393.0,"Harrison township, Pickaway County, Ohio",129,33978,39
41492.0,"Circleville city, Pickaway County, Ohio",129,15070,39
63477.0,"Washington township, Pickaway County, Ohio",129,81550,39
61053.0,"Darby township, Pickaway County, Ohio",129,20156,39
92401.0,"Jackson township, Pickaway County, Ohio",129,37982,39
62500.0,"Monroe township, Pickaway County, Ohio",129,51534,39
71707.0,"Wayne township, Pickaway County, Ohio",129,82264,39
40625.0,"Circleville township, Pickaway County, Ohio",129,15077,39
85194.0,"Scioto township, Pickaway County, Ohio",129,70870,39
105167.0,"Orange village, Cuyahoga County, Ohio",035,58604,39
86250.0,"Glenwillow village, Cuyahoga County, Ohio",035,30632,39
48936.0,"Mayfield Heights city, Cuyahoga County, Ohio",035,48482,39
166786.0,"Pepper Pike city, Cuyahoga County, Ohio",035,61686,39
57058.0,"South Euclid city, Cuyahoga County, Ohio",035,73264,39
35871.0,"Warrensville Heights city, Cuyahoga County, Ohio",035,80990,39
68850.0,"Brooklyn Heights village, Cuyahoga County, Ohio",035,09274,39
40887.0,"Garfield Heights city, Cuyahoga County, Ohio",035,29428,39
25781.0,"Highland Hills village, Cuyahoga County, Ohio",035,35255,39
48701.0,"Lakewood city, Cuyahoga County, Ohio",035,41664,39
28750.0,"Linndale village, Cuyahoga County, Ohio",035,43918,39
183438.0,"Bentleyville village, Cuyahoga County, Ohio",035,05550,39
73853.0,"Olmsted township, Cuyahoga County, Ohio",035,58408,39
77384.0,"Seven Hills city, Cuyahoga County, Ohio",035,71416,39
32167.0,"North Randall village, Cuyahoga County, Ohio",035,56924,39
50747.0,"Richmond Heights city, Cuyahoga County, Ohio",035,66894,39
128324.0,"Hudson city, Summit County, Ohio",153,36651,39
37222.0,"Arlington Heights village, Hamilton County, Ohio",061,02428,39
40592.0,"Barberton city, Summit County, Ohio",153,03828,39
60072.0,"Northfield village, Summit County, Ohio",153,56448,39
76343.0,"Reminderville village, Summit County, Ohio",153,66152,39
80135.0,"Sagamore Hills township, Summit County, Ohio",153,69428,39
63006.0,"Tallmadge city, Summit County, Ohio",153,76106,39
115781.0,"Boston Heights village, Summit County, Ohio",153,07790,39
91116.0,"Macedonia city, Summit County, Ohio",153,45976,39
50309.0,"Springfield township, Summit County, Ohio",153,74130,39
68008.0,"Stow city, Summit County, Ohio",153,74944,39
75365.0,"Twinsburg city, Summit County, Ohio",153,78050,39
52936.0,"Cuyahoga Falls city, Summit County, Ohio",153,19778,39
102670.0,"Bath township, Summit County, Ohio",153,04248,39
36223.0,"Akron city, Summit County, Ohio",153,01000,39
72813.0,"Boston township, Summit County, Ohio",153,07776,39
85463.0,"Copley township, Summit County, Ohio",153,18658,39
54988.0,"Coventry township, Summit County, Ohio",153,19036,39
65095.0,"Munroe Falls city, Summit County, Ohio",153,53312,39
104732.0,"Richfield township, Summit County, Ohio",153,66544,39
100486.0,"Silver Lake village, Summit County, Ohio",153,72494,39
63938.0,"Mogadore village, Summit County, Ohio",153,51058,39
45601.0,"Lakemore village, Summit County, Ohio",153,41454,39
52461.0,"Cass township, Muskingum County, Ohio",119,12406,39
-666666666.0,"Madison township, Muskingum County, Ohio",119,46536,39
48285.0,"Muskingum township, Muskingum County, Ohio",119,53438,39
55093.0,"Wayne township, Muskingum County, Ohio",119,82236,39
44688.0,"Clay township, Muskingum County, Ohio",119,15532,39
44823.0,"Pleasant township, Van Wert County, Ohio",161,63408,39
70804.0,"Union township, Van Wert County, Ohio",161,78596,39
45114.0,"York township, Van Wert County, Ohio",161,87136,39
62833.0,"Ridge township, Van Wert County, Ohio",161,66978,39
53750.0,"Liberty township, Van Wert County, Ohio",161,43372,39
49547.0,"Washington township, Van Wert County, Ohio",161,81676,39
61513.0,"Tully township, Van Wert County, Ohio",161,77756,39
83958.0,"Richland township, Marion County, Ohio",101,66754,39
63672.0,"Salt Rock township, Marion County, Ohio",101,70240,39
72188.0,"Tully township, Marion County, Ohio",101,77742,39
63750.0,"Pleasant township, Marion County, Ohio",101,63352,39
-666666666.0,"Manchester township, Morgan County, Ohio",115,47040,39
35694.0,"Malta township, Morgan County, Ohio",115,46984,39
30260.0,"Marion township, Morgan County, Ohio",115,47796,39
37500.0,"York township, Morgan County, Ohio",115,87066,39
66250.0,"Bristol township, Morgan County, Ohio",115,08910,39
56417.0,"Center township, Morgan County, Ohio",115,12980,39
32448.0,"Morgan township, Morgan County, Ohio",115,52122,39
56875.0,"Meigsville township, Morgan County, Ohio",115,48930,39
44286.0,"Penn township, Morgan County, Ohio",115,61602,39
33517.0,"Bloom township, Morgan County, Ohio",115,06964,39
32266.0,"Union township, Morgan County, Ohio",115,78484,39
42393.0,"Windsor township, Morgan County, Ohio",115,86016,39
49271.0,"Deerfield township, Morgan County, Ohio",115,21182,39
44023.0,"Homer township, Morgan County, Ohio",115,36092,39
60125.0,"York township, Tuscarawas County, Ohio",157,87094,39
60000.0,"Bucks township, Tuscarawas County, Ohio",157,09988,39
62557.0,"Perry township, Tuscarawas County, Ohio",157,62092,39
46618.0,"Warren township, Tuscarawas County, Ohio",157,80920,39
54936.0,"Clay township, Tuscarawas County, Ohio",157,15574,39
80238.0,"Fairfield township, Tuscarawas County, Ohio",157,26082,39
42863.0,"Sandy township, Tuscarawas County, Ohio",157,70443,39
42174.0,"Union township, Tuscarawas County, Ohio",157,78568,39
53606.0,"Franklin township, Tuscarawas County, Ohio",157,28462,39
37007.0,"Mill township, Tuscarawas County, Ohio",157,50232,39
51397.0,"Goshen township, Tuscarawas County, Ohio",157,31066,39
43550.0,"New Philadelphia city, Tuscarawas County, Ohio",157,55216,39
41078.0,"Oxford township, Tuscarawas County, Ohio",157,59304,39
62330.0,"Wayne township, Tuscarawas County, Ohio",157,82292,39
59800.0,"Salem township, Tuscarawas County, Ohio",157,69974,39
48828.0,"Dover city, Tuscarawas County, Ohio",157,22456,39
52404.0,"Jefferson township, Tuscarawas County, Ohio",157,38836,39
44926.0,"Rush township, Tuscarawas County, Ohio",157,69106,39
56045.0,"Sugar Creek township, Tuscarawas County, Ohio",157,75217,39
53571.0,"Washington township, Tuscarawas County, Ohio",157,81648,39
63990.0,"Independence township, Washington County, Ohio",167,37268,39
51643.0,"Florence township, Williams County, Ohio",171,27530,39
49199.0,"Pulaski township, Williams County, Ohio",171,64920,39
52022.0,"Superior township, Williams County, Ohio",171,75819,39
53922.0,"Jefferson township, Williams County, Ohio",171,38864,39
45721.0,"Madison township, Williams County, Ohio",171,46634,39
49760.0,"Mill Creek township, Williams County, Ohio",171,50302,39
44732.0,"Northwest township, Williams County, Ohio",171,57162,39
53859.0,"Bridgewater township, Williams County, Ohio",171,08630,39
58504.0,"Center township, Williams County, Ohio",171,13008,39
54875.0,"Springfield township, Williams County, Ohio",171,74131,39
35815.0,"Bryan city, Williams County, Ohio",171,09792,39
47794.0,"St. Joseph township, Williams County, Ohio",171,69638,39
44229.0,"Brady township, Williams County, Ohio",171,08140,39
89722.0,"Goshen township, Auglaize County, Ohio",011,30954,39
80792.0,"Jackson township, Auglaize County, Ohio",011,37674,39
70323.0,"Moulton township, Auglaize County, Ohio",011,52472,39
59200.0,"Union township, Auglaize County, Ohio",011,78204,39
75911.0,"Clay township, Auglaize County, Ohio",011,15448,39
73929.0,"Salem township, Auglaize County, Ohio",011,69806,39
79113.0,"Noble township, Auglaize County, Ohio",011,55986,39
69940.0,"Washington township, Auglaize County, Ohio",011,81074,39
51625.0,"St. Marys township, Auglaize County, Ohio",011,69694,39
69614.0,"German township, Auglaize County, Ohio",011,29848,39
67813.0,"Pusheta township, Auglaize County, Ohio",011,65018,39
56875.0,"Wayne township, Auglaize County, Ohio",011,82054,39
74583.0,"Logan township, Auglaize County, Ohio",011,44618,39
51961.0,"Duchouquet township, Auglaize County, Ohio",011,22722,39
53125.0,"Wayne township, Columbiana County, Ohio",029,82138,39
35100.0,"Washington township, Columbiana County, Ohio",029,81158,39
47050.0,"Hanover township, Columbiana County, Ohio",029,33264,39
41631.0,"Center township, Columbiana County, Ohio",029,12910,39
66983.0,"West township, Columbiana County, Ohio",029,82852,39
53125.0,"Yellow Creek township, Columbiana County, Ohio",029,86912,39
46570.0,"Madison township, Columbiana County, Ohio",029,46368,39
47500.0,"St. Clair township, Columbiana County, Ohio",029,69512,39
50000.0,"Salem township, Columbiana County, Ohio",029,69848,39
103053.0,"Clear Creek township, Warren County, Ohio",165,15700,39
85530.0,"Harlan township, Warren County, Ohio",165,33474,39
133654.0,"Loveland city, Warren County, Ohio",165,45108,39
74310.0,"Wayne township, Warren County, Ohio",165,82306,39
88977.0,"Deerfield township, Warren County, Ohio",165,21238,39
87552.0,"Middleton township, Wood County, Ohio",173,49812,39
23750.0,"Fostoria city, Wood County, Ohio",173,28014,39
44948.0,"Liberty township, Wood County, Ohio",173,43400,39
79615.0,"Portage township, Wood County, Ohio",173,64122,39
56250.0,"Weston township, Wood County, Ohio",173,83986,39
50338.0,"Montgomery township, Wood County, Ohio",173,51744,39
87947.0,"Perrysburg city, Wood County, Ohio",173,62148,39
53125.0,"Jackson township, Wood County, Ohio",173,38164,39
97337.0,"Center township, Wood County, Ohio",173,13015,39
61389.0,"Grand Rapids township, Wood County, Ohio",173,31220,39
57155.0,"Perrysburg township, Wood County, Ohio",173,62162,39
56635.0,"Bloom township, Wood County, Ohio",173,07020,39
33794.0,"Bowling Green city, Wood County, Ohio",173,07972,39
78333.0,"Plain township, Wood County, Ohio",173,63002,39
60913.0,"Clear Creek township, Ashland County, Ohio",005,15672,39
50476.0,"Orange township, Ashland County, Ohio",005,58562,39
41218.0,"Ashland city, Ashland County, Ohio",005,02568,39
61850.0,"Lake township, Ashland County, Ohio",005,41272,39
60307.0,"Mohican township, Ashland County, Ohio",005,51086,39
56159.0,"Sullivan township, Ashland County, Ohio",005,75357,39
69728.0,"Milton township, Ashland County, Ohio",005,50610,39
57105.0,"Vermillion township, Ashland County, Ohio",005,79758,39
58100.0,"Jackson township, Ashland County, Ohio",005,37660,39
52039.0,"Dover township, Tuscarawas County, Ohio",157,22470,39
69875.0,"Auburn township, Tuscarawas County, Ohio",157,02918,39
68912.0,"Lawrence township, Tuscarawas County, Ohio",157,42182,39
57563.0,"Warwick township, Tuscarawas County, Ohio",157,81060,39
57625.0,"Clinton township, Wayne County, Ohio",169,16224,39
56125.0,"Paint township, Wayne County, Ohio",169,59556,39
61053.0,"Chippewa township, Wayne County, Ohio",169,14240,39
57103.0,"Baughman township, Wayne County, Ohio",169,04276,39
61167.0,"Chester township, Wayne County, Ohio",169,14044,39
69659.0,"Wayne township, Wayne County, Ohio",169,82320,39
55938.0,"Canaan township, Wayne County, Ohio",169,11276,39
62359.0,"Sugar Creek township, Wayne County, Ohio",169,75231,39
51298.0,"Congress township, Wayne County, Ohio",169,18322,39
68170.0,"Milton township, Wayne County, Ohio",169,50666,39
53568.0,"Green township, Wayne County, Ohio",169,31878,39
-666666666.0,"Norton city, Wayne County, Ohio",169,57260,39
64232.0,"Plain township, Wayne County, Ohio",169,62995,39
54914.0,"East Union township, Wayne County, Ohio",169,24136,39
59954.0,"Franklin township, Wayne County, Ohio",169,28504,39
49669.0,"Salt Creek township, Wayne County, Ohio",169,70198,39
43946.0,"Wooster city, Wayne County, Ohio",169,86548,39
58547.0,"Wooster township, Wayne County, Ohio",169,86562,39
42436.0,"Crane township, Wyandot County, Ohio",175,19190,39
61771.0,"Mifflin township, Wyandot County, Ohio",175,50106,39
58508.0,"Tymochtee township, Wyandot County, Ohio",175,78141,39
53125.0,"Jackson township, Wyandot County, Ohio",175,38178,39
48105.0,"Eden township, Wyandot County, Ohio",175,24360,39
57500.0,"Marseilles township, Wyandot County, Ohio",175,48006,39
78100.0,"Ridge township, Wyandot County, Ohio",175,66992,39
60536.0,"Pitt township, Wyandot County, Ohio",175,62904,39
61682.0,"Rossford city, Wood County, Ohio",173,68686,39
65893.0,"Freedom township, Wood County, Ohio",173,28756,39
56842.0,"Henry township, Wood County, Ohio",173,34986,39
51696.0,"Troy township, Wood County, Ohio",173,77630,39
85074.0,"Washington township, Wood County, Ohio",173,81704,39
55272.0,"Lake township, Wood County, Ohio",173,41328,39
52656.0,"Milton township, Wood County, Ohio",173,50680,39
59009.0,"Northwood city, Wood County, Ohio",173,57190,39
85306.0,"Perry township, Wood County, Ohio",173,62106,39
74063.0,"Webster township, Wood County, Ohio",173,82544,39
59148.0,"Sycamore township, Wyandot County, Ohio",175,75987,39
44837.0,"Antrim township, Wyandot County, Ohio",175,02190,39
52344.0,"Crawford township, Wyandot County, Ohio",175,19246,39
59773.0,"Salem township, Wyandot County, Ohio",175,70016,39
48313.0,"Richland township, Wyandot County, Ohio",175,66782,39
46636.0,"Pike township, Brown County, Ohio",015,62596,39
51891.0,"Byrd township, Brown County, Ohio",015,10758,39
43706.0,"Unity township, Columbiana County, Ohio",029,78890,39
44030.0,"Perry township, Columbiana County, Ohio",029,61798,39
49712.0,"Elkrun township, Columbiana County, Ohio",029,24906,39
55500.0,"Liverpool township, Columbiana County, Ohio",029,44226,39
30430.0,"East Liverpool city, Columbiana County, Ohio",029,23730,39
71944.0,"Franklin township, Columbiana County, Ohio",029,28238,39
49657.0,"Middleton township, Columbiana County, Ohio",029,49784,39
51971.0,"Butler township, Columbiana County, Ohio",029,10562,39
50978.0,"Fairfield township, Columbiana County, Ohio",029,25998,39
28148.0,"Wellsville village, Columbiana County, Ohio",029,82740,39
65964.0,"Knox township, Columbiana County, Ohio",029,40824,39
54931.0,"Brown township, Darke County, Ohio",037,09414,39
33750.0,"Jackson township, Darke County, Ohio",037,37758,39
42500.0,"Liberty township, Darke County, Ohio",037,43092,39
61964.0,"Monroe township, Darke County, Ohio",037,51366,39
72375.0,"Patterson township, Darke County, Ohio",037,61168,39
58750.0,"Butler township, Darke County, Ohio",037,10576,39
57386.0,"Washington township, Darke County, Ohio",037,81186,39
39914.0,"Greenville township, Darke County, Ohio",037,32354,39
47217.0,"Neave township, Darke County, Ohio",037,53732,39
60625.0,"Wabash township, Darke County, Ohio",037,80248,39
59758.0,"Franklin township, Darke County, Ohio",037,28266,39
57917.0,"Harrison township, Darke County, Ohio",037,33810,39
58359.0,"Twin township, Darke County, Ohio",037,77980,39
59537.0,"Adams township, Darke County, Ohio",037,00254,39
-666666666.0,"York township, Darke County, Ohio",037,87010,39
59340.0,"Wayne township, Darke County, Ohio",037,82152,39
62292.0,"Van Buren township, Darke County, Ohio",037,79380,39
67875.0,"Mississinawa township, Darke County, Ohio",037,50960,39
53438.0,"Allen township, Darke County, Ohio",037,01294,39
73750.0,"Richland township, Darke County, Ohio",037,66656,39
42969.0,"Bay township, Ottawa County, Ohio",123,04304,39
51541.0,"Danbury township, Ottawa County, Ohio",123,20058,39
40000.0,"Portage township, Ottawa County, Ohio",123,64080,39
65587.0,"Harris township, Ottawa County, Ohio",123,33726,39
65769.0,"Carroll township, Ottawa County, Ohio",123,12266,39
75268.0,"Allen township, Ottawa County, Ohio",123,01322,39
75057.0,"Benton township, Ottawa County, Ohio",123,05620,39
65357.0,"Montgomery township, Ashland County, Ohio",005,51688,39
54886.0,"Perry township, Ashland County, Ohio",005,61756,39
82705.0,"Ruggles township, Ashland County, Ohio",005,68966,39
59563.0,"Troy township, Ashland County, Ohio",005,77532,39
71424.0,"Mifflin township, Ashland County, Ohio",005,50050,39
41948.0,"Green township, Ashland County, Ohio",005,31682,39
45972.0,"Hanover township, Ashland County, Ohio",005,33236,39
56000.0,"Austinburg township, Ashtabula County, Ohio",007,03156,39
46992.0,"Colebrook township, Ashtabula County, Ohio",007,16560,39
56917.0,"Hartsgrove township, Ashtabula County, Ohio",007,34300,39
55563.0,"Kingsville township, Ashtabula County, Ohio",007,40404,39
58750.0,"Morgan township, Ashtabula County, Ohio",007,52066,39
59776.0,"North Kingsville village, Ashtabula County, Ohio",007,56700,39
29524.0,"Andover township, Ashtabula County, Ohio",007,02064,39
46250.0,"Cherry Valley township, Ashtabula County, Ohio",007,13890,39
51891.0,"Pierpont township, Ashtabula County, Ohio",007,62568,39
61828.0,"Rome township, Ashtabula County, Ohio",007,68224,39
59704.0,"Plymouth township, Ashtabula County, Ohio",007,63772,39
-666666666.0,"County subdivisions not defined, Ashtabula County, Ohio",007,00000,39
29909.0,"Ashtabula township, Ashtabula County, Ohio",007,02652,39
47491.0,"Saybrook township, Ashtabula County, Ohio",007,70646,39
38902.0,"Geneva township, Ashtabula County, Ohio",007,29624,39
44808.0,"Harpersfield township, Ashtabula County, Ohio",007,33642,39
49659.0,"Lenox township, Ashtabula County, Ohio",007,42742,39
74886.0,"Wayne township, Ashtabula County, Ohio",007,82040,39
47347.0,"Williamsfield township, Ashtabula County, Ohio",007,85372,39
51546.0,"Jefferson township, Ashtabula County, Ohio",007,38514,39
58469.0,"Windsor township, Ashtabula County, Ohio",007,85988,39
55711.0,"Denmark township, Ashtabula County, Ohio",007,21672,39
43444.0,"Monroe township, Ashtabula County, Ohio",007,51296,39
49659.0,"New Lyme township, Ashtabula County, Ohio",007,54964,39
39150.0,"Richmond township, Ashtabula County, Ohio",007,66796,39
39293.0,"Conneaut city, Ashtabula County, Ohio",007,18350,39
32797.0,"Dorset township, Ashtabula County, Ohio",007,22344,39
63750.0,"Sheffield township, Ashtabula County, Ohio",007,72053,39
41448.0,"Orwell township, Ashtabula County, Ohio",007,58870,39
52478.0,"Trumbull township, Ashtabula County, Ohio",007,77686,39
35152.0,"Huntington township, Brown County, Ohio",015,36834,39
53875.0,"Jefferson township, Brown County, Ohio",015,38528,39
58948.0,"Perry township, Brown County, Ohio",015,61770,39
39029.0,"Pleasant township, Brown County, Ohio",015,63212,39
50120.0,"Sterling township, Brown County, Ohio",015,74559,39
40854.0,"Union township, Brown County, Ohio",015,78232,39
39628.0,"Washington township, Brown County, Ohio",015,81102,39
52448.0,"Clark township, Brown County, Ohio",015,15224,39
54833.0,"Franklin township, Brown County, Ohio",015,28210,39
52754.0,"Green township, Brown County, Ohio",015,31696,39
77000.0,"Jackson township, Brown County, Ohio",015,37688,39
51689.0,"Lewis township, Brown County, Ohio",015,42910,39
44135.0,"Scott township, Brown County, Ohio",015,71066,39
50296.0,"Eagle township, Brown County, Ohio",015,23072,39
75492.0,"Morgan township, Butler County, Ohio",017,52080,39
115371.0,"Liberty township, Butler County, Ohio",017,43050,39
59750.0,"Madison township, Butler County, Ohio",017,46340,39
86374.0,"Fairfield township, Butler County, Ohio",017,25984,39
68776.0,"Hanover township, Butler County, Ohio",017,33250,39
71406.0,"Reily township, Butler County, Ohio",017,66096,39
38149.0,"Middletown city, Butler County, Ohio",017,49840,39
68580.0,"Milford township, Butler County, Ohio",017,50162,39
67975.0,"Trenton city, Butler County, Ohio",017,77322,39
58152.0,"Wayne township, Butler County, Ohio",017,82082,39
42360.0,"Hamilton city, Butler County, Ohio",017,33012,39
62198.0,"Fairfield city, Butler County, Ohio",017,25970,39
32553.0,"Oxford township, Butler County, Ohio",017,59241,39
78622.0,"Ross township, Butler County, Ohio",017,68616,39
51118.0,"St. Clair township, Butler County, Ohio",017,69498,39
73534.0,"Lemon township, Butler County, Ohio",017,42672,39
80000.0,"Milan township, Erie County, Ohio",043,50148,39
74625.0,"Berlin township, Erie County, Ohio",043,05802,39
58839.0,"Margaretta township, Erie County, Ohio",043,47572,39
-666666666.0,"Bellevue city, Erie County, Ohio",043,05228,39
58678.0,"Huron township, Erie County, Ohio",043,37030,39
63000.0,"Kelleys Island village, Erie County, Ohio",043,39662,39
67300.0,"Florence township, Erie County, Ohio",043,27482,39
46522.0,"Liberty township, Jackson County, Ohio",079,43204,39
38293.0,"Wellston city, Jackson County, Ohio",079,82712,39
61293.0,"Perkins township, Erie County, Ohio",043,61714,39
56699.0,"Vermilion township, Erie County, Ohio",043,79730,39
80375.0,"Oxford township, Erie County, Ohio",043,59276,39
-666666666.0,"County subdivisions not defined, Erie County, Ohio",043,00000,39
70959.0,"Groton township, Erie County, Ohio",043,32578,39
36117.0,"Sandusky city, Erie County, Ohio",043,70380,39
76458.0,"Franklin township, Harrison County, Ohio",067,28308,39
39427.0,"Rumley township, Harrison County, Ohio",067,68994,39
46146.0,"Stock township, Harrison County, Ohio",067,74724,39
44135.0,"Freeport township, Harrison County, Ohio",067,28812,39
57159.0,"Nottingham township, Harrison County, Ohio",067,57456,39
67143.0,"Moorefield township, Harrison County, Ohio",067,51940,39
39813.0,"Washington township, Harrison County, Ohio",067,81312,39
50250.0,"Short Creek township, Harrison County, Ohio",067,72361,39
40417.0,"German township, Harrison County, Ohio",067,29890,39
54875.0,"Archer township, Harrison County, Ohio",067,02358,39
40625.0,"Monroe township, Harrison County, Ohio",067,51394,39
42378.0,"Green township, Harrison County, Ohio",067,31766,39
57125.0,"Athens township, Harrison County, Ohio",067,02764,39
50469.0,"Cadiz township, Harrison County, Ohio",067,10814,39
40709.0,"North township, Harrison County, Ohio",067,56084,39
35818.0,"Fostoria city, Seneca County, Ohio",147,28014,39
61744.0,"Eden township, Seneca County, Ohio",147,24346,39
51038.0,"Lexington township, Stark County, Ohio",151,43022,39
52331.0,"Paris township, Stark County, Ohio",151,59850,39
70443.0,"Jackson township, Stark County, Ohio",151,38094,39
65453.0,"Nimishillen township, Stark County, Ohio",151,55944,39
59813.0,"Pike township, Stark County, Ohio",151,62694,39
60652.0,"Washington township, Stark County, Ohio",151,81634,39
63385.0,"Lawrence township, Stark County, Ohio",151,42168,39
53775.0,"Perry township, Stark County, Ohio",151,62078,39
54954.0,"Sugar Creek township, Stark County, Ohio",151,75208,39
58681.0,"Tuscarawas township, Stark County, Ohio",151,77910,39
32912.0,"Alliance city, Stark County, Ohio",151,01420,39
54827.0,"Louisville city, Stark County, Ohio",151,45094,39
44265.0,"Massillon city, Stark County, Ohio",151,48244,39
54327.0,"Osnaburg township, Stark County, Ohio",151,58926,39
53424.0,"Sandy township, Stark County, Ohio",151,70436,39
44631.0,"Bethlehem township, Stark County, Ohio",151,06180,39
48314.0,"Canton township, Stark County, Ohio",151,12014,39
30837.0,"Canton city, Stark County, Ohio",151,12000,39
56882.0,"Plain township, Stark County, Ohio",151,62988,39
77147.0,"Lake township, Stark County, Ohio",151,41314,39
71232.0,"Marlboro township, Stark County, Ohio",151,47936,39
54523.0,"Marion township, Allen County, Ohio",003,47656,39
55000.0,"Monroe township, Allen County, Ohio",003,51282,39
46528.0,"Perry township, Allen County, Ohio",003,61742,39
70069.0,"East township, Carroll County, Ohio",019,23226,39
49839.0,"Fox township, Carroll County, Ohio",019,28126,39
51250.0,"Orange township, Carroll County, Ohio",019,58576,39
46250.0,"Perry township, Carroll County, Ohio",019,61784,39
54219.0,"Lee township, Carroll County, Ohio",019,42434,39
64375.0,"Delaware township, Hancock County, Ohio",063,21462,39
68824.0,"Allen township, Hancock County, Ohio",063,01308,39
83409.0,"Marion township, Hancock County, Ohio",063,47698,39
59750.0,"Van Buren township, Hancock County, Ohio",063,79408,39
63438.0,"Union township, Hancock County, Ohio",063,78330,39
47083.0,"Findlay city, Hancock County, Ohio",063,27048,39
58750.0,"Jackson township, Hancock County, Ohio",063,37800,39
109219.0,"Portage township, Hancock County, Ohio",063,64066,39
42610.0,"Washington township, Hancock County, Ohio",063,81284,39
60940.0,"Liberty township, Hancock County, Ohio",063,43148,39
62391.0,"Biglick township, Hancock County, Ohio",063,06362,39
77014.0,"Amanda township, Hancock County, Ohio",063,01644,39
78696.0,"Blanchard township, Hancock County, Ohio",063,06838,39
113036.0,"Cass township, Hancock County, Ohio",063,12392,39
71895.0,"Orange township, Hancock County, Ohio",063,58632,39
50568.0,"Pleasant township, Hancock County, Ohio",063,63268,39
65625.0,"Eagle township, Hancock County, Ohio",063,23086,39
75353.0,"Madison township, Hancock County, Ohio",063,46438,39
58561.0,"Goshen township, Clermont County, Ohio",025,31010,39
50748.0,"Ohio township, Clermont County, Ohio",025,57960,39
57015.0,"Tate township, Clermont County, Ohio",025,76155,39
49146.0,"Wayne township, Clermont County, Ohio",025,82110,39
53160.0,"Franklin township, Clermont County, Ohio",025,28224,39
43496.0,"Milford city, Clermont County, Ohio",025,50176,39
60616.0,"Williamsburg township, Clermont County, Ohio",025,85302,39
83889.0,"Loveland city, Clermont County, Ohio",025,45108,39
57604.0,"Stonelick township, Clermont County, Ohio",025,74825,39
54566.0,"Jackson township, Clermont County, Ohio",025,37716,39
73841.0,"Pierce township, Clermont County, Ohio",025,62540,39
62022.0,"Batavia township, Clermont County, Ohio",025,04157,39
88928.0,"Miami township, Clermont County, Ohio",025,49322,39
55313.0,"Washington township, Clermont County, Ohio",025,81130,39
61277.0,"Union township, Clermont County, Ohio",025,78288,39
56855.0,"Sugar Creek township, Allen County, Ohio",003,75199,39
50087.0,"Bath township, Allen County, Ohio",003,04206,39
55250.0,"Auglaize township, Allen County, Ohio",003,02988,39
32894.0,"Lima city, Allen County, Ohio",003,43554,39
53757.0,"American township, Allen County, Ohio",003,01756,39
60489.0,"Jackson township, Allen County, Ohio",003,37646,39
64698.0,"Richland township, Allen County, Ohio",003,66614,39
52578.0,"Fairfield township, Huron County, Ohio",077,26040,39
75708.0,"Peru township, Huron County, Ohio",077,62246,39
57083.0,"Ripley township, Huron County, Ohio",077,67300,39
64130.0,"Sherman township, Huron County, Ohio",077,72193,39
43507.0,"Norwalk city, Huron County, Ohio",077,57302,39
51003.0,"Bellevue city, Huron County, Ohio",077,05228,39
42639.0,"Greenwich village, Huron County, Ohio",077,32368,39
70481.0,"Bronson township, Huron County, Ohio",077,09148,39
64474.0,"Norwalk township, Huron County, Ohio",077,57316,39
50244.0,"Norwich township, Huron County, Ohio",077,57358,39
41653.0,"Fitchville township, Huron County, Ohio",077,27216,39
52583.0,"Marshall township, Highland County, Ohio",071,48034,39
51827.0,"Concord township, Highland County, Ohio",071,18168,39
37986.0,"Paint township, Highland County, Ohio",071,59500,39
57014.0,"Penn township, Highland County, Ohio",071,61588,39
58750.0,"Clay township, Highland County, Ohio",071,15476,39
40168.0,"Liberty township, Highland County, Ohio",071,43190,39
40898.0,"Washington township, Highland County, Ohio",071,81340,39
41250.0,"Dodson township, Highland County, Ohio",071,22204,39
56556.0,"Harrison township, Henry County, Ohio",069,33866,39
92500.0,"Richfield township, Henry County, Ohio",069,66502,39
71106.0,"Washington township, Henry County, Ohio",069,81326,39
60000.0,"Monroe township, Henry County, Ohio",069,51408,39
58542.0,"Liberty township, Henry County, Ohio",069,43176,39
49412.0,"Bartlow township, Henry County, Ohio",069,04052,39
53355.0,"Damascus township, Henry County, Ohio",069,20016,39
53081.0,"Napoleon township, Henry County, Ohio",069,53564,39
71615.0,"Ridgeville township, Henry County, Ohio",069,67062,39
62750.0,"Freedom township, Henry County, Ohio",069,28700,39
52366.0,"Pleasant township, Henry County, Ohio",069,63296,39
65700.0,"Marion township, Henry County, Ohio",069,47726,39
77083.0,"Flatrock township, Henry County, Ohio",069,27342,39
55240.0,"Mount Pleasant township, Jefferson County, Ohio",081,52990,39
34769.0,"Steubenville city, Jefferson County, Ohio",081,74608,39
42607.0,"Warren township, Jefferson County, Ohio",081,80878,39
69922.0,"Brush Creek township, Jefferson County, Ohio",081,09750,39
57734.0,"Salem township, Jefferson County, Ohio",081,69876,39
41520.0,"Springfield township, Jefferson County, Ohio",081,74122,39
39044.0,"Wells township, Jefferson County, Ohio",081,82698,39
46875.0,"Island Creek township, Jefferson County, Ohio",081,37534,39
50909.0,"Ross township, Jefferson County, Ohio",081,68644,39
42212.0,"Wayne township, Jefferson County, Ohio",081,82180,39
47176.0,"Smithfield township, Jefferson County, Ohio",081,72767,39
53280.0,"Cross Creek township, Jefferson County, Ohio",081,19484,39
36250.0,"Knox township, Jefferson County, Ohio",081,40866,39
45196.0,"Steubenville township, Jefferson County, Ohio",081,74615,39
41827.0,"Saline township, Jefferson County, Ohio",081,70086,39
63316.0,"Shalersville township, Portage County, Ohio",133,71731,39
49413.0,"Middlefield township, Geauga County, Ohio",055,49714,39
60163.0,"Parkman township, Geauga County, Ohio",055,59948,39
67115.0,"Thompson township, Geauga County, Ohio",055,76628,39
62647.0,"Troy township, Geauga County, Ohio",055,77574,39
64679.0,"Claridon township, Geauga County, Ohio",055,15168,39
104219.0,"South Russell village, Geauga County, Ohio",055,73684,39
115304.0,"Auburn township, Geauga County, Ohio",055,02904,39
77026.0,"Hambden township, Geauga County, Ohio",055,32914,39
56653.0,"Huntsburg township, Geauga County, Ohio",055,36946,39
45263.0,"Middlefield village, Geauga County, Ohio",055,49700,39
75250.0,"Montville township, Geauga County, Ohio",055,51842,39
112823.0,"Bainbridge township, Geauga County, Ohio",055,03590,39
94875.0,"Munson township, Geauga County, Ohio",055,53340,39
-666666666.0,"Hunting Valley village, Geauga County, Ohio",055,36918,39
53041.0,"Burton township, Geauga County, Ohio",055,10464,39
68958.0,"Newbury township, Geauga County, Ohio",055,54292,39
103077.0,"Russell township, Geauga County, Ohio",055,69232,39
62159.0,"Spencer township, Guernsey County, Ohio",059,73986,39
60464.0,"Westland township, Guernsey County, Ohio",059,83664,39
36314.0,"Knox township, Guernsey County, Ohio",059,40838,39
50577.0,"Oxford township, Guernsey County, Ohio",059,59290,39
45588.0,"Valley township, Guernsey County, Ohio",059,79156,39
57014.0,"Liberty township, Guernsey County, Ohio",059,43134,39
68194.0,"Washington township, Guernsey County, Ohio",059,81256,39
50234.0,"Adams township, Guernsey County, Ohio",059,00282,39
34980.0,"Jackson township, Guernsey County, Ohio",059,37786,39
54924.0,"Richland township, Guernsey County, Ohio",059,66698,39
48929.0,"Wheeling township, Guernsey County, Ohio",059,84616,39
48250.0,"Center township, Guernsey County, Ohio",059,12938,39
-666666666.0,"Jefferson township, Guernsey County, Ohio",059,38640,39
56287.0,"Londonderry township, Guernsey County, Ohio",059,44716,39
51650.0,"Madison township, Guernsey County, Ohio",059,46424,39
45927.0,"Monroe township, Guernsey County, Ohio",059,51380,39
33064.0,"Cambridge township, Guernsey County, Ohio",059,11003,39
45114.0,"Millwood township, Guernsey County, Ohio",059,50568,39
65313.0,"Wills township, Guernsey County, Ohio",059,85708,39
62031.0,"Marion township, Hocking County, Ohio",073,47740,39
53872.0,"Boardman township, Mahoning County, Ohio",099,07468,39
74844.0,"Lyme township, Huron County, Ohio",077,45514,39
40676.0,"Willard city, Huron County, Ohio",077,85232,39
49716.0,"New Haven township, Huron County, Ohio",077,54712,39
39844.0,"New London township, Huron County, Ohio",077,54922,39
70689.0,"Canfield township, Mahoning County, Ohio",099,11374,39
45966.0,"Goshen township, Mahoning County, Ohio",099,31038,39
54375.0,"Jackson township, Mahoning County, Ohio",099,37884,39
63152.0,"Green township, Mahoning County, Ohio",099,31794,39
75964.0,"Poland township, Mahoning County, Ohio",099,63968,39
38570.0,"Struthers city, Mahoning County, Ohio",099,75126,39
54750.0,"Springfield township, Mahoning County, Ohio",099,74124,39
26295.0,"Youngstown city, Mahoning County, Ohio",099,88000,39
39821.0,"Lowellville village, Mahoning County, Ohio",099,45178,39
62212.0,"Beaver township, Mahoning County, Ohio",099,04668,39
59007.0,"Coitsville township, Mahoning County, Ohio",099,16476,39
43636.0,"New Middletown village, Mahoning County, Ohio",099,55118,39
39931.0,"Smith township, Mahoning County, Ohio",099,72740,39
61618.0,"Ellsworth township, Mahoning County, Ohio",099,25088,39
36661.0,"Sebring village, Mahoning County, Ohio",099,71220,39
29728.0,"Campbell city, Mahoning County, Ohio",099,11066,39
45024.0,"Milton township, Mahoning County, Ohio",099,50638,39
50363.0,"Berlin township, Mahoning County, Ohio",099,05858,39
45622.0,"Austintown township, Mahoning County, Ohio",099,03198,39
39091.0,"Lodi township, Athens County, Ohio",009,44590,39
60919.0,"Ames township, Athens County, Ohio",009,01770,39
26762.0,"Waterloo township, Athens County, Ohio",009,81777,39
52332.0,"Alexander township, Athens County, Ohio",009,01112,39
47763.0,"Bern township, Athens County, Ohio",009,05942,39
34268.0,"Dover township, Athens County, Ohio",009,22414,39
34038.0,"Canaan township, Athens County, Ohio",009,11220,39
32977.0,"Athens township, Athens County, Ohio",009,02750,39
34628.0,"Trimble township, Athens County, Ohio",009,77420,39
69989.0,"Rocky River city, Cuyahoga County, Ohio",035,68056,39
88462.0,"Valley View village, Cuyahoga County, Ohio",035,79268,39
43282.0,"Bedford city, Cuyahoga County, Ohio",035,04878,39
101060.0,"Brecksville city, Cuyahoga County, Ohio",035,08364,39
85339.0,"Broadview Heights city, Cuyahoga County, Ohio",035,09064,39
37141.0,"Euclid city, Cuyahoga County, Ohio",035,25704,39
52611.0,"Parma city, Cuyahoga County, Ohio",035,61000,39
71007.0,"University Heights city, Cuyahoga County, Ohio",035,78932,39
52344.0,"Cuyahoga Heights village, Cuyahoga County, Ohio",035,19806,39
45909.0,"Brooklyn city, Cuyahoga County, Ohio",035,09246,39
49854.0,"Brook Park city, Cuyahoga County, Ohio",035,09288,39
103787.0,"Highland Heights city, Cuyahoga County, Ohio",035,35252,39
86026.0,"Beachwood city, Cuyahoga County, Ohio",035,04500,39
27854.0,"Cleveland city, Cuyahoga County, Ohio",035,16000,39
55339.0,"Cleveland Heights city, Cuyahoga County, Ohio",035,16014,39
57416.0,"Berea city, Cuyahoga County, Ohio",035,05690,39
93443.0,"Independence city, Cuyahoga County, Ohio",035,37240,39
141681.0,"Moreland Hills village, Cuyahoga County, Ohio",035,52052,39
63750.0,"Olmsted Falls city, Cuyahoga County, Ohio",035,58422,39
84135.0,"Strongsville city, Cuyahoga County, Ohio",035,75098,39
45859.0,"Woodmere village, Cuyahoga County, Ohio",035,86394,39
21184.0,"East Cleveland city, Cuyahoga County, Ohio",035,23380,39
70496.0,"Lyndhurst city, Cuyahoga County, Ohio",035,45556,39
103906.0,"Darby township, Union County, Ohio",159,20170,39
68563.0,"Paris township, Union County, Ohio",159,59864,39
70602.0,"Union township, Union County, Ohio",159,78582,39
49853.0,"Claibourne township, Union County, Ohio",159,15112,39
62571.0,"Goshen township, Champaign County, Ohio",021,30982,39
59886.0,"Mad River township, Champaign County, Ohio",021,46760,39
59267.0,"Salem township, Muskingum County, Ohio",119,69932,39
45833.0,"Newton township, Muskingum County, Ohio",119,55608,39
40619.0,"Springfield township, Muskingum County, Ohio",119,74125,39
68073.0,"Rich Hill township, Muskingum County, Ohio",119,66600,39
27185.0,"Zanesville city, Muskingum County, Ohio",119,88084,39
58068.0,"Adams township, Muskingum County, Ohio",119,00310,39
75288.0,"Blue Rock township, Muskingum County, Ohio",119,07398,39
65221.0,"Salt Creek township, Muskingum County, Ohio",119,70170,39
65000.0,"Licking township, Muskingum County, Ohio",119,43470,39
51816.0,"Perry township, Muskingum County, Ohio",119,61994,39
86302.0,"Penfield township, Lorain County, Ohio",093,61532,39
31904.0,"Sheffield township, Lorain County, Ohio",093,72067,39
50459.0,"Wellington township, Lorain County, Ohio",093,82656,39
70417.0,"Camden township, Lorain County, Ohio",093,11010,39
36139.0,"Lorain city, Lorain County, Ohio",093,44856,39
61692.0,"Sheffield Lake city, Lorain County, Ohio",093,72088,39
51117.0,"Oberlin city, Lorain County, Ohio",093,57834,39
84247.0,"Grafton township, Lorain County, Ohio",093,31164,39
60804.0,"Rochester township, Lorain County, Ohio",093,67776,39
73456.0,"Sheffield village, Lorain County, Ohio",093,72060,39
-666666666.0,"County subdivisions not defined, Lorain County, Ohio",093,00000,39
80943.0,"Avon Lake city, Lorain County, Ohio",093,03464,39
65242.0,"Brighton township, Lorain County, Ohio",093,08770,39
56449.0,"Brownhelm township, Lorain County, Ohio",093,09568,39
62083.0,"Henrietta township, Lorain County, Ohio",093,34972,39
92883.0,"Avon city, Lorain County, Ohio",093,03352,39
69005.0,"Carlisle township, Lorain County, Ohio",093,12140,39
71625.0,"New Russia township, Lorain County, Ohio",093,55446,39
70063.0,"Pittsfield township, Lorain County, Ohio",093,62960,39
69336.0,"Huntington township, Lorain County, Ohio",093,36876,39
84672.0,"Huber Heights city, Miami County, Ohio",109,36610,39
61779.0,"Lostcreek township, Miami County, Ohio",109,44968,39
58958.0,"Brown township, Miami County, Ohio",109,09498,39
67638.0,"Monroe township, Miami County, Ohio",109,51492,39
61571.0,"Newton township, Miami County, Ohio",109,55594,39
76964.0,"Washington township, Miami County, Ohio",109,81466,39
53361.0,"Concord township, Miami County, Ohio",109,18224,39
50897.0,"Newberry township, Miami County, Ohio",109,54138,39
43849.0,"Piqua city, Miami County, Ohio",109,62848,39
73077.0,"Springcreek township, Miami County, Ohio",109,74097,39
67311.0,"Bethel township, Miami County, Ohio",109,06110,39
81875.0,"Staunton township, Miami County, Ohio",109,74475,39
52908.0,"Union township, Miami County, Ohio",109,78456,39
63060.0,"Elizabeth township, Miami County, Ohio",109,24836,39
38026.0,"Adams township, Monroe County, Ohio",111,00296,39
44570.0,"Benton township, Monroe County, Ohio",111,05606,39
29792.0,"Jackson township, Monroe County, Ohio",111,37898,39
36429.0,"Cincinnati city, Hamilton County, Ohio",061,15000,39
115882.0,"Evendale village, Hamilton County, Ohio",061,25802,39
75775.0,"Blue Ash city, Hamilton County, Ohio",061,07300,39
61143.0,"Harrison township, Hamilton County, Ohio",061,33852,39
36098.0,"Mount Healthy city, Hamilton County, Ohio",061,52752,39
73783.0,"Newtown village, Hamilton County, Ohio",061,55678,39
48701.0,"Reading city, Hamilton County, Ohio",061,65732,39
215679.0,"The Village of Indian Hill city, Hamilton County, Ohio",061,76582,39
61621.0,"Columbia township, Hamilton County, Ohio",061,16882,39
53972.0,"Forest Park city, Hamilton County, Ohio",061,27706,39
97292.0,"Madeira city, Hamilton County, Ohio",061,46312,39
95179.0,"Anderson township, Hamilton County, Ohio",061,01980,39
72411.0,"Crosby township, Hamilton County, Ohio",061,19470,39
70987.0,"Delhi township, Hamilton County, Ohio",061,21504,39
24055.0,"Lincoln Heights village, Hamilton County, Ohio",061,43722,39
98208.0,"Mariemont village, Hamilton County, Ohio",061,47600,39
-666666666.0,"Fairfield city, Hamilton County, Ohio",061,25970,39
51538.0,"Springdale city, Hamilton County, Ohio",061,74104,39
59747.0,"Springfield township, Hamilton County, Ohio",061,74121,39
55139.0,"Whitewater township, Hamilton County, Ohio",061,84938,39
31875.0,"Lockland village, Hamilton County, Ohio",061,44366,39
60744.0,"Sharonville city, Hamilton County, Ohio",061,71892,39
65056.0,"Loveland city, Hamilton County, Ohio",061,45108,39
-666666666.0,"Milford city, Hamilton County, Ohio",061,50176,39
40949.0,"Cheviot city, Hamilton County, Ohio",061,14128,39
103250.0,"Symmes township, Hamilton County, Ohio",061,76028,39
98806.0,"Grandview Heights city, Franklin County, Ohio",049,31304,39
95471.0,"Sharon township, Franklin County, Ohio",049,71787,39
37864.0,"Whitehall city, Franklin County, Ohio",049,84742,39
50643.0,"Hamilton township, Franklin County, Ohio",049,33026,39
120635.0,"Jefferson township, Franklin County, Ohio",049,38612,39
96639.0,"Norwich township, Franklin County, Ohio",049,57344,39
54353.0,"Prairie township, Franklin County, Ohio",049,64570,39
57370.0,"Truro township, Franklin County, Ohio",049,77714,39
104796.0,"Bexley city, Franklin County, Ohio",049,06278,39
120750.0,"Perry township, Franklin County, Ohio",049,61840,39
83872.0,"Westerville city, Franklin County, Ohio",049,83342,39
50345.0,"Union township, Muskingum County, Ohio",119,78498,39
44583.0,"Harrison township, Muskingum County, Ohio",119,33936,39
58167.0,"Highland township, Muskingum County, Ohio",119,35238,39
37125.0,"Meigs township, Muskingum County, Ohio",119,48916,39
44013.0,"Jefferson township, Muskingum County, Ohio",119,38752,39
37276.0,"Brush Creek township, Muskingum County, Ohio",119,09757,39
63654.0,"Hopewell township, Muskingum County, Ohio",119,36372,39
61951.0,"Falls township, Muskingum County, Ohio",119,26502,39
58682.0,"Washington township, Muskingum County, Ohio",119,81522,39
55060.0,"Monroe township, Muskingum County, Ohio",119,51506,39
39734.0,"Jackson township, Muskingum County, Ohio",119,37926,39
48520.0,"Riley township, Sandusky County, Ohio",143,67188,39
57500.0,"York township, Sandusky County, Ohio",143,87080,39
52665.0,"Bellevue city, Sandusky County, Ohio",143,05228,39
35296.0,"Fremont city, Sandusky County, Ohio",143,28826,39
72560.0,"Jackson township, Sandusky County, Ohio",143,38052,39
49461.0,"Rice township, Sandusky County, Ohio",143,66460,39
65306.0,"Townsend township, Sandusky County, Ohio",143,77162,39
70000.0,"Catawba Island township, Ottawa County, Ohio",123,12588,39
62419.0,"Clay township, Ottawa County, Ohio",123,15546,39
45500.0,"Erie township, Ottawa County, Ohio",123,25578,39
43554.0,"Port Clinton city, Ottawa County, Ohio",123,64150,39
63125.0,"Put-in-Bay township, Ottawa County, Ohio",123,65046,39
46394.0,"Salem township, Ottawa County, Ohio",123,69946,39
60000.0,"Royalton township, Fulton County, Ohio",051,68896,39
59420.0,"Amboy township, Fulton County, Ohio",051,01728,39
62868.0,"Fulton township, Fulton County, Ohio",051,29036,39
51563.0,"Chesterfield township, Fulton County, Ohio",051,14072,39
51888.0,"Clinton township, Fulton County, Ohio",051,16126,39
60803.0,"Swan Creek township, Fulton County, Ohio",051,75861,39
50400.0,"Dover township, Fulton County, Ohio",051,22442,39
46622.0,"Gorham township, Fulton County, Ohio",051,30940,39
58803.0,"German township, Fulton County, Ohio",051,29876,39
67115.0,"Pike township, Fulton County, Ohio",051,62638,39
67171.0,"York township, Fulton County, Ohio",051,87024,39
52321.0,"Franklin township, Fulton County, Ohio",051,28294,39
43603.0,"Liberty township, Hardin County, Ohio",065,43162,39
45000.0,"Washington township, Hardin County, Ohio",065,81298,39
63885.0,"Dudley township, Hardin County, Ohio",065,22736,39
59712.0,"Hale township, Hardin County, Ohio",065,32837,39
70417.0,"Lynn township, Hardin County, Ohio",065,45598,39
43523.0,"McDonald township, Hardin County, Ohio",065,45920,39
39167.0,"Marion township, Hardin County, Ohio",065,47712,39
49097.0,"Blanchard township, Hardin County, Ohio",065,06866,39
48933.0,"Buck township, Hardin County, Ohio",065,09848,39
69464.0,"Roundhead township, Hardin County, Ohio",065,68784,39
50139.0,"Cessna township, Hardin County, Ohio",065,13316,39
77188.0,"Goshen township, Hardin County, Ohio",065,31024,39
51923.0,"Jackson township, Hardin County, Ohio",065,37814,39
40948.0,"Pleasant township, Hardin County, Ohio",065,63282,39
73333.0,"Taylor Creek township, Hardin County, Ohio",065,76198,39
27188.0,"Bloomfield township, Jackson County, Ohio",079,07090,39
63162.0,"College township, Knox County, Ohio",083,16686,39
69063.0,"Hilliar township, Knox County, Ohio",083,35462,39
71500.0,"Wayne township, Knox County, Ohio",083,82194,39
44855.0,"Jackson township, Knox County, Ohio",083,37870,39
48500.0,"Pike township, Knox County, Ohio",083,62652,39
58549.0,"Berlin township, Knox County, Ohio",083,05844,39
54493.0,"Brown township, Knox County, Ohio",083,09470,39
54167.0,"Clay township, Knox County, Ohio",083,15504,39
61194.0,"Howard township, Knox County, Ohio",083,36526,39
77750.0,"Liberty township, Knox County, Ohio",083,43218,39
-666666666.0,"Middlebury township, Knox County, Ohio",083,49658,39
62115.0,"Morris township, Knox County, Ohio",083,52290,39
35701.0,"Butler township, Knox County, Ohio",083,10590,39
54222.0,"Harrison township, Knox County, Ohio",083,33880,39
81949.0,"Milford township, Knox County, Ohio",083,50204,39
42222.0,"Fredericktown village, Knox County, Ohio",083,28658,39
49348.0,"Jefferson township, Knox County, Ohio",083,38668,39
39512.0,"Hamilton township, Jackson County, Ohio",079,33040,39
50472.0,"Milton township, Jackson County, Ohio",079,50624,39
42617.0,"Scioto township, Jackson County, Ohio",079,70856,39
45925.0,"Jefferson township, Jackson County, Ohio",079,38654,39
40556.0,"Lick township, Jackson County, Ohio",079,43442,39
41661.0,"Coal township, Jackson County, Ohio",079,16336,39
44875.0,"Jackson township, Jackson County, Ohio",079,37856,39
50698.0,"Madison township, Jackson County, Ohio",079,46466,39
50368.0,"Franklin township, Jackson County, Ohio",079,28322,39
38164.0,"Jackson city, Jackson County, Ohio",079,37842,39
61705.0,"Washington township, Jackson County, Ohio",079,81382,39
66020.0,"Maumee city, Lucas County, Ohio",095,48342,39
52557.0,"Washington township, Lucas County, Ohio",095,81438,39
57093.0,"Jerusalem township, Lucas County, Ohio",095,39116,39
61196.0,"Harding township, Lucas County, Ohio",095,33418,39
88103.0,"Monclova township, Lucas County, Ohio",095,51156,39
123462.0,"Ottawa Hills village, Lucas County, Ohio",095,59010,39
57917.0,"Harbor View village, Lucas County, Ohio",095,33376,39
52222.0,"Spencer township, Lucas County, Ohio",095,73990,39
78723.0,"Sylvania township, Lucas County, Ohio",095,76025,39
82571.0,"Richfield township, Lucas County, Ohio",095,66516,39
64706.0,"Springfield township, Lucas County, Ohio",095,74123,39
67895.0,"Swanton township, Lucas County, Ohio",095,75903,39
55523.0,"Oregon city, Lucas County, Ohio",095,58730,39
82482.0,"Waterville township, Lucas County, Ohio",095,81872,39
35808.0,"Toledo city, Lucas County, Ohio",095,77000,39
74777.0,"Providence township, Lucas County, Ohio",095,64836,39
64583.0,"Chester township, Morrow County, Ohio",117,14030,39
55625.0,"Congress township, Morrow County, Ohio",117,18294,39
41236.0,"Gilead township, Morrow County, Ohio",117,30128,39
59583.0,"Lincoln township, Morrow County, Ohio",117,43680,39
67188.0,"South Bloomfield township, Morrow County, Ohio",117,73061,39
57838.0,"Harmony township, Morrow County, Ohio",117,33600,39
38281.0,"Perry township, Morrow County, Ohio",117,61980,39
55750.0,"Peru township, Morrow County, Ohio",117,62260,39
49125.0,"North Bloomfield township, Morrow County, Ohio",117,56224,39
55034.0,"Cardington township, Morrow County, Ohio",117,12098,39
56985.0,"Washington township, Morrow County, Ohio",117,81508,39
38275.0,"Mount Vernon city, Knox County, Ohio",083,53102,39
63810.0,"Monroe township, Knox County, Ohio",083,51436,39
44800.0,"Union township, Knox County, Ohio",083,78358,39
60417.0,"Pleasant township, Knox County, Ohio",083,63310,39
57337.0,"Miller township, Knox County, Ohio",083,50330,39
45333.0,"Clinton township, Knox County, Ohio",083,16140,39
77781.0,"Morgan township, Knox County, Ohio",083,52108,39
40129.0,"Newark city, Licking County, Ohio",089,54040,39
48238.0,"Heath city, Licking County, Ohio",089,34748,39
97726.0,"Liberty township, Licking County, Ohio",089,43232,39
68995.0,"Licking township, Licking County, Ohio",089,43456,39
54810.0,"Monroe township, Licking County, Ohio",089,51450,39
57895.0,"Newton township, Licking County, Ohio",089,55580,39
52500.0,"Franklin township, Licking County, Ohio",089,28336,39
57543.0,"Hanover township, Licking County, Ohio",089,33299,39
62474.0,"Madison township, Licking County, Ohio",089,46508,39
52875.0,"Willshire township, Van Wert County, Ohio",161,85750,39
57281.0,"Jackson township, Van Wert County, Ohio",161,38122,39
88350.0,"Harrison township, Van Wert County, Ohio",161,34034,39
65455.0,"Jennings township, Van Wert County, Ohio",161,38990,39
46518.0,"Hoaglin township, Van Wert County, Ohio",161,35756,39
47321.0,"Aurelius township, Washington County, Ohio",167,03072,39
48469.0,"Barlow township, Washington County, Ohio",167,03898,39
34125.0,"Grandview township, Washington County, Ohio",167,31276,39
37609.0,"Marietta township, Washington County, Ohio",167,47642,39
54531.0,"Watertown township, Washington County, Ohio",167,81844,39
35556.0,"Marietta city, Washington County, Ohio",167,47628,39
64844.0,"Newport township, Washington County, Ohio",167,55356,39
-666666666.0,"Palmer township, Washington County, Ohio",167,59626,39
51583.0,"Fairfield township, Washington County, Ohio",167,26096,39
60302.0,"Fearing township, Washington County, Ohio",167,26810,39
53466.0,"Decatur township, Washington County, Ohio",167,21098,39
46795.0,"Adams township, Washington County, Ohio",167,00338,39
57526.0,"Belpre township, Washington County, Ohio",167,05438,39
36940.0,"Lawrence township, Washington County, Ohio",167,42196,39
52713.0,"Dunham township, Washington County, Ohio",167,22918,39
73491.0,"Liberty township, Washington County, Ohio",167,43386,39
46080.0,"Waterford township, Washington County, Ohio",167,81774,39
42793.0,"Belpre city, Washington County, Ohio",167,05424,39
68229.0,"Muskingum township, Washington County, Ohio",167,53452,39
34671.0,"Wesley township, Washington County, Ohio",167,82838,39
64554.0,"Ludlow township, Washington County, Ohio",167,45360,39
46619.0,"Salem township, Washington County, Ohio",167,70002,39
51865.0,"Warren township, Washington County, Ohio",167,80934,39
48679.0,"Fowler township, Trumbull County, Ohio",155,28098,39
52321.0,"Greene township, Trumbull County, Ohio",155,32046,39
44271.0,"Vernon township, Trumbull County, Ohio",155,79856,39
48919.0,"Kinsman township, Trumbull County, Ohio",155,40502,39
55147.0,"Mesopotamia township, Trumbull County, Ohio",155,49210,39
56458.0,"Southington township, Trumbull County, Ohio",155,73397,39
-666666666.0,"Youngstown city, Trumbull County, Ohio",155,88000,39
56250.0,"Gustavus township, Trumbull County, Ohio",155,32732,39
36378.0,"Warren township, Trumbull County, Ohio",155,80906,39
60521.0,"Bristol township, Trumbull County, Ohio",155,08938,39
56392.0,"Farmington township, Trumbull County, Ohio",155,26684,39
70774.0,"Hartford township, Trumbull County, Ohio",155,34230,39
52721.0,"Vienna township, Trumbull County, Ohio",155,80052,39
63728.0,"Cortland city, Trumbull County, Ohio",155,18812,39
60152.0,"Howland township, Trumbull County, Ohio",155,36554,39
44395.0,"Liberty township, Trumbull County, Ohio",155,43344,39
29241.0,"Warren city, Trumbull County, Ohio",155,80892,39
51351.0,"Lordstown village, Trumbull County, Ohio",155,44912,39
56635.0,"Mecca township, Trumbull County, Ohio",155,48678,39
42280.0,"Weathersfield township, Trumbull County, Ohio",155,82446,39
45375.0,"McDonald village, Trumbull County, Ohio",155,45934,39
52083.0,"Orangeville village, Trumbull County, Ohio",155,58674,39
69942.0,"Shawnee township, Allen County, Ohio",003,71955,39
71429.0,"Amanda township, Allen County, Ohio",003,01602,39
43225.0,"Spencer township, Allen County, Ohio",003,73982,39
60417.0,"Bethlehem township, Coshocton County, Ohio",031,06152,39
41250.0,"Jefferson township, Coshocton County, Ohio",031,38556,39
43182.0,"Mill Creek township, Coshocton County, Ohio",031,50274,39
51574.0,"Oxford township, Coshocton County, Ohio",031,59248,39
57188.0,"Crawford township, Coshocton County, Ohio",031,19218,39
35000.0,"Jackson township, Coshocton County, Ohio",031,37730,39
53750.0,"Pike township, Coshocton County, Ohio",031,62624,39
46250.0,"Adams township, Coshocton County, Ohio",031,00240,39
39412.0,"Coshocton city, Coshocton County, Ohio",031,18868,39
45139.0,"Newcastle township, Coshocton County, Ohio",031,54376,39
69485.0,"Tiverton township, Coshocton County, Ohio",031,76953,39
49722.0,"Virginia township, Coshocton County, Ohio",031,80220,39
48784.0,"Bedford township, Coshocton County, Ohio",031,04864,39
40078.0,"Clark township, Coshocton County, Ohio",031,15266,39
44149.0,"Lafayette township, Coshocton County, Ohio",031,41132,39
39313.0,"Linton township, Coshocton County, Ohio",031,43960,39
48158.0,"Monroe township, Coshocton County, Ohio",031,51352,39
25338.0,"Tuscarawas township, Coshocton County, Ohio",031,77896,39
47885.0,"Franklin township, Coshocton County, Ohio",031,28252,39
60227.0,"Keene township, Coshocton County, Ohio",031,39634,39
32421.0,"Perry township, Coshocton County, Ohio",031,61812,39
49957.0,"White Eyes township, Coshocton County, Ohio",031,84714,39
63068.0,"Washington township, Coshocton County, Ohio",031,81172,39
53750.0,"Chatfield township, Crawford County, Ohio",033,13708,39
49625.0,"Cranberry township, Crawford County, Ohio",033,19134,39
74028.0,"Dallas township, Crawford County, Ohio",033,19932,39
52634.0,"Jefferson township, Crawford County, Ohio",033,38570,39
49803.0,"Polk township, Crawford County, Ohio",033,64010,39
55508.0,"Monroe township, Clermont County, Ohio",025,51338,39
64348.0,"Greenfield township, Fairfield County, Ohio",045,32060,39
64255.0,"Walnut township, Fairfield County, Ohio",045,80570,39
94195.0,"Bloom township, Fairfield County, Ohio",045,06950,39
62125.0,"Madison township, Fairfield County, Ohio",045,46382,39
57344.0,"Berne township, Fairfield County, Ohio",045,05956,39
70307.0,"Hocking township, Fairfield County, Ohio",045,35812,39
61650.0,"Amanda township, Fairfield County, Ohio",045,01637,39
67167.0,"Pleasant township, Fairfield County, Ohio",045,63240,39
70000.0,"Rush Creek township, Fairfield County, Ohio",045,69120,39
49484.0,"Clearcreek township, Fairfield County, Ohio",045,15686,39
65923.0,"Liberty township, Fairfield County, Ohio",045,43120,39
54405.0,"Richland township, Fairfield County, Ohio",045,66684,39
56662.0,"Columbus city, Fairfield County, Ohio",045,18000,39
93653.0,"Violet township, Fairfield County, Ohio",045,80206,39
55362.0,"Noble township, Defiance County, Ohio",039,56014,39
56750.0,"Richland township, Defiance County, Ohio",039,66670,39
81579.0,"Adams township, Defiance County, Ohio",039,00268,39
64886.0,"Farmer township, Defiance County, Ohio",039,26614,39
59770.0,"Mark township, Defiance County, Ohio",039,47852,39
60192.0,"Tiffin township, Defiance County, Ohio",039,76772,39
57841.0,"Highland township, Defiance County, Ohio",039,35196,39
63618.0,"Washington township, Defiance County, Ohio",039,81200,39
49021.0,"Defiance township, Defiance County, Ohio",039,21322,39
55757.0,"Delaware township, Defiance County, Ohio",039,21420,39
55186.0,"Hicksville township, Defiance County, Ohio",039,35112,39
83750.0,"Milford township, Defiance County, Ohio",039,50190,39
30425.0,"Madison township, Highland County, Ohio",071,46452,39
38750.0,"Union township, Highland County, Ohio",071,78344,39
43232.0,"Fairfield township, Highland County, Ohio",071,26026,39
-666666666.0,"Hamer township, Highland County, Ohio",071,32970,39
56250.0,"New Market township, Highland County, Ohio",071,55048,39
43586.0,"Whiteoak township, Highland County, Ohio",071,84826,39
46985.0,"Salem township, Highland County, Ohio",071,69862,39
50074.0,"Brushcreek township, Highland County, Ohio",071,09736,39
46250.0,"Jackson township, Highland County, Ohio",071,37828,39
47273.0,"Auburn township, Crawford County, Ohio",033,02890,39
65361.0,"Vernon township, Crawford County, Ohio",033,79786,39
46071.0,"Holmes township, Crawford County, Ohio",033,35980,39
38272.0,"Bucyrus city, Crawford County, Ohio",033,10030,39
35167.0,"Jackson township, Crawford County, Ohio",033,37744,39
69020.0,"Liberty township, Crawford County, Ohio",033,43078,39
53092.0,"Whetstone township, Crawford County, Ohio",033,84644,39
44688.0,"Lykens township, Crawford County, Ohio",033,45500,39
58750.0,"Sandusky township, Crawford County, Ohio",033,70366,39
50455.0,"Texas township, Crawford County, Ohio",033,76463,39
61136.0,"Tod township, Crawford County, Ohio",033,76967,39
66429.0,"Bucyrus township, Crawford County, Ohio",033,10044,39
74034.0,"Delaware township, Delaware County, Ohio",041,21448,39
81151.0,"Harlem township, Delaware County, Ohio",041,33516,39
100324.0,"Kingston township, Delaware County, Ohio",041,40362,39
91447.0,"Porter township, Delaware County, Ohio",041,64178,39
112656.0,"Berkshire township, Delaware County, Ohio",041,05774,39
42386.0,"Ashley village, Delaware County, Ohio",041,02582,39
64000.0,"Thompson township, Delaware County, Ohio",041,76617,39
87833.0,"Brown township, Delaware County, Ohio",041,09428,39
46182.0,"Troy township, Athens County, Ohio",009,77546,39
48526.0,"Lee township, Athens County, Ohio",009,42420,39
50086.0,"Carthage township, Athens County, Ohio",009,12336,39
29695.0,"York township, Athens County, Ohio",009,86982,39
44063.0,"Rome township, Athens County, Ohio",009,68238,39
55144.0,"Suffield township, Portage County, Ohio",133,75189,39
45972.0,"Windham township, Portage County, Ohio",133,85960,39
84657.0,"Aurora city, Portage County, Ohio",133,03086,39
70881.0,"Rootstown township, Portage County, Ohio",133,68392,39
57571.0,"Garrettsville village, Portage County, Ohio",133,29442,39
77093.0,"Hiram township, Portage County, Ohio",133,35672,39
45455.0,"Nelson township, Portage County, Ohio",133,53858,39
38906.0,"Windham village, Portage County, Ohio",133,85946,39
62222.0,"Hiram village, Portage County, Ohio",133,35658,39
38198.0,"Kent city, Portage County, Ohio",133,39872,39
62500.0,"Mantua township, Portage County, Ohio",133,47194,39
60048.0,"Palmyra township, Portage County, Ohio",133,59668,39
103750.0,"Sugar Bush Knolls village, Portage County, Ohio",133,75196,39
54688.0,"Atwater township, Portage County, Ohio",133,02862,39
45000.0,"Brady Lake village, Portage County, Ohio",133,08168,39
61000.0,"Paris township, Portage County, Ohio",133,59822,39
36472.0,"Ravenna city, Portage County, Ohio",133,65592,39
60914.0,"Streetsboro city, Portage County, Ohio",133,75014,39
56921.0,"Brimfield township, Portage County, Ohio",133,08840,39
57696.0,"Deerfield township, Portage County, Ohio",133,21210,39
63281.0,"Franklin township, Portage County, Ohio",133,28392,39
66636.0,"Randolph township, Portage County, Ohio",133,65452,39
61216.0,"Mogadore village, Portage County, Ohio",133,51058,39
117125.0,"Tallmadge city, Portage County, Ohio",133,76106,39
55000.0,"Freedom township, Portage County, Ohio",133,28742,39
45089.0,"Mantua village, Portage County, Ohio",133,47180,39
44408.0,"Ravenna township, Portage County, Ohio",133,65606,39
46731.0,"Charlestown township, Portage County, Ohio",133,13610,39
62887.0,"Edinburg township, Portage County, Ohio",133,24584,39
60088.0,"Ottawa township, Putnam County, Ohio",137,58996,39
65469.0,"Monterey township, Putnam County, Ohio",137,51660,39
74000.0,"Blanchard township, Putnam County, Ohio",137,06880,39
57143.0,"Palmer township, Putnam County, Ohio",137,59612,39
68371.0,"Liberty township, Putnam County, Ohio",137,43288,39
61086.0,"Pleasant township, Putnam County, Ohio",137,63380,39
51190.0,"Perry township, Putnam County, Ohio",137,62036,39
60909.0,"Riley township, Putnam County, Ohio",137,67174,39
58375.0,"Sugar Creek township, Putnam County, Ohio",137,75206,39
40941.0,"Van Buren township, Putnam County, Ohio",137,79450,39
49400.0,"Starr township, Hocking County, Ohio",073,74405,39
42980.0,"Falls township, Hocking County, Ohio",073,26488,39
66250.0,"Good Hope township, Hocking County, Ohio",073,30842,39
85240.0,"Laurel township, Hocking County, Ohio",073,42056,39
55438.0,"Benton township, Hocking County, Ohio",073,05578,39
38813.0,"Salt Creek township, Hocking County, Ohio",073,70142,39
40402.0,"Green township, Hocking County, Ohio",073,31780,39
45850.0,"Perry township, Hocking County, Ohio",073,61868,39
44438.0,"Washington township, Hocking County, Ohio",073,81354,39
49107.0,"Ward township, Hocking County, Ohio",073,80780,39
60455.0,"Painesville township, Lake County, Ohio",085,59430,39
116000.0,"Waite Hill village, Lake County, Ohio",085,80402,39
59070.0,"Willowick city, Lake County, Ohio",085,85638,39
82464.0,"Leroy township, Lake County, Ohio",085,42812,39
60250.0,"Lakeline village, Lake County, Ohio",085,41398,39
45806.0,"Painesville city, Lake County, Ohio",085,59416,39
54078.0,"Willoughby city, Lake County, Ohio",085,85484,39
117411.0,"Kirtland Hills village, Lake County, Ohio",085,40670,39
66545.0,"Perry township, Lake County, Ohio",085,61896,39
86044.0,"Concord township, Lake County, Ohio",085,18196,39
77530.0,"Kirtland city, Lake County, Ohio",085,40642,39
54384.0,"Madison township, Lake County, Ohio",085,46494,39
51880.0,"Mentor-on-the-Lake city, Lake County, Ohio",085,49098,39
51168.0,"Wickliffe city, Lake County, Ohio",085,85036,39
-666666666.0,"County subdivisions not defined, Lake County, Ohio",085,00000,39
70357.0,"Timberlake village, Lake County, Ohio",085,76834,39
60757.0,"Willoughby Hills city, Lake County, Ohio",085,85512,39
50424.0,"Eastlake city, Lake County, Ohio",085,23618,39
70625.0,"Mentor city, Lake County, Ohio",085,49056,39
46327.0,"Franklin township, Mercer County, Ohio",107,28350,39
46333.0,"Union township, Mercer County, Ohio",107,78442,39
62386.0,"Washington township, Mercer County, Ohio",107,81452,39
49757.0,"Dublin township, Mercer County, Ohio",107,22708,39
67083.0,"Recovery township, Mercer County, Ohio",107,65781,39
-666666666.0,"Wayne township, Mercer County, Ohio",107,82206,39
83719.0,"Granville township, Mercer County, Ohio",107,31430,39
84643.0,"Center township, Mercer County, Ohio",107,12952,39
73258.0,"Marion township, Mercer County, Ohio",107,47782,39
31484.0,"Oliver township, Adams County, Ohio",001,58366,39
58365.0,"Winchester township, Adams County, Ohio",001,85890,39
38393.0,"Green township, Adams County, Ohio",001,31668,39
27031.0,"Manchester township, Adams County, Ohio",001,47026,39
33108.0,"Brush Creek township, Adams County, Ohio",001,09722,39
36875.0,"Scott township, Adams County, Ohio",001,71052,39
30147.0,"Jefferson township, Adams County, Ohio",001,38486,39
49205.0,"Sprigg township, Adams County, Ohio",001,74069,39
34007.0,"Tiffin township, Adams County, Ohio",001,76768,39
66635.0,"Wayne township, Adams County, Ohio",001,82012,39
47396.0,"Liberty township, Adams County, Ohio",001,43036,39
42266.0,"Bratton township, Adams County, Ohio",001,08350,39
30987.0,"Franklin township, Adams County, Ohio",001,28196,39
32540.0,"Meigs township, Adams County, Ohio",001,48888,39
27375.0,"Monroe township, Adams County, Ohio",001,51268,39
27943.0,"Portsmouth city, Scioto County, Ohio",145,64304,39
48125.0,"Brush Creek township, Scioto County, Ohio",145,09764,39
68162.0,"Vernon township, Scioto County, Ohio",145,79828,39
51250.0,"Nile township, Scioto County, Ohio",145,55902,39
49375.0,"Union township, Scioto County, Ohio",145,78554,39
50256.0,"Madison township, Scioto County, Ohio",145,46606,39
33901.0,"Washington township, Scioto County, Ohio",145,81606,39
50759.0,"Porter township, Scioto County, Ohio",145,64206,39
57188.0,"Jefferson township, Scioto County, Ohio",145,38815,39
40163.0,"Bloom township, Scioto County, Ohio",145,06992,39
51635.0,"Clay township, Scioto County, Ohio",145,15560,39
36031.0,"Morgan township, Scioto County, Ohio",145,52150,39
17344.0,"New Boston village, Scioto County, Ohio",145,54166,39
38462.0,"Valley township, Scioto County, Ohio",145,79170,39
41818.0,"Green township, Scioto County, Ohio",145,31836,39
45833.0,"Harrison township, Scioto County, Ohio",145,34020,39
37204.0,"Rush township, Scioto County, Ohio",145,69092,39
23889.0,"Rarden township, Scioto County, Ohio",145,65522,39
77423.0,"Medina township, Medina County, Ohio",103,48804,39
106524.0,"Montville township, Medina County, Ohio",103,51856,39
75417.0,"Chatham township, Medina County, Ohio",103,13750,39
73142.0,"Lafayette township, Medina County, Ohio",103,41174,39
74950.0,"Greensburg township, Putnam County, Ohio",137,32228,39
64777.0,"Jennings township, Putnam County, Ohio",137,38976,39
52151.0,"Monroe township, Putnam County, Ohio",137,51562,39
77941.0,"Union township, Putnam County, Ohio",137,78526,39
69559.0,"Jackson township, Putnam County, Ohio",137,38024,39
62304.0,"Richland township, Belmont County, Ohio",013,66628,39
49115.0,"Flushing township, Belmont County, Ohio",013,27566,39
53307.0,"Mead township, Belmont County, Ohio",013,48580,39
30000.0,"Somerset township, Belmont County, Ohio",013,72970,39
36635.0,"Pease township, Belmont County, Ohio",013,61378,39
44722.0,"Warren township, Belmont County, Ohio",013,80864,39
55263.0,"Wheeling township, Belmont County, Ohio",013,84602,39
38828.0,"Pultney township, Belmont County, Ohio",013,64962,39
41023.0,"Goshen township, Belmont County, Ohio",013,30968,39
42075.0,"York township, Belmont County, Ohio",013,86996,39
50804.0,"Colerain township, Belmont County, Ohio",013,16602,39
44028.0,"Kirkwood township, Belmont County, Ohio",013,40600,39
49773.0,"Smith township, Belmont County, Ohio",013,72736,39
70000.0,"Union township, Belmont County, Ohio",013,78218,39
53730.0,"Wayne township, Belmont County, Ohio",013,82068,39
-666666666.0,"Washington township, Belmont County, Ohio",013,81088,39
50179.0,"Green township, Clinton County, Ohio",027,31710,39
66094.0,"Vernon township, Clinton County, Ohio",027,79772,39
63696.0,"Liberty township, Clinton County, Ohio",027,43064,39
66250.0,"Wilson township, Clinton County, Ohio",027,85820,39
66467.0,"Chester township, Clinton County, Ohio",027,13974,39
58409.0,"Clark township, Clinton County, Ohio",027,15238,39
69427.0,"Wayne township, Clinton County, Ohio",027,82124,39
82697.0,"Adams township, Clinton County, Ohio",027,00226,39
41563.0,"Jefferson township, Clinton County, Ohio",027,38542,39
45750.0,"Marion township, Clinton County, Ohio",027,47670,39
47174.0,"Richland township, Clinton County, Ohio",027,66642,39
53839.0,"Washington township, Clinton County, Ohio",027,81144,39
59979.0,"Union township, Clinton County, Ohio",027,78302,39
56429.0,"Concord township, Fayette County, Ohio",047,18154,39
41786.0,"Jasper township, Fayette County, Ohio",047,38388,39
63148.0,"Green township, Fayette County, Ohio",047,31724,39
43036.0,"Black Creek township, Mercer County, Ohio",107,06586,39
63644.0,"Gibson township, Mercer County, Ohio",107,30058,39
57956.0,"Butler township, Mercer County, Ohio",107,10604,39
66434.0,"Liberty township, Mercer County, Ohio",107,43260,39
47894.0,"Jefferson township, Mercer County, Ohio",107,38724,39
75833.0,"Hopewell township, Mercer County, Ohio",107,36344,39
46330.0,"Buckskin township, Ross County, Ohio",141,10016,39
39202.0,"Scioto township, Ross County, Ohio",141,70898,39
37470.0,"Huntington township, Ross County, Ohio",141,36890,39
73079.0,"Colerain township, Ross County, Ohio",141,16630,39
67262.0,"Green township, Ross County, Ohio",141,31822,39
60245.0,"Jefferson township, Ross County, Ohio",141,38808,39
49167.0,"Paint township, Ross County, Ohio",141,59542,39
36061.0,"Paxton township, Ross County, Ohio",141,61308,39
45662.0,"Twin township, Ross County, Ohio",141,78008,39
61184.0,"Franklin township, Ross County, Ohio",141,28420,39
47861.0,"Springfield township, Ross County, Ohio",141,74129,39
53620.0,"Liberty township, Ross County, Ohio",141,43302,39
41927.0,"Harrison township, Ross County, Ohio",141,34006,39
50093.0,"Concord township, Ross County, Ohio",141,18238,39
31875.0,"Deerfield township, Ross County, Ohio",141,21224,39
62996.0,"Union township, Ross County, Ohio",141,78540,39
67708.0,"Salem township, Champaign County, Ohio",021,69820,39
83036.0,"Harrison township, Champaign County, Ohio",021,33796,39
69063.0,"Wayne township, Champaign County, Ohio",021,82096,39
72963.0,"Adams township, Champaign County, Ohio",021,00212,39
56250.0,"Concord township, Champaign County, Ohio",021,18126,39
67443.0,"Jackson township, Champaign County, Ohio",021,37702,39
74583.0,"Union township, Champaign County, Ohio",021,78274,39
40694.0,"Urbana township, Champaign County, Ohio",021,79086,39
55187.0,"Johnson township, Champaign County, Ohio",021,39228,39
58009.0,"Rush township, Champaign County, Ohio",021,69078,39
58526.0,"Pebble township, Pike County, Ohio",131,61392,39
37250.0,"Marion township, Pike County, Ohio",131,47824,39
32500.0,"Seal township, Pike County, Ohio",131,71171,39
54167.0,"Beaver township, Pike County, Ohio",131,04710,39
37617.0,"Benton township, Pike County, Ohio",131,05648,39
35050.0,"Newton township, Pike County, Ohio",131,55622,39
56352.0,"Scioto township, Pike County, Ohio",131,70884,39
26630.0,"Union township, Pike County, Ohio",131,78512,39
38819.0,"Mifflin township, Pike County, Ohio",131,50078,39
38750.0,"Perry township, Pike County, Ohio",131,62022,39
29602.0,"Camp Creek township, Pike County, Ohio",131,11122,39
58628.0,"Jackson township, Pike County, Ohio",131,37996,39
47260.0,"Pee Pee township, Pike County, Ohio",131,61434,39
63235.0,"Sunfish township, Pike County, Ohio",131,75637,39
51410.0,"Carryall township, Paulding County, Ohio",125,12308,39
80461.0,"Washington township, Paulding County, Ohio",125,81536,39
51202.0,"Auglaize township, Paulding County, Ohio",125,03002,39
51164.0,"Emerald township, Paulding County, Ohio",125,25298,39
51765.0,"Jackson township, Paulding County, Ohio",125,37954,39
43125.0,"Paulding township, Paulding County, Ohio",125,61266,39
58703.0,"Crane township, Paulding County, Ohio",125,19176,39
-666666666.0,"Bloomfield township, Logan County, Ohio",091,07118,39
32750.0,"Washington township, Logan County, Ohio",091,81424,39
51144.0,"Miami township, Logan County, Ohio",091,49378,39
62609.0,"Richland township, Logan County, Ohio",091,66740,39
67885.0,"Harrison township, Logan County, Ohio",091,33908,39
60000.0,"McArthur township, Logan County, Ohio",091,45682,39
40065.0,"Stokes township, Logan County, Ohio",091,74780,39
80060.0,"Zane township, Logan County, Ohio",091,88042,39
68750.0,"Jefferson township, Logan County, Ohio",091,38682,39
43596.0,"Lake township, Logan County, Ohio",091,41286,39
64861.0,"Bokescreek township, Logan County, Ohio",091,07552,39
51920.0,"Liberty township, Logan County, Ohio",091,43246,39
66389.0,"Perry township, Logan County, Ohio",091,61938,39
82120.0,"Union township, Logan County, Ohio",091,78414,39
64886.0,"Rushcreek township, Logan County, Ohio",091,69134,39
75688.0,"Monroe township, Logan County, Ohio",091,51464,39
62083.0,"Pleasant township, Logan County, Ohio",091,63324,39
53007.0,"London city, Madison County, Ohio",097,44674,39
47279.0,"Monroe township, Madison County, Ohio",097,51478,39
66635.0,"Oak Run township, Madison County, Ohio",097,57708,39
77891.0,"Canaan township, Madison County, Ohio",097,11234,39
78712.0,"Fairfield township, Madison County, Ohio",097,26068,39
48565.0,"Stokes township, Madison County, Ohio",097,74784,39
67731.0,"Deer Creek township, Madison County, Ohio",097,21154,39
75938.0,"Paint township, Madison County, Ohio",097,59528,39
94426.0,"Somerford township, Madison County, Ohio",097,72960,39
86250.0,"Union township, Madison County, Ohio",097,78428,39
70048.0,"Darby township, Madison County, Ohio",097,20142,39
52167.0,"Pleasant township, Madison County, Ohio",097,63338,39
70357.0,"Range township, Madison County, Ohio",097,65480,39
60331.0,"Jefferson township, Madison County, Ohio",097,38696,39
71250.0,"Pike township, Madison County, Ohio",097,62666,39
65321.0,"Norton city, Summit County, Ohio",153,57260,39
69004.0,"Fairlawn city, Summit County, Ohio",153,26166,39
81615.0,"Northfield Center township, Summit County, Ohio",153,56490,39
89015.0,"Twinsburg township, Summit County, Ohio",153,78064,39
60824.0,"Clinton village, Summit County, Ohio",153,16182,39
64539.0,"Middleburg Heights city, Cuyahoga County, Ohio",035,49644,39
62112.0,"North Olmsted city, Cuyahoga County, Ohio",035,56882,39
54534.0,"Fairview Park city, Cuyahoga County, Ohio",035,26446,39
151042.0,"Gates Mills village, Cuyahoga County, Ohio",035,29498,39
250001.0,"Hunting Valley village, Cuyahoga County, Ohio",035,36918,39
63603.0,"Walton Hills village, Cuyahoga County, Ohio",035,80738,39
-666666666.0,"County subdivisions not defined, Cuyahoga County, Ohio",035,00000,39
84500.0,"Bratenahl village, Cuyahoga County, Ohio",035,08336,39
95524.0,"Bay Village city, Cuyahoga County, Ohio",035,04416,39
81966.0,"Westlake city, Cuyahoga County, Ohio",035,83622,39
82830.0,"Shaker Heights city, Cuyahoga County, Ohio",035,71682,39
41962.0,"Bedford Heights city, Cuyahoga County, Ohio",035,04920,39
46696.0,"Parma Heights city, Cuyahoga County, Ohio",035,61028,39
69236.0,"North Royalton city, Cuyahoga County, Ohio",035,57008,39
51061.0,"Oakwood village, Cuyahoga County, Ohio",035,57750,39
89063.0,"Chagrin Falls township, Cuyahoga County, Ohio",035,13372,39
70694.0,"Ripley township, Holmes County, Ohio",075,67286,39
41136.0,"Knox township, Holmes County, Ohio",075,40852,39
67543.0,"Prairie township, Holmes County, Ohio",075,64584,39
44531.0,"Richland township, Holmes County, Ohio",075,66712,39
60972.0,"Mechanic township, Holmes County, Ohio",075,48692,39
44321.0,"Hardy township, Holmes County, Ohio",075,33460,39
49224.0,"Killbuck township, Holmes County, Ohio",075,40194,39
56964.0,"Walnut Creek township, Holmes County, Ohio",075,80626,39
56302.0,"Washington township, Holmes County, Ohio",075,81368,39
56607.0,"Clark township, Holmes County, Ohio",075,15280,39
67778.0,"Monroe township, Holmes County, Ohio",075,51422,39
65481.0,"Paint township, Holmes County, Ohio",075,59514,39
78256.0,"Berlin township, Holmes County, Ohio",075,05830,39
60375.0,"Salt Creek township, Holmes County, Ohio",075,70156,39
56023.0,"Amherst township, Lorain County, Ohio",093,01812,39
54107.0,"Elyria township, Lorain County, Ohio",093,25270,39
68159.0,"Amherst city, Lorain County, Ohio",093,01798,39
75370.0,"Columbia township, Lorain County, Ohio",093,16910,39
74051.0,"Eaton township, Lorain County, Ohio",093,24220,39
42067.0,"Elyria city, Lorain County, Ohio",093,25256,39
55150.0,"Grafton village, Lorain County, Ohio",093,31150,39
69848.0,"North Ridgeville city, Lorain County, Ohio",093,56966,39
58938.0,"Harrison township, Paulding County, Ohio",125,33950,39
47308.0,"Brown township, Paulding County, Ohio",125,09512,39
40208.0,"Latty township, Paulding County, Ohio",125,42000,39
55208.0,"Benton township, Paulding County, Ohio",125,05634,39
46932.0,"Blue Creek township, Paulding County, Ohio",125,07370,39
65417.0,"Cedarville township, Greene County, Ohio",057,12798,39
46612.0,"Bath township, Greene County, Ohio",057,04220,39
67330.0,"Caesarscreek township, Greene County, Ohio",057,10856,39
67111.0,"Miami township, Greene County, Ohio",057,49336,39
49151.0,"Silvercreek township, Greene County, Ohio",057,72473,39
54265.0,"Jefferson township, Greene County, Ohio",057,38626,39
73682.0,"New Jasper township, Greene County, Ohio",057,54810,39
54893.0,"Woodville township, Sandusky County, Ohio",143,86506,39
59643.0,"Scott township, Sandusky County, Ohio",143,71087,39
55587.0,"Green Creek township, Sandusky County, Ohio",143,31990,39
53646.0,"Madison township, Sandusky County, Ohio",143,46592,39
41979.0,"Green Springs village, Sandusky County, Ohio",143,32256,39
56317.0,"Sandusky township, Sandusky County, Ohio",143,70408,39
56875.0,"Washington township, Sandusky County, Ohio",143,81592,39
62904.0,"Ballville township, Sandusky County, Ohio",143,03730,39
66607.0,"Dinsmore township, Shelby County, Ohio",149,22050,39
73359.0,"Loramie township, Shelby County, Ohio",149,44884,39
46840.0,"Clinton township, Shelby County, Ohio",149,16168,39
56610.0,"Jackson township, Shelby County, Ohio",149,38080,39
67679.0,"Green township, Shelby County, Ohio",149,31850,39
54643.0,"Orange township, Shelby County, Ohio",149,58660,39
75000.0,"Van Buren township, Shelby County, Ohio",149,79464,39
74701.0,"Franklin township, Shelby County, Ohio",149,28434,39
85313.0,"Turtle Creek township, Shelby County, Ohio",149,77854,39
60163.0,"Perry township, Shelby County, Ohio",149,62064,39
67941.0,"McLean township, Shelby County, Ohio",149,46172,39
50769.0,"Malaga township, Monroe County, Ohio",111,46928,39
34345.0,"Franklin township, Monroe County, Ohio",111,28357,39
48125.0,"Ohio township, Monroe County, Ohio",111,57988,39
42955.0,"Salem township, Monroe County, Ohio",111,69918,39
54741.0,"Summit township, Monroe County, Ohio",111,75497,39
46534.0,"Sunsbury township, Monroe County, Ohio",111,75686,39
57500.0,"Switzerland township, Monroe County, Ohio",111,75945,39
72679.0,"Washington township, Monroe County, Ohio",111,81480,39
34407.0,"Center township, Monroe County, Ohio",111,12966,39
-666666666.0,"Bethel township, Monroe County, Ohio",111,06124,39
43472.0,"Seneca township, Monroe County, Ohio",111,71349,39
45304.0,"Lee township, Monroe County, Ohio",111,42448,39
44543.0,"Green township, Monroe County, Ohio",111,31808,39
34167.0,"Perry township, Monroe County, Ohio",111,61952,39
55227.0,"Wayne township, Monroe County, Ohio",111,82208,39
30128.0,"Dayton city, Montgomery County, Ohio",113,21000,39
32163.0,"Harrison township, Montgomery County, Ohio",113,33922,39
52740.0,"Vandalia city, Montgomery County, Ohio",113,79492,39
77221.0,"Washington township, Montgomery County, Ohio",113,81494,39
55271.0,"Miami township, Montgomery County, Ohio",113,49392,39
98125.0,"Oakwood city, Montgomery County, Ohio",113,57764,39
32977.0,"Trotwood city, Montgomery County, Ohio",113,77504,39
48116.0,"Moraine city, Montgomery County, Ohio",113,52010,39
62857.0,"German township, Montgomery County, Ohio",113,29904,39
60737.0,"Jackson township, Montgomery County, Ohio",113,37912,39
43915.0,"Jefferson township, Montgomery County, Ohio",113,38738,39
-666666666.0,"Wayne township, Montgomery County, Ohio",113,82222,39
51923.0,"Clay township, Montgomery County, Ohio",113,15518,39
78552.0,"Butler township, Montgomery County, Ohio",113,10618,39
55025.0,"Huber Heights city, Montgomery County, Ohio",113,36610,39
51520.0,"Perry township, Montgomery County, Ohio",113,61966,39
53348.0,"Kettering city, Montgomery County, Ohio",113,40040,39
63447.0,"Englewood city, Montgomery County, Ohio",113,25396,39
74972.0,"Mifflin township, Franklin County, Ohio",049,50064,39
49104.0,"Columbus city, Franklin County, Ohio",049,18000,39
60715.0,"Madison township, Franklin County, Ohio",049,46410,39
107727.0,"Marble Cliff village, Franklin County, Ohio",049,47474,39
67353.0,"Blendon township, Franklin County, Ohio",049,06922,39
67967.0,"Jackson township, Franklin County, Ohio",049,37772,39
117309.0,"Washington township, Franklin County, Ohio",049,81242,39
33456.0,"Clinton township, Franklin County, Ohio",049,16112,39
110397.0,"Upper Arlington city, Franklin County, Ohio",049,79002,39
108839.0,"Brown township, Franklin County, Ohio",049,09442,39
72994.0,"Pleasant township, Franklin County, Ohio",049,63254,39
164250.0,"Plain township, Franklin County, Ohio",049,62974,39
43907.0,"Franklin township, Franklin County, Ohio",049,28280,39
50366.0,"Lawrence township, Lawrence County, Ohio",087,42154,39
58088.0,"Mason township, Lawrence County, Ohio",087,48174,39
40972.0,"Symmes township, Lawrence County, Ohio",087,76031,39
34649.0,"Upper township, Lawrence County, Ohio",087,78974,39
50000.0,"Hamilton township, Lawrence County, Ohio",087,33054,39
57500.0,"Rome township, Lawrence County, Ohio",087,68280,39
50223.0,"Union township, Lawrence County, Ohio",087,78372,39
53075.0,"Fayette township, Lawrence County, Ohio",087,26782,39
33500.0,"Decatur township, Lawrence County, Ohio",087,21084,39
23370.0,"Washington township, Lawrence County, Ohio",087,81396,39
46508.0,"Windsor township, Lawrence County, Ohio",087,86002,39
40858.0,"Aid township, Lawrence County, Ohio",087,00562,39
31875.0,"Elizabeth township, Lawrence County, Ohio",087,24822,39
38322.0,"Perry township, Lawrence County, Ohio",087,61910,39
39481.0,"Big Island township, Marion County, Ohio",101,06348,39
46731.0,"Bowling Green township, Marion County, Ohio",101,07958,39
57344.0,"Prospect township, Marion County, Ohio",101,64794,39
62454.0,"Waldo township, Marion County, Ohio",101,80514,39
49375.0,"Grand township, Marion County, Ohio",101,31178,39
48047.0,"Grand Prairie township, Marion County, Ohio",101,31192,39
53553.0,"Green Camp township, Marion County, Ohio",101,31962,39
37432.0,"Marion township, Marion County, Ohio",101,47768,39
-666666666.0,"Scott township, Marion County, Ohio",101,71073,39
43983.0,"Montgomery township, Marion County, Ohio",101,51730,39
69773.0,"Claridon township, Marion County, Ohio",101,15196,39
53803.0,"Washington township, Shelby County, Ohio",149,81620,39
75000.0,"Cynthian township, Shelby County, Ohio",149,19834,39
72647.0,"Salem township, Shelby County, Ohio",149,69960,39
51124.0,"Bazetta township, Trumbull County, Ohio",155,04444,39
58472.0,"Bloomfield township, Trumbull County, Ohio",155,07160,39
52000.0,"Johnston township, Trumbull County, Ohio",155,39298,39
45926.0,"Newton township, Trumbull County, Ohio",155,55636,39
56042.0,"Braceville township, Trumbull County, Ohio",155,08056,39
42525.0,"Brookfield township, Trumbull County, Ohio",155,09190,39
55961.0,"Champion township, Trumbull County, Ohio",155,13470,39
48147.0,"Hubbard township, Trumbull County, Ohio",155,36596,39
56091.0,"Franklin township, Warren County, Ohio",165,28490,39
93872.0,"Mason city, Warren County, Ohio",165,48188,39
72639.0,"Massie township, Warren County, Ohio",165,48216,39
54621.0,"Union township, Warren County, Ohio",165,78610,39
74406.0,"Washington township, Warren County, Ohio",165,81690,39
91610.0,"Hamilton township, Warren County, Ohio",165,33068,39
64700.0,"Lebanon city, Warren County, Ohio",165,42364,39
60895.0,"Salem township, Warren County, Ohio",165,69988,39
93426.0,"Turtlecreek township, Warren County, Ohio",165,77868,39
66100.0,"Fairfield township, Mahoning County, Ohio",099,25998,39
51029.0,"St. Bernard village, Hamilton County, Ohio",061,69470,39
38750.0,"Canaan township, Medina County, Ohio",103,11276,39
-666666666.0,"Perry township, Mahoning County, Ohio",099,61798,39
36871.0,"Silverton village, Hamilton County, Ohio",061,72522,39
40280.0,"Crestline village, Crawford County, Ohio",033,19330,39
44961.0,"Rittman city, Wayne County, Ohio",169,67356,39
60822.0,"Medina City township, Medina County, Ohio",103,48808,39
77799.0,"Columbus City township, Delaware County, Ohio",041,18010,39
70706.0,"Green city, Summit County, Ohio",153,31860,39
70856.0,"Clayton village, Montgomery County, Ohio",113,15644,39
-666666666.0,"Galion city, Morrow County, Ohio",117,29162,39
65460.0,"LaGrange township, Lorain County, Ohio",093,41244,39
86482.0,"West Chester township, Butler County, Ohio",017,83150,39
46605.0,"Riverside village, Montgomery County, Ohio",113,67468,39
49500.0,"Arlington village, Hancock County, Ohio",063,02400,39
32917.0,"Wilmington city, Clinton County, Ohio",027,85792,39
55333.0,"Deercreek township, Pickaway County, Ohio",129,21168,39
116042.0,"Reynoldsburg City township, Licking County, Ohio",089,66396,39
52297.0,"Fairfax village, Hamilton County, Ohio",061,25942,39
64105.0,"Chardon city, Geauga County, Ohio",055,13554,39
-666666666.0,"Union city, Miami County, Ohio",109,78470,39
61027.0,"Vermilion city, Erie County, Ohio",043,79716,39
66307.0,"Saltcreek township, Pickaway County, Ohio",129,70184,39
62373.0,"Delaware City township, Delaware County, Ohio",041,21469,39
115714.0,"Shawnee Hills village, Delaware County, Ohio",041,71976,39
40479.0,"Washington Court House city, Fayette County, Ohio",047,81718,39
79250.0,"Westfield Center village, Medina County, Ohio",103,83468,39
52292.0,"Chippewa Lake village, Medina County, Ohio",103,14254,39
56250.0,"Gloria Glens Park village, Medina County, Ohio",103,30660,39
35827.0,"Lodi village, Medina County, Ohio",103,44604,39
41038.0,"West Carrollton city, Montgomery County, Ohio",113,83090,39
40235.0,"Lancaster City township, Fairfield County, Ohio",045,41740,39
102969.0,"Rittman city, Medina County, Ohio",103,67356,39
46467.0,"Spencer village, Medina County, Ohio",103,73992,39
33566.0,"Galion City township, Crawford County, Ohio",033,29176,39
68537.0,"New Franklin city, Summit County, Ohio",153,54562,39
67168.0,"Union City township, Montgomery County, Ohio",113,78625,39
72888.0,"Sunbury Village township, Delaware County, Ohio",041,75620,39
100559.0,"Westerville City township, Delaware County, Ohio",041,83349,39
50240.0,"Clyde city, Sandusky County, Ohio",143,16308,39
55515.0,"Seville Village township, Medina County, Ohio",103,71488,39
43667.0,"Pioneer village, Williams County, Ohio",171,62834,39
43955.0,"Montpelier village, Williams County, Ohio",171,51772,39
86531.0,"Roche de Boeuf township, Lucas County, Ohio",095,67752,39
40942.0,"Madison township, Clark County, Ohio",023,46354,39
62341.0,"Moorefield township, Clark County, Ohio",023,51912,39
64973.0,"Springfield township, Clark County, Ohio",023,74119,39
47120.0,"Bethel township, Clark County, Ohio",023,06054,39
70843.0,"Green township, Clark County, Ohio",023,31703,39
34887.0,"Springfield city, Clark County, Ohio",023,74118,39
61250.0,"German township, Clark County, Ohio",023,29862,39
61446.0,"Mad River township, Clark County, Ohio",023,46788,39
66875.0,"Ross township, Greene County, Ohio",057,68630,39
39415.0,"Xenia city, Greene County, Ohio",057,86772,39
70795.0,"Spring Valley township, Greene County, Ohio",057,74223,39
91359.0,"Beavercreek township, Greene County, Ohio",057,04724,39
78496.0,"Bellbrook city, Greene County, Ohio",057,05102,39
113359.0,"Kettering city, Greene County, Ohio",057,40040,39
121190.0,"Sugarcreek township, Greene County, Ohio",057,75201,39
67417.0,"Xenia township, Greene County, Ohio",057,86786,39
118947.0,"Wyoming city, Hamilton County, Ohio",061,86730,39
101359.0,"Glendale village, Hamilton County, Ohio",061,30380,39
57213.0,"Woodlawn village, Hamilton County, Ohio",061,86366,39
124750.0,"Amberley village, Hamilton County, Ohio",061,01672,39
60446.0,"Colerain township, Hamilton County, Ohio",061,16616,39
60639.0,"Deer Park city, Hamilton County, Ohio",061,21266,39
30089.0,"Elmwood Place village, Hamilton County, Ohio",061,25186,39
43944.0,"Golf Manor village, Hamilton County, Ohio",061,30786,39
72541.0,"Green township, Hamilton County, Ohio",061,31752,39
56587.0,"Greenhills village, Hamilton County, Ohio",061,32158,39
115489.0,"Montgomery city, Hamilton County, Ohio",061,51716,39
44265.0,"North College Hill city, Hamilton County, Ohio",061,56322,39
160000.0,"Terrace Park village, Hamilton County, Ohio",061,76428,39
81115.0,"Miami township, Hamilton County, Ohio",061,49364,39
42820.0,"Norwood city, Hamilton County, Ohio",061,57386,39
65581.0,"Sycamore township, Hamilton County, Ohio",061,75973,39
