B07004B_001E,B07004B_002E,B07004B_003E,B07004B_004E,B07004B_005E,B07004B_006E,name,county,county subdivision,state
23.0,23.0,0.0,0.0,0.0,0.0,"Canisteo town, Steuben County, New York",101,12265,36
0.0,0.0,0.0,0.0,0.0,0.0,"Thurston town, Steuben County, New York",101,73836,36
67.0,48.0,5.0,14.0,0.0,0.0,"Urbana town, Steuben County, New York",101,76496,36
292.0,272.0,19.0,1.0,0.0,0.0,"Corning city, Steuben County, New York",101,18256,36
0.0,0.0,0.0,0.0,0.0,0.0,"Fremont town, Steuben County, New York",101,27551,36
12.0,12.0,0.0,0.0,0.0,0.0,"Howard town, Steuben County, New York",101,35837,36
0.0,0.0,0.0,0.0,0.0,0.0,"Pulteney town, Steuben County, New York",101,59982,36
34.0,14.0,0.0,20.0,0.0,0.0,"Wheeler town, Steuben County, New York",101,81457,36
3.0,3.0,0.0,0.0,0.0,0.0,"Lindley town, Steuben County, New York",101,42576,36
11.0,4.0,4.0,3.0,0.0,0.0,"Avoca town, Steuben County, New York",101,03342,36
6.0,6.0,0.0,0.0,0.0,0.0,"Caton town, Steuben County, New York",101,12991,36
0.0,0.0,0.0,0.0,0.0,0.0,"Tuscarora town, Steuben County, New York",101,75737,36
0.0,0.0,0.0,0.0,0.0,0.0,"Troupsburg town, Steuben County, New York",101,75440,36
9.0,9.0,0.0,0.0,0.0,0.0,"Rathbone town, Steuben County, New York",101,60653,36
5.0,5.0,0.0,0.0,0.0,0.0,"Wayne town, Steuben County, New York",101,78883,36
0.0,0.0,0.0,0.0,0.0,0.0,"West Union town, Steuben County, New York",101,81105,36
5.0,5.0,0.0,0.0,0.0,0.0,"Volney town, Oswego County, New York",075,77662,36
503.0,255.0,31.0,206.0,10.0,1.0,"Oswego town, Oswego County, New York",075,55585,36
1.0,1.0,0.0,0.0,0.0,0.0,"Palermo town, Oswego County, New York",075,56154,36
0.0,0.0,0.0,0.0,0.0,0.0,"Scriba town, Oswego County, New York",075,65992,36
0.0,0.0,0.0,0.0,0.0,0.0,"Williamstown town, Oswego County, New York",075,82073,36
31.0,23.0,8.0,0.0,0.0,0.0,"Richland town, Oswego County, New York",075,61533,36
4.0,3.0,0.0,0.0,1.0,0.0,"Albion town, Oswego County, New York",075,01055,36
30.0,27.0,3.0,0.0,0.0,0.0,"Mexico town, Oswego County, New York",075,46822,36
0.0,0.0,0.0,0.0,0.0,0.0,"Redfield town, Oswego County, New York",075,60873,36
33.0,22.0,0.0,0.0,11.0,0.0,"Orwell town, Oswego County, New York",075,55453,36
1.0,1.0,0.0,0.0,0.0,0.0,"Parish town, Oswego County, New York",075,56352,36
39.0,35.0,0.0,4.0,0.0,0.0,"Hannibal town, Oswego County, New York",075,32028,36
13.0,11.0,2.0,0.0,0.0,0.0,"Laurens town, Otsego County, New York",077,41531,36
2.0,2.0,0.0,0.0,0.0,0.0,"Decatur town, Otsego County, New York",077,19895,36
641.0,417.0,78.0,96.0,50.0,0.0,"Oneonta city, Otsego County, New York",077,54881,36
34.0,5.0,3.0,26.0,0.0,0.0,"Edmeston town, Otsego County, New York",077,23613,36
1.0,1.0,0.0,0.0,0.0,0.0,"Maryland town, Otsego County, New York",077,45920,36
0.0,0.0,0.0,0.0,0.0,0.0,"Morris town, Otsego County, New York",077,48494,36
259.0,147.0,0.0,55.0,38.0,19.0,"Oneonta town, Otsego County, New York",077,54892,36
23.0,20.0,0.0,3.0,0.0,0.0,"Richfield town, Otsego County, New York",077,61467,36
5.0,2.0,0.0,3.0,0.0,0.0,"Roseboom town, Otsego County, New York",077,63638,36
54.0,39.0,9.0,0.0,6.0,0.0,"Worcester town, Otsego County, New York",077,83129,36
9.0,2.0,0.0,4.0,3.0,0.0,"Otego town, Otsego County, New York",077,55629,36
7.0,7.0,0.0,0.0,0.0,0.0,"Pittsfield town, Otsego County, New York",077,58343,36
0.0,0.0,0.0,0.0,0.0,0.0,"County subdivisions not defined, Wayne County, New York",117,00000,36
110.0,33.0,0.0,49.0,28.0,0.0,"Marion town, Wayne County, New York",117,45645,36
241.0,173.0,45.0,23.0,0.0,0.0,"Williamson town, Wayne County, New York",117,82040,36
258.0,258.0,0.0,0.0,0.0,0.0,"Ontario town, Wayne County, New York",117,55013,36
125.0,56.0,0.0,5.0,64.0,0.0,"Wolcott town, Wayne County, New York",117,82689,36
15.0,15.0,0.0,0.0,0.0,0.0,"Knox town, Albany County, New York",001,40002,36
27923.0,22997.0,2709.0,1697.0,421.0,99.0,"Albany city, Albany County, New York",001,01000,36
891.0,628.0,89.0,62.0,112.0,0.0,"Cohoes city, Albany County, New York",001,16749,36
1078.0,702.0,247.0,129.0,0.0,0.0,"Watervliet city, Albany County, New York",001,78674,36
4.0,4.0,0.0,0.0,0.0,0.0,"Berne town, Albany County, New York",001,06211,36
705.0,489.0,5.0,165.0,46.0,0.0,"Bethlehem town, Albany County, New York",001,06354,36
4911.0,3876.0,773.0,206.0,34.0,22.0,"Colonie town, Albany County, New York",001,17343,36
104.0,49.0,49.0,6.0,0.0,0.0,"Green Island town, Albany County, New York",001,30532,36
1599.0,1293.0,168.0,100.0,24.0,14.0,"Guilderland town, Albany County, New York",001,31104,36
111.0,44.0,28.0,27.0,12.0,0.0,"Chautauqua town, Chautauqua County, New York",013,14069,36
0.0,0.0,0.0,0.0,0.0,0.0,"North Harmony town, Chautauqua County, New York",013,52155,36
555.0,305.0,28.0,205.0,11.0,6.0,"Pomfret town, Chautauqua County, New York",013,58981,36
0.0,0.0,0.0,0.0,0.0,0.0,"County subdivisions not defined, Chautauqua County, New York",013,00000,36
512.0,370.0,98.0,38.0,6.0,0.0,"Dunkirk city, Chautauqua County, New York",013,21105,36
0.0,0.0,0.0,0.0,0.0,0.0,"Sherman town, Chautauqua County, New York",013,66960,36
0.0,0.0,0.0,0.0,0.0,0.0,"Villenova town, Chautauqua County, New York",013,77530,36
0.0,0.0,0.0,0.0,0.0,0.0,"Mina town, Chautauqua County, New York",013,47592,36
311.0,69.0,0.0,223.0,19.0,0.0,"Portland town, Chautauqua County, New York",013,59421,36
43.0,43.0,0.0,0.0,0.0,0.0,"Carroll town, Chautauqua County, New York",013,12639,36
0.0,0.0,0.0,0.0,0.0,0.0,"Charlotte town, Chautauqua County, New York",013,13860,36
0.0,0.0,0.0,0.0,0.0,0.0,"Stockton town, Chautauqua County, New York",013,71476,36
0.0,0.0,0.0,0.0,0.0,0.0,"Westfield town, Chautauqua County, New York",013,79950,36
4.0,4.0,0.0,0.0,0.0,0.0,"Arkwright town, Chautauqua County, New York",013,02605,36
1522.0,1204.0,28.0,137.0,153.0,0.0,"Jamestown city, Chautauqua County, New York",013,38264,36
20.0,20.0,0.0,0.0,0.0,0.0,"Ripley town, Chautauqua County, New York",013,61885,36
36.0,18.0,18.0,0.0,0.0,0.0,"Busti town, Chautauqua County, New York",013,11451,36
65.0,14.0,14.0,16.0,0.0,21.0,"Ellicott town, Chautauqua County, New York",013,23998,36
62.0,62.0,0.0,0.0,0.0,0.0,"Ellery town, Chautauqua County, New York",013,23976,36
113.0,86.0,25.0,0.0,2.0,0.0,"Hanover town, Chautauqua County, New York",013,32050,36
5.0,1.0,0.0,3.0,0.0,1.0,"Poland town, Chautauqua County, New York",013,58926,36
2.0,2.0,0.0,0.0,0.0,0.0,"Cherry Creek town, Chautauqua County, New York",013,15198,36
0.0,0.0,0.0,0.0,0.0,0.0,"French Creek town, Chautauqua County, New York",013,27606,36
0.0,0.0,0.0,0.0,0.0,0.0,"Harmony town, Chautauqua County, New York",013,32248,36
4.0,4.0,0.0,0.0,0.0,0.0,"Kiantone town, Chautauqua County, New York",013,39507,36
8.0,8.0,0.0,0.0,0.0,0.0,"Sheridan town, Chautauqua County, New York",013,66916,36
19.0,19.0,0.0,0.0,0.0,0.0,"Dunkirk town, Chautauqua County, New York",013,21116,36
6.0,6.0,0.0,0.0,0.0,0.0,"Clymer town, Chautauqua County, New York",013,16595,36
25.0,25.0,0.0,0.0,0.0,0.0,"Gerry town, Chautauqua County, New York",013,28838,36
0.0,0.0,0.0,0.0,0.0,0.0,"Ellington town, Chautauqua County, New York",013,24053,36
860128.0,807107.0,34782.0,9756.0,4773.0,3710.0,"Brooklyn borough, Kings County, New York",047,10022,36
244157.0,219938.0,11665.0,7800.0,3711.0,1043.0,"Manhattan borough, New York County, New York",061,44919,36
54.0,52.0,0.0,2.0,0.0,0.0,"Barton town, Tioga County, New York",107,04671,36
0.0,0.0,0.0,0.0,0.0,0.0,"Richford town, Tioga County, New York",107,61511,36
0.0,0.0,0.0,0.0,0.0,0.0,"Berkshire town, Tioga County, New York",107,06145,36
20.0,14.0,0.0,0.0,6.0,0.0,"New Scotland town, Albany County, New York",001,50672,36
9.0,7.0,0.0,2.0,0.0,0.0,"Westerlo town, Albany County, New York",001,79851,36
225.0,120.0,80.0,25.0,0.0,0.0,"Coeymans town, Albany County, New York",001,16694,36
17.0,12.0,0.0,5.0,0.0,0.0,"Rensselaerville town, Albany County, New York",001,61181,36
0.0,0.0,0.0,0.0,0.0,0.0,"Belfast town, Allegany County, New York",003,05573,36
0.0,0.0,0.0,0.0,0.0,0.0,"Ward town, Allegany County, New York",003,78201,36
0.0,0.0,0.0,0.0,0.0,0.0,"Allen town, Allegany County, New York",003,01319,36
3.0,3.0,0.0,0.0,0.0,0.0,"Angelica town, Allegany County, New York",003,02187,36
3.0,0.0,0.0,1.0,2.0,0.0,"Clarksville town, Allegany County, New York",003,15990,36
0.0,0.0,0.0,0.0,0.0,0.0,"Genesee town, Allegany County, New York",003,28563,36
0.0,0.0,0.0,0.0,0.0,0.0,"Friendship town, Allegany County, New York",003,27705,36
0.0,0.0,0.0,0.0,0.0,0.0,"Grove town, Allegany County, New York",003,30994,36
2.0,2.0,0.0,0.0,0.0,0.0,"Plainfield town, Otsego County, New York",077,58420,36
9.0,8.0,0.0,0.0,1.0,0.0,"Westford town, Otsego County, New York",077,79972,36
0.0,0.0,0.0,0.0,0.0,0.0,"Burlington town, Otsego County, New York",077,11209,36
16.0,16.0,0.0,0.0,0.0,0.0,"Unadilla town, Otsego County, New York",077,76012,36
0.0,0.0,0.0,0.0,0.0,0.0,"Exeter town, Otsego County, New York",077,24845,36
30.0,6.0,13.0,11.0,0.0,0.0,"Middlefield town, Otsego County, New York",077,46910,36
2.0,0.0,0.0,1.0,1.0,0.0,"Cherry Valley town, Otsego County, New York",077,15253,36
0.0,0.0,0.0,0.0,0.0,0.0,"Butternuts town, Otsego County, New York",077,11528,36
30.0,23.0,7.0,0.0,0.0,0.0,"Milford town, Otsego County, New York",077,47240,36
0.0,0.0,0.0,0.0,0.0,0.0,"New Lisbon town, Otsego County, New York",077,50485,36
62.0,49.0,7.0,6.0,0.0,0.0,"Otsego town, Otsego County, New York",077,55695,36
6.0,6.0,0.0,0.0,0.0,0.0,"Hartwick town, Otsego County, New York",077,32589,36
0.0,0.0,0.0,0.0,0.0,0.0,"Springfield town, Otsego County, New York",077,70310,36
49.0,44.0,5.0,0.0,0.0,0.0,"Athens town, Greene County, New York",039,02913,36
1.0,1.0,0.0,0.0,0.0,0.0,"Jasper town, Steuben County, New York",101,38319,36
0.0,0.0,0.0,0.0,0.0,0.0,"Cameron town, Steuben County, New York",101,11880,36
182.0,165.0,7.0,6.0,4.0,0.0,"Corning town, Steuben County, New York",101,18267,36
7.0,6.0,1.0,0.0,0.0,0.0,"Dansville town, Steuben County, New York",101,19675,36
15.0,14.0,1.0,0.0,0.0,0.0,"Hartsville town, Steuben County, New York",101,32567,36
7.0,7.0,0.0,0.0,0.0,0.0,"Cohocton town, Steuben County, New York",101,16738,36
339.0,174.0,0.0,0.0,165.0,0.0,"Erwin town, Steuben County, New York",101,24647,36
94.0,73.0,6.0,15.0,0.0,0.0,"Hornell city, Steuben County, New York",101,35672,36
9.0,9.0,0.0,0.0,0.0,0.0,"Prattsburgh town, Steuben County, New York",101,59718,36
3.0,3.0,0.0,0.0,0.0,0.0,"Hornellsville town, Steuben County, New York",101,35683,36
0.0,0.0,0.0,0.0,0.0,0.0,"Greenwood town, Steuben County, New York",101,30741,36
0.0,0.0,0.0,0.0,0.0,0.0,"Bradford town, Steuben County, New York",101,07740,36
0.0,0.0,0.0,0.0,0.0,0.0,"Arietta town, Hamilton County, New York",041,02572,36
7.0,6.0,1.0,0.0,0.0,0.0,"Indian Lake town, Hamilton County, New York",041,37374,36
0.0,0.0,0.0,0.0,0.0,0.0,"Hope town, Hamilton County, New York",041,35496,36
10.0,9.0,1.0,0.0,0.0,0.0,"Lake Pleasant town, Hamilton County, New York",041,40794,36
0.0,0.0,0.0,0.0,0.0,0.0,"Morehouse town, Hamilton County, New York",041,48340,36
18.0,13.0,2.0,3.0,0.0,0.0,"Long Lake town, Hamilton County, New York",041,43412,36
1.0,1.0,0.0,0.0,0.0,0.0,"Wells town, Hamilton County, New York",041,79059,36
0.0,0.0,0.0,0.0,0.0,0.0,"Benson town, Hamilton County, New York",041,05958,36
0.0,0.0,0.0,0.0,0.0,0.0,"Inlet town, Hamilton County, New York",041,37495,36
7.0,6.0,0.0,1.0,0.0,0.0,"Argyle town, Washington County, New York",115,02561,36
10.0,10.0,0.0,0.0,0.0,0.0,"Cambridge town, Washington County, New York",115,11836,36
0.0,0.0,0.0,0.0,0.0,0.0,"Wirt town, Allegany County, New York",003,82623,36
0.0,0.0,0.0,0.0,0.0,0.0,"Alma town, Allegany County, New York",003,01429,36
0.0,0.0,0.0,0.0,0.0,0.0,"Birdsall town, Allegany County, New York",003,06717,36
0.0,0.0,0.0,0.0,0.0,0.0,"Granger town, Allegany County, New York",003,29905,36
9.0,9.0,0.0,0.0,0.0,0.0,"Bolivar town, Allegany County, New York",003,07201,36
0.0,0.0,0.0,0.0,0.0,0.0,"Burns town, Allegany County, New York",003,11253,36
109.0,79.0,0.0,26.0,0.0,4.0,"Caneadea town, Allegany County, New York",003,12243,36
0.0,0.0,0.0,0.0,0.0,0.0,"Centerville town, Allegany County, New York",003,13475,36
0.0,0.0,0.0,0.0,0.0,0.0,"Independence town, Allegany County, New York",003,37297,36
0.0,0.0,0.0,0.0,0.0,0.0,"New Hudson town, Allegany County, New York",003,50375,36
0.0,0.0,0.0,0.0,0.0,0.0,"West Almond town, Allegany County, New York",003,79202,36
0.0,0.0,0.0,0.0,0.0,0.0,"Andover town, Allegany County, New York",003,02154,36
0.0,0.0,0.0,0.0,0.0,0.0,"Willing town, Allegany County, New York",003,82095,36
0.0,0.0,0.0,0.0,0.0,0.0,"Rushford town, Allegany County, New York",003,64166,36
15.0,15.0,0.0,0.0,0.0,0.0,"Scio town, Allegany County, New York",003,65772,36
60.0,56.0,0.0,2.0,2.0,0.0,"Wellsville town, Allegany County, New York",003,79103,36
415.0,204.0,7.0,204.0,0.0,0.0,"Alfred town, Allegany County, New York",003,01209,36
3.0,0.0,2.0,0.0,1.0,0.0,"Almond town, Allegany County, New York",003,01451,36
0.0,0.0,0.0,0.0,0.0,0.0,"Hume town, Allegany County, New York",003,36112,36
9.0,6.0,0.0,0.0,3.0,0.0,"Cuba town, Allegany County, New York",003,19367,36
61.0,14.0,29.0,18.0,0.0,0.0,"Amity town, Allegany County, New York",003,02011,36
110.0,65.0,45.0,0.0,0.0,0.0,"Chenango town, Broome County, New York",007,15110,36
41.0,41.0,0.0,0.0,0.0,0.0,"Maine town, Broome County, New York",007,44611,36
58.0,58.0,0.0,0.0,0.0,0.0,"Colesville town, Broome County, New York",007,17046,36
71.0,71.0,0.0,0.0,0.0,0.0,"Conklin town, Broome County, New York",007,17772,36
47.0,46.0,0.0,1.0,0.0,0.0,"Spencer town, Tioga County, New York",107,70178,36
30.0,28.0,0.0,2.0,0.0,0.0,"Candor town, Tioga County, New York",107,12221,36
17.0,17.0,0.0,0.0,0.0,0.0,"Nichols town, Tioga County, New York",107,51121,36
0.0,0.0,0.0,0.0,0.0,0.0,"Tioga town, Tioga County, New York",107,73968,36
121.0,60.0,13.0,48.0,0.0,0.0,"Owego town, Tioga County, New York",107,55893,36
6.0,6.0,0.0,0.0,0.0,0.0,"Newark Valley town, Tioga County, New York",107,49913,36
15.0,15.0,0.0,0.0,0.0,0.0,"Cato town, Cayuga County, New York",011,12969,36
4.0,4.0,0.0,0.0,0.0,0.0,"Fleming town, Cayuga County, New York",011,26231,36
12.0,10.0,0.0,2.0,0.0,0.0,"Springport town, Cayuga County, New York",011,70376,36
5.0,5.0,0.0,0.0,0.0,0.0,"Summerhill town, Cayuga County, New York",011,72037,36
9.0,9.0,0.0,0.0,0.0,0.0,"Venice town, Cayuga County, New York",011,77024,36
4.0,4.0,0.0,0.0,0.0,0.0,"Victory town, Cayuga County, New York",011,77420,36
22.0,20.0,0.0,2.0,0.0,0.0,"Brutus town, Cayuga County, New York",011,10297,36
24.0,24.0,0.0,0.0,0.0,0.0,"Niles town, Cayuga County, New York",011,51198,36
35.0,9.0,23.0,0.0,3.0,0.0,"Throop town, Cayuga County, New York",011,73770,36
3.0,3.0,0.0,0.0,0.0,0.0,"Scipio town, Cayuga County, New York",011,65816,36
20.0,16.0,4.0,0.0,0.0,0.0,"Mentz town, Cayuga County, New York",011,46602,36
185.0,185.0,0.0,0.0,0.0,0.0,"Kirkwood town, Broome County, New York",007,39837,36
3083.0,2450.0,441.0,144.0,31.0,17.0,"Union town, Broome County, New York",007,76056,36
5960.0,3992.0,1261.0,433.0,211.0,63.0,"Binghamton city, Broome County, New York",007,06607,36
15.0,15.0,0.0,0.0,0.0,0.0,"Nanticoke town, Broome County, New York",007,49396,36
0.0,0.0,0.0,0.0,0.0,0.0,"Barker town, Broome County, New York",007,04429,36
0.0,0.0,0.0,0.0,0.0,0.0,"Lisle town, Broome County, New York",007,42653,36
4.0,4.0,0.0,0.0,0.0,0.0,"Windsor town, Broome County, New York",007,82535,36
29.0,29.0,0.0,0.0,0.0,0.0,"Binghamton town, Broome County, New York",007,06618,36
16.0,16.0,0.0,0.0,0.0,0.0,"Triangle town, Broome County, New York",007,75319,36
277.0,134.0,90.0,53.0,0.0,0.0,"Dickinson town, Broome County, New York",007,20588,36
21.0,21.0,0.0,0.0,0.0,0.0,"Sanford town, Broome County, New York",007,65112,36
18.0,16.0,0.0,2.0,0.0,0.0,"Fenton town, Broome County, New York",007,25604,36
1204.0,980.0,104.0,84.0,36.0,0.0,"Vestal town, Broome County, New York",007,77255,36
10.0,0.0,6.0,4.0,0.0,0.0,"Persia town, Cattaraugus County, New York",009,57331,36
0.0,0.0,0.0,0.0,0.0,0.0,"Farmersville town, Cattaraugus County, New York",009,25340,36
6.0,6.0,0.0,0.0,0.0,0.0,"Freedom town, Cattaraugus County, New York",009,27441,36
4.0,0.0,0.0,4.0,0.0,0.0,"Leon town, Cattaraugus County, New York",009,41982,36
0.0,0.0,0.0,0.0,0.0,0.0,"South Valley town, Cattaraugus County, New York",009,69870,36
0.0,0.0,0.0,0.0,0.0,0.0,"Yorkshire town, Cattaraugus County, New York",009,84055,36
20.0,20.0,0.0,0.0,0.0,0.0,"Allegany Reservation, Cattaraugus County, New York",009,01308,36
18.0,18.0,0.0,0.0,0.0,0.0,"Ellicottville town, Cattaraugus County, New York",009,24031,36
0.0,0.0,0.0,0.0,0.0,0.0,"Mansfield town, Cattaraugus County, New York",009,45161,36
0.0,0.0,0.0,0.0,0.0,0.0,"Portville town, Cattaraugus County, New York",009,59509,36
43.0,43.0,0.0,0.0,0.0,0.0,"Hinsdale town, Cattaraugus County, New York",009,34946,36
2.0,0.0,2.0,0.0,0.0,0.0,"Newcomb town, Essex County, New York",031,50144,36
0.0,0.0,0.0,0.0,0.0,0.0,"St. Armand town, Essex County, New York",031,64529,36
5.0,4.0,1.0,0.0,0.0,0.0,"Schroon town, Essex County, New York",031,65629,36
1.0,0.0,0.0,0.0,0.0,1.0,"Wilmington town, Essex County, New York",031,82315,36
42.0,17.0,0.0,6.0,19.0,0.0,"Lewis town, Essex County, New York",031,42114,36
0.0,0.0,0.0,0.0,0.0,0.0,"Minerva town, Essex County, New York",031,47669,36
969.0,438.0,51.0,376.0,81.0,23.0,"North Elba town, Essex County, New York",031,51935,36
1.0,1.0,0.0,0.0,0.0,0.0,"Essex town, Essex County, New York",031,24768,36
0.0,0.0,0.0,0.0,0.0,0.0,"Willsboro town, Essex County, New York",031,82271,36
20.0,20.0,0.0,0.0,0.0,0.0,"Westport town, Essex County, New York",031,80775,36
0.0,0.0,0.0,0.0,0.0,0.0,"North Hudson town, Essex County, New York",031,53077,36
37.0,37.0,0.0,0.0,0.0,0.0,"Ticonderoga town, Essex County, New York",031,73891,36
24.0,17.0,7.0,0.0,0.0,0.0,"Elizabethtown town, Essex County, New York",031,23833,36
99.0,32.0,0.0,59.0,8.0,0.0,"Moriah town, Essex County, New York",031,48428,36
8.0,6.0,0.0,2.0,0.0,0.0,"Jay town, Essex County, New York",031,38396,36
0.0,0.0,0.0,0.0,0.0,0.0,"Keene town, Essex County, New York",031,39067,36
10.0,10.0,0.0,0.0,0.0,0.0,"Chesterfield town, Essex County, New York",031,15330,36
1.0,1.0,0.0,0.0,0.0,0.0,"Crown Point town, Essex County, New York",031,19246,36
678.0,525.0,75.0,78.0,0.0,0.0,"Amsterdam city, Montgomery County, New York",057,02066,36
41.0,36.0,0.0,5.0,0.0,0.0,"Amsterdam town, Montgomery County, New York",057,02077,36
5.0,2.0,0.0,3.0,0.0,0.0,"Palatine town, Montgomery County, New York",057,56099,36
13.0,13.0,0.0,0.0,0.0,0.0,"Charleston town, Montgomery County, New York",057,13816,36
0.0,0.0,0.0,0.0,0.0,0.0,"Minden town, Montgomery County, New York",057,47614,36
7.0,7.0,0.0,0.0,0.0,0.0,"Root town, Montgomery County, New York",057,63561,36
0.0,0.0,0.0,0.0,0.0,0.0,"Florida town, Montgomery County, New York",057,26308,36
18.0,13.0,5.0,0.0,0.0,0.0,"St. Johnsville town, Montgomery County, New York",057,64650,36
6.0,2.0,0.0,4.0,0.0,0.0,"Mohawk town, Montgomery County, New York",057,47834,36
61.0,54.0,7.0,0.0,0.0,0.0,"Canajoharie town, Montgomery County, New York",057,12122,36
58.0,13.0,39.0,6.0,0.0,0.0,"Glen town, Montgomery County, New York",057,29047,36
2080.0,1695.0,294.0,91.0,0.0,0.0,"Long Beach city, Nassau County, New York",059,43335,36
129597.0,119907.0,4643.0,3720.0,764.0,563.0,"Hempstead town, Nassau County, New York",059,34000,36
7964.0,7316.0,392.0,221.0,31.0,4.0,"Oyster Bay town, Nassau County, New York",059,56000,36
13868.0,12859.0,620.0,299.0,79.0,11.0,"North Hempstead town, Nassau County, New York",059,53000,36
2235.0,2139.0,75.0,21.0,0.0,0.0,"Glen Cove city, Nassau County, New York",059,29113,36
48632.0,45752.0,1763.0,680.0,237.0,200.0,"Staten Island borough, Richmond County, New York",085,70915,36
10.0,10.0,0.0,0.0,0.0,0.0,"De Peyster town, St. Lawrence County, New York",089,20335,36
474.0,259.0,18.0,184.0,13.0,0.0,"Gouverneur town, St. Lawrence County, New York",089,29608,36
3.0,3.0,0.0,0.0,0.0,0.0,"Hammond town, St. Lawrence County, New York",089,31841,36
27.0,27.0,0.0,0.0,0.0,0.0,"Lisbon town, St. Lawrence County, New York",089,42631,36
0.0,0.0,0.0,0.0,0.0,0.0,"Parishville town, St. Lawrence County, New York",089,56374,36
9.0,5.0,4.0,0.0,0.0,0.0,"Pierrepont town, St. Lawrence County, New York",089,57771,36
12.0,12.0,0.0,0.0,0.0,0.0,"Fowler town, St. Lawrence County, New York",089,27100,36
0.0,0.0,0.0,0.0,0.0,0.0,"Hopkinton town, St. Lawrence County, New York",089,35595,36
18.0,14.0,3.0,0.0,1.0,0.0,"Brasher town, St. Lawrence County, New York",089,07938,36
16.0,16.0,0.0,0.0,0.0,0.0,"De Kalb town, St. Lawrence County, New York",089,20038,36
0.0,0.0,0.0,0.0,0.0,0.0,"Dresden town, Washington County, New York",115,20885,36
0.0,0.0,0.0,0.0,0.0,0.0,"Hampton town, Washington County, New York",115,31885,36
166.0,156.0,6.0,4.0,0.0,0.0,"Fort Edward town, Washington County, New York",115,26781,36
4.0,4.0,0.0,0.0,0.0,0.0,"Hartford town, Washington County, New York",115,32457,36
0.0,0.0,0.0,0.0,0.0,0.0,"Hebron town, Washington County, New York",115,33040,36
25.0,25.0,0.0,0.0,0.0,0.0,"Whitehall town, Washington County, New York",115,81633,36
52.0,31.0,0.0,8.0,13.0,0.0,"Granville town, Washington County, New York",115,30037,36
52.0,52.0,0.0,0.0,0.0,0.0,"Jackson town, Washington County, New York",115,38143,36
0.0,0.0,0.0,0.0,0.0,0.0,"Putnam town, Washington County, New York",115,60092,36
4.0,1.0,0.0,0.0,3.0,0.0,"Salem town, Washington County, New York",115,64782,36
0.0,0.0,0.0,0.0,0.0,0.0,"White Creek town, Washington County, New York",115,81578,36
1529.0,711.0,21.0,796.0,1.0,0.0,"Fort Ann town, Washington County, New York",115,26715,36
0.0,0.0,0.0,0.0,0.0,0.0,"Easton town, Washington County, New York",115,22656,36
7.0,7.0,0.0,0.0,0.0,0.0,"Greenwich town, Washington County, New York",115,30686,36
234.0,152.0,0.0,82.0,0.0,0.0,"Kingsbury town, Washington County, New York",115,39650,36
142.0,142.0,0.0,0.0,0.0,0.0,"Cairo town, Greene County, New York",039,11649,36
7.0,0.0,0.0,7.0,0.0,0.0,"Hunter town, Greene County, New York",039,36178,36
15.0,15.0,0.0,0.0,0.0,0.0,"New Baltimore town, Greene County, New York",039,49935,36
0.0,0.0,0.0,0.0,0.0,0.0,"Windham town, Greene County, New York",039,82480,36
1674.0,1644.0,1.0,29.0,0.0,0.0,"Coxsackie town, Greene County, New York",039,18729,36
16.0,16.0,0.0,0.0,0.0,0.0,"Greenville town, Greene County, New York",039,30620,36
0.0,0.0,0.0,0.0,0.0,0.0,"Jewett town, Greene County, New York",039,38638,36
0.0,0.0,0.0,0.0,0.0,0.0,"Halcott town, Greene County, New York",039,31379,36
0.0,0.0,0.0,0.0,0.0,0.0,"Ashland town, Greene County, New York",039,02803,36
65.0,40.0,0.0,0.0,25.0,0.0,"Durham town, Greene County, New York",039,21204,36
0.0,0.0,0.0,0.0,0.0,0.0,"Prattsville town, Greene County, New York",039,59751,36
937.0,875.0,62.0,0.0,0.0,0.0,"Catskill town, Greene County, New York",039,13013,36
0.0,0.0,0.0,0.0,0.0,0.0,"Lexington town, Greene County, New York",039,42202,36
50.0,44.0,0.0,6.0,0.0,0.0,"Galen town, Wayne County, New York",117,28013,36
714.0,683.0,20.0,0.0,6.0,5.0,"Arcadia town, Wayne County, New York",117,02440,36
46.0,46.0,0.0,0.0,0.0,0.0,"Macedon town, Wayne County, New York",117,44160,36
431.0,392.0,21.0,13.0,2.0,3.0,"Sodus town, Wayne County, New York",117,68220,36
6.0,5.0,0.0,1.0,0.0,0.0,"Savannah town, Wayne County, New York",117,65343,36
141.0,119.0,0.0,21.0,1.0,0.0,"Huron town, Wayne County, New York",117,37165,36
350.0,233.0,84.0,33.0,0.0,0.0,"Lyons town, Wayne County, New York",117,43973,36
27.0,22.0,5.0,0.0,0.0,0.0,"Butler town, Wayne County, New York",117,11473,36
36.0,36.0,0.0,0.0,0.0,0.0,"Palmyra town, Wayne County, New York",117,56198,36
15.0,10.0,0.0,0.0,5.0,0.0,"Rose town, Wayne County, New York",117,63605,36
128.0,128.0,0.0,0.0,0.0,0.0,"Walworth town, Wayne County, New York",117,78102,36
462.0,279.0,24.0,159.0,0.0,0.0,"Moravia town, Cayuga County, New York",011,48307,36
6.0,6.0,0.0,0.0,0.0,0.0,"Locke town, Cayuga County, New York",011,43071,36
2.0,0.0,0.0,2.0,0.0,0.0,"Sempronius town, Cayuga County, New York",011,66278,36
95.0,40.0,10.0,45.0,0.0,0.0,"Sennett town, Cayuga County, New York",011,66443,36
0.0,0.0,0.0,0.0,0.0,0.0,"Sterling town, Cayuga County, New York",011,71146,36
2350.0,1663.0,43.0,638.0,5.0,1.0,"Auburn city, Cayuga County, New York",011,03078,36
30.0,9.0,6.0,0.0,0.0,15.0,"Aurelius town, Cayuga County, New York",011,03166,36
49.0,24.0,0.0,21.0,4.0,0.0,"Ledyard town, Cayuga County, New York",011,41740,36
0.0,0.0,0.0,0.0,0.0,0.0,"County subdivisions not defined, Cayuga County, New York",011,00000,36
23.0,23.0,0.0,0.0,0.0,0.0,"Ira town, Cayuga County, New York",011,37660,36
5.0,5.0,0.0,0.0,0.0,0.0,"Montezuma town, Cayuga County, New York",011,48131,36
1.0,1.0,0.0,0.0,0.0,0.0,"Owasco town, Cayuga County, New York",011,55871,36
11.0,0.0,11.0,0.0,0.0,0.0,"Conquest town, Cayuga County, New York",011,17849,36
0.0,0.0,0.0,0.0,0.0,0.0,"Genoa town, Cayuga County, New York",011,28673,36
7.0,7.0,0.0,0.0,0.0,0.0,"Yates town, Orleans County, New York",073,83448,36
15.0,0.0,15.0,0.0,0.0,0.0,"Kendall town, Orleans County, New York",073,39188,36
65.0,65.0,0.0,0.0,0.0,0.0,"Clarendon town, Orleans County, New York",073,15880,36
72.0,66.0,0.0,0.0,0.0,6.0,"Murray town, Orleans County, New York",073,49286,36
83.0,74.0,0.0,5.0,4.0,0.0,"Gaines town, Orleans County, New York",073,27958,36
0.0,0.0,0.0,0.0,0.0,0.0,"County subdivisions not defined, Orleans County, New York",073,00000,36
228.0,224.0,4.0,0.0,0.0,0.0,"Ridgeway town, Orleans County, New York",073,61742,36
44.0,25.0,0.0,19.0,0.0,0.0,"Highland town, Sullivan County, New York",105,34473,36
602.0,294.0,11.0,279.0,18.0,0.0,"Mamakating town, Sullivan County, New York",105,44809,36
82.0,71.0,0.0,5.0,6.0,0.0,"Tusten town, Sullivan County, New York",105,75759,36
219.0,169.0,0.0,50.0,0.0,0.0,"Le Roy town, Genesee County, New York",037,42037,36
42.0,42.0,0.0,0.0,0.0,0.0,"Pavilion town, Genesee County, New York",037,56792,36
20.0,11.0,9.0,0.0,0.0,0.0,"Stafford town, Genesee County, New York",037,70607,36
24.0,22.0,2.0,0.0,0.0,0.0,"Elba town, Genesee County, New York",037,23756,36
1005.0,543.0,371.0,84.0,7.0,0.0,"Batavia city, Genesee County, New York",037,04715,36
0.0,0.0,0.0,0.0,0.0,0.0,"Darien town, Genesee County, New York",037,19719,36
51.0,31.0,15.0,0.0,5.0,0.0,"Pembroke town, Genesee County, New York",037,57078,36
20.0,20.0,0.0,0.0,0.0,0.0,"Alabama town, Genesee County, New York",037,00474,36
9.0,9.0,0.0,0.0,0.0,0.0,"Batavia town, Genesee County, New York",037,04726,36
7.0,7.0,0.0,0.0,0.0,0.0,"Byron town, Genesee County, New York",037,11572,36
40.0,34.0,6.0,0.0,0.0,0.0,"Oakfield town, Genesee County, New York",037,54166,36
26.0,26.0,0.0,0.0,0.0,0.0,"Bethany town, Genesee County, New York",037,06266,36
12.0,2.0,3.0,7.0,0.0,0.0,"Alexander town, Genesee County, New York",037,01165,36
0.0,0.0,0.0,0.0,0.0,0.0,"Bergen town, Genesee County, New York",037,06057,36
40.0,32.0,4.0,4.0,0.0,0.0,"Benton town, Yates County, New York",123,06002,36
79.0,72.0,0.0,7.0,0.0,0.0,"Milo town, Yates County, New York",123,47504,36
39.0,31.0,6.0,2.0,0.0,0.0,"Starkey town, Yates County, New York",123,70816,36
0.0,0.0,0.0,0.0,0.0,0.0,"Torrey town, Yates County, New York",123,75055,36
7.0,7.0,0.0,0.0,0.0,0.0,"Potter town, Yates County, New York",123,59597,36
0.0,0.0,0.0,0.0,0.0,0.0,"Italy town, Yates County, New York",123,38044,36
64.0,8.0,0.0,50.0,6.0,0.0,"Jerusalem town, Yates County, New York",123,38583,36
26.0,25.0,0.0,1.0,0.0,0.0,"Middlesex town, Yates County, New York",123,47020,36
19.0,19.0,0.0,0.0,0.0,0.0,"Barrington town, Yates County, New York",123,04594,36
192.0,184.0,8.0,0.0,0.0,0.0,"Hamptonburgh town, Orange County, New York",071,31907,36
1135.0,821.0,119.0,184.0,11.0,0.0,"Chester town, Orange County, New York",071,15308,36
23.0,23.0,0.0,0.0,0.0,0.0,"Cornwall town, Orange County, New York",071,18300,36
5949.0,5217.0,410.0,289.0,25.0,8.0,"Middletown city, Orange County, New York",071,47042,36
377.0,343.0,22.0,12.0,0.0,0.0,"Crawford town, Orange County, New York",071,18916,36
1333.0,1167.0,10.0,145.0,11.0,0.0,"Monroe town, Orange County, New York",071,47999,36
3399.0,2936.0,81.0,95.0,278.0,9.0,"New Windsor town, Orange County, New York",071,50848,36
161.0,138.0,0.0,23.0,0.0,0.0,"Tuxedo town, Orange County, New York",071,75781,36
5325.0,4920.0,222.0,134.0,49.0,0.0,"Wallkill town, Orange County, New York",071,77992,36
140.0,140.0,0.0,0.0,0.0,0.0,"Deerpark town, Orange County, New York",071,19961,36
1821.0,1648.0,88.0,75.0,10.0,0.0,"Warwick town, Orange County, New York",071,78366,36
847.0,597.0,108.0,117.0,17.0,8.0,"Goshen town, Orange County, New York",071,29553,36
1276.0,1182.0,62.0,12.0,20.0,0.0,"Port Jervis city, Orange County, New York",071,59388,36
1177.0,972.0,97.0,27.0,65.0,16.0,"Highlands town, Orange County, New York",071,34550,36
1634.0,1494.0,33.0,107.0,0.0,0.0,"Montgomery town, Orange County, New York",071,48153,36
1161.0,1011.0,58.0,77.0,15.0,0.0,"Mount Hope town, Orange County, New York",071,48857,36
781.0,595.0,11.0,79.0,96.0,0.0,"Woodbury town, Orange County, New York",071,82755,36
7561.0,6747.0,794.0,8.0,0.0,12.0,"Newburgh city, Orange County, New York",071,50034,36
101.0,99.0,0.0,2.0,0.0,0.0,"Minisink town, Orange County, New York",071,47713,36
3924.0,3173.0,278.0,422.0,51.0,0.0,"Newburgh town, Orange County, New York",071,50045,36
84.0,77.0,0.0,7.0,0.0,0.0,"Greenville town, Orange County, New York",071,30631,36
0.0,0.0,0.0,0.0,0.0,0.0,"Lyndon town, Cattaraugus County, New York",009,43896,36
0.0,0.0,0.0,0.0,0.0,0.0,"Machias town, Cattaraugus County, New York",009,44237,36
1.0,1.0,0.0,0.0,0.0,0.0,"New Albion town, Cattaraugus County, New York",009,49880,36
205.0,136.0,56.0,10.0,3.0,0.0,"Salamanca city, Cattaraugus County, New York",009,64749,36
11.0,8.0,0.0,3.0,0.0,0.0,"Randolph town, Cattaraugus County, New York",009,60587,36
0.0,0.0,0.0,0.0,0.0,0.0,"Red House town, Cattaraugus County, New York",009,60950,36
13.0,13.0,0.0,0.0,0.0,0.0,"Olean town, Cattaraugus County, New York",009,54727,36
5.0,5.0,0.0,0.0,0.0,0.0,"Perrysburg town, Cattaraugus County, New York",009,57298,36
153.0,136.0,10.0,0.0,7.0,0.0,"Allegany town, Cattaraugus County, New York",009,01297,36
4.0,1.0,0.0,3.0,0.0,0.0,"Carrollton town, Cattaraugus County, New York",009,12661,36
61.0,27.0,22.0,12.0,0.0,0.0,"Little Valley town, Cattaraugus County, New York",009,42840,36
18.0,18.0,0.0,0.0,0.0,0.0,"Otto town, Cattaraugus County, New York",009,55783,36
0.0,0.0,0.0,0.0,0.0,0.0,"Ashford town, Cattaraugus County, New York",009,02759,36
0.0,0.0,0.0,0.0,0.0,0.0,"Coldspring town, Cattaraugus County, New York",009,16903,36
380.0,288.0,0.0,75.0,17.0,0.0,"Shelby town, Orleans County, New York",073,66751,36
31.0,31.0,0.0,0.0,0.0,0.0,"Barre town, Orleans County, New York",073,04572,36
1557.0,1071.0,17.0,466.0,3.0,0.0,"Albion town, Orleans County, New York",073,01044,36
77.0,64.0,0.0,5.0,8.0,0.0,"Carlton town, Orleans County, New York",073,12496,36
476.0,406.0,51.0,0.0,19.0,0.0,"Halfmoon town, Saratoga County, New York",091,31489,36
132.0,109.0,23.0,0.0,0.0,0.0,"Malta town, Saratoga County, New York",091,44743,36
179.0,93.0,67.0,19.0,0.0,0.0,"Mechanicville city, Saratoga County, New York",091,46360,36
191.0,170.0,13.0,8.0,0.0,0.0,"Milton town, Saratoga County, New York",091,47537,36
69.0,69.0,0.0,0.0,0.0,0.0,"Northumberland town, Saratoga County, New York",091,53737,36
4.0,4.0,0.0,0.0,0.0,0.0,"Edinburg town, Saratoga County, New York",091,23591,36
29.0,18.0,2.0,0.0,9.0,0.0,"Greenfield town, Saratoga County, New York",091,30444,36
1080.0,915.0,51.0,61.0,47.0,6.0,"Clifton Park town, Saratoga County, New York",091,16353,36
7.0,7.0,0.0,0.0,0.0,0.0,"Providence town, Saratoga County, New York",091,59949,36
185.0,133.0,1.0,11.0,4.0,36.0,"Saratoga town, Saratoga County, New York",091,65244,36
23.0,1.0,0.0,22.0,0.0,0.0,"Charlton town, Saratoga County, New York",091,13926,36
53.0,53.0,0.0,0.0,0.0,0.0,"Corinth town, Saratoga County, New York",091,18223,36
259.0,216.0,0.0,43.0,0.0,0.0,"Moreau town, Saratoga County, New York",091,48318,36
271.0,271.0,0.0,0.0,0.0,0.0,"Wilton town, Saratoga County, New York",091,82403,36
87.0,24.0,0.0,63.0,0.0,0.0,"Ballston town, Saratoga County, New York",091,04220,36
571.0,405.0,135.0,8.0,23.0,0.0,"Saratoga Springs city, Saratoga County, New York",091,65255,36
135.0,117.0,0.0,0.0,18.0,0.0,"Stillwater town, Saratoga County, New York",091,71333,36
55.0,55.0,0.0,0.0,0.0,0.0,"Waterford town, Saratoga County, New York",091,78531,36
0.0,0.0,0.0,0.0,0.0,0.0,"Day town, Saratoga County, New York",091,19807,36
21.0,21.0,0.0,0.0,0.0,0.0,"Galway town, Saratoga County, New York",091,28112,36
0.0,0.0,0.0,0.0,0.0,0.0,"Hadley town, Saratoga County, New York",091,31269,36
9658.0,8870.0,468.0,234.0,55.0,31.0,"Clarkstown town, Rockland County, New York",087,15968,36
5796.0,4942.0,592.0,262.0,0.0,0.0,"Haverstraw town, Rockland County, New York",087,32765,36
20444.0,18115.0,1510.0,401.0,151.0,267.0,"Ramapo town, Rockland County, New York",087,60510,36
1318.0,1117.0,72.0,129.0,0.0,0.0,"Stony Point town, Rockland County, New York",087,71674,36
3022.0,2703.0,161.0,123.0,35.0,0.0,"Orangetown town, Rockland County, New York",087,55211,36
27.0,17.0,0.0,10.0,0.0,0.0,"Canaan town, Columbia County, New York",021,12056,36
112.0,34.0,48.0,30.0,0.0,0.0,"Claverack town, Columbia County, New York",021,16045,36
75.0,64.0,2.0,9.0,0.0,0.0,"Kinderhook town, Columbia County, New York",021,39573,36
70.0,65.0,0.0,5.0,0.0,0.0,"Stockport town, Columbia County, New York",021,71443,36
11.0,11.0,0.0,0.0,0.0,0.0,"Copake town, Columbia County, New York",021,18102,36
1435.0,1194.0,170.0,18.0,53.0,0.0,"Hudson city, Columbia County, New York",021,35969,36
25.0,15.0,0.0,10.0,0.0,0.0,"Clermont town, Columbia County, New York",021,16177,36
0.0,0.0,0.0,0.0,0.0,0.0,"Dayton town, Cattaraugus County, New York",009,19840,36
3.0,0.0,0.0,3.0,0.0,0.0,"Great Valley town, Cattaraugus County, New York",009,30257,36
0.0,0.0,0.0,0.0,0.0,0.0,"Humphrey town, Cattaraugus County, New York",009,36123,36
693.0,618.0,74.0,1.0,0.0,0.0,"Olean city, Cattaraugus County, New York",009,54716,36
2.0,2.0,0.0,0.0,0.0,0.0,"Ischua town, Cattaraugus County, New York",009,37825,36
0.0,0.0,0.0,0.0,0.0,0.0,"Conewango town, Cattaraugus County, New York",009,17684,36
2.0,2.0,0.0,0.0,0.0,0.0,"Napoli town, Cattaraugus County, New York",009,49462,36
0.0,0.0,0.0,0.0,0.0,0.0,"Salamanca town, Cattaraugus County, New York",009,64760,36
4.0,4.0,0.0,0.0,0.0,0.0,"Franklinville town, Cattaraugus County, New York",009,27342,36
0.0,0.0,0.0,0.0,0.0,0.0,"East Otto town, Cattaraugus County, New York",009,22678,36
1511.0,1321.0,149.0,41.0,0.0,0.0,"Lackawanna city, Erie County, New York",029,40189,36
13.0,8.0,5.0,0.0,0.0,0.0,"Brant town, Erie County, New York",029,07894,36
0.0,0.0,0.0,0.0,0.0,0.0,"Holland town, Erie County, New York",029,35122,36
2.0,2.0,0.0,0.0,0.0,0.0,"Elma town, Erie County, New York",029,24130,36
23.0,2.0,21.0,0.0,0.0,0.0,"North Collins town, Erie County, New York",029,51803,36
0.0,0.0,0.0,0.0,0.0,0.0,"Wales town, Erie County, New York",029,77871,36
4.0,0.0,4.0,0.0,0.0,0.0,"Eden town, Erie County, New York",029,23415,36
90.0,90.0,0.0,0.0,0.0,0.0,"Evans town, Erie County, New York",029,24801,36
51.0,51.0,0.0,0.0,0.0,0.0,"Boston town, Erie County, New York",029,07454,36
8169.0,6862.0,744.0,361.0,168.0,34.0,"Amherst town, Erie County, New York",029,02000,36
1075.0,661.0,92.0,322.0,0.0,0.0,"Collins town, Erie County, New York",029,17200,36
213.0,131.0,81.0,1.0,0.0,0.0,"Clarence town, Erie County, New York",029,15825,36
0.0,0.0,0.0,0.0,0.0,0.0,"County subdivisions not defined, Erie County, New York",029,00000,36
1245.0,755.0,359.0,131.0,0.0,0.0,"Alden town, Erie County, New York",029,01099,36
8962.0,7672.0,1110.0,95.0,69.0,16.0,"Cheektowaga town, Erie County, New York",029,15011,36
281.0,232.0,8.0,41.0,0.0,0.0,"Grand Island town, Erie County, New York",029,29828,36
626.0,524.0,102.0,0.0,0.0,0.0,"Hamburg town, Erie County, New York",029,31654,36
3194.0,2312.0,741.0,78.0,0.0,63.0,"Tonawanda town, Erie County, New York",029,75000,36
730.0,467.0,224.0,39.0,0.0,0.0,"West Seneca town, Erie County, New York",029,80918,36
94647.0,80436.0,11476.0,1133.0,1009.0,593.0,"Buffalo city, Erie County, New York",029,11000,36
27.0,27.0,0.0,0.0,0.0,0.0,"Colden town, Erie County, New York",029,16870,36
211.0,160.0,31.0,1.0,19.0,0.0,"Orchard Park town, Erie County, New York",029,55277,36
0.0,0.0,0.0,0.0,0.0,0.0,"Sardinia town, Erie County, New York",029,65277,36
72.0,72.0,0.0,0.0,0.0,0.0,"Concord town, Erie County, New York",029,17585,36
3.0,3.0,0.0,0.0,0.0,0.0,"Lawrence town, St. Lawrence County, New York",089,41564,36
0.0,0.0,0.0,0.0,0.0,0.0,"Louisville town, St. Lawrence County, New York",089,43588,36
1.0,1.0,0.0,0.0,0.0,0.0,"Rossie town, St. Lawrence County, New York",089,63858,36
0.0,0.0,0.0,0.0,0.0,0.0,"Clare town, St. Lawrence County, New York",089,15792,36
435.0,192.0,16.0,198.0,29.0,0.0,"Canton town, St. Lawrence County, New York",089,12342,36
6.0,6.0,0.0,0.0,0.0,0.0,"Macomb town, St. Lawrence County, New York",089,44391,36
8.0,8.0,0.0,0.0,0.0,0.0,"Madrid town, St. Lawrence County, New York",089,44490,36
3.0,2.0,0.0,1.0,0.0,0.0,"Morristown town, St. Lawrence County, New York",089,48582,36
29.0,2.0,27.0,0.0,0.0,0.0,"Norfolk town, St. Lawrence County, New York",089,51330,36
19.0,18.0,0.0,1.0,0.0,0.0,"Oswegatchie town, St. Lawrence County, New York",089,55563,36
674.0,375.0,26.0,203.0,70.0,0.0,"Potsdam town, St. Lawrence County, New York",089,59575,36
0.0,0.0,0.0,0.0,0.0,0.0,"Russell town, St. Lawrence County, New York",089,64221,36
803.0,334.0,43.0,404.0,22.0,0.0,"Ogdensburg city, St. Lawrence County, New York",089,54485,36
1.0,1.0,0.0,0.0,0.0,0.0,"Piercefield town, St. Lawrence County, New York",089,57716,36
41.0,41.0,0.0,0.0,0.0,0.0,"Waddington town, St. Lawrence County, New York",089,77739,36
4.0,4.0,0.0,0.0,0.0,0.0,"Colton town, St. Lawrence County, New York",089,17409,36
0.0,0.0,0.0,0.0,0.0,0.0,"Edwards town, St. Lawrence County, New York",089,23646,36
9.0,9.0,0.0,0.0,0.0,0.0,"Fine town, St. Lawrence County, New York",089,25791,36
0.0,0.0,0.0,0.0,0.0,0.0,"Clifton town, St. Lawrence County, New York",089,16287,36
9.0,9.0,0.0,0.0,0.0,0.0,"Hermon town, St. Lawrence County, New York",089,34176,36
0.0,0.0,0.0,0.0,0.0,0.0,"Stockholm town, St. Lawrence County, New York",089,71410,36
0.0,0.0,0.0,0.0,0.0,0.0,"Pitcairn town, St. Lawrence County, New York",089,58266,36
23.0,23.0,0.0,0.0,0.0,0.0,"Massena town, St. Lawrence County, New York",089,46030,36
54.0,36.0,0.0,18.0,0.0,0.0,"Orange town, Schuyler County, New York",097,55156,36
6.0,6.0,0.0,0.0,0.0,0.0,"Catharine town, Schuyler County, New York",097,12914,36
114.0,46.0,5.0,63.0,0.0,0.0,"Dix town, Schuyler County, New York",097,20676,36
0.0,0.0,0.0,0.0,0.0,0.0,"Hector town, Schuyler County, New York",097,33073,36
21.0,21.0,0.0,0.0,0.0,0.0,"Tyrone town, Schuyler County, New York",097,75924,36
22.0,22.0,0.0,0.0,0.0,0.0,"Cayuta town, Schuyler County, New York",097,13112,36
30.0,30.0,0.0,0.0,0.0,0.0,"Reading town, Schuyler County, New York",097,60763,36
1.0,0.0,1.0,0.0,0.0,0.0,"Montour town, Schuyler County, New York",097,48186,36
21.0,13.0,8.0,0.0,0.0,0.0,"Enfield town, Tompkins County, New York",109,24548,36
85.0,25.0,36.0,24.0,0.0,0.0,"Groton town, Tompkins County, New York",109,30972,36
971.0,633.0,57.0,102.0,156.0,23.0,"Ithaca town, Tompkins County, New York",109,38088,36
2021.0,1511.0,103.0,137.0,210.0,60.0,"Ithaca city, Tompkins County, New York",109,38077,36
194.0,68.0,20.0,85.0,21.0,0.0,"Lansing town, Tompkins County, New York",109,41234,36
83.0,83.0,0.0,0.0,0.0,0.0,"Newfield town, Tompkins County, New York",109,50254,36
56.0,44.0,12.0,0.0,0.0,0.0,"Ulysses town, Tompkins County, New York",109,75990,36
119.0,114.0,0.0,5.0,0.0,0.0,"Danby town, Tompkins County, New York",109,19620,36
417.0,284.0,41.0,31.0,43.0,18.0,"Dryden town, Tompkins County, New York",109,20962,36
159.0,146.0,9.0,4.0,0.0,0.0,"Caroline town, Tompkins County, New York",109,12606,36
6.0,2.0,0.0,4.0,0.0,0.0,"Chester town, Warren County, New York",113,15319,36
7.0,2.0,0.0,5.0,0.0,0.0,"Stony Creek town, Warren County, New York",113,71641,36
80.0,0.0,29.0,51.0,0.0,0.0,"Bolton town, Warren County, New York",113,07234,36
0.0,0.0,0.0,0.0,0.0,0.0,"Hague town, Warren County, New York",113,31335,36
17.0,16.0,1.0,0.0,0.0,0.0,"Lake George town, Warren County, New York",113,40519,36
5.0,5.0,0.0,0.0,0.0,0.0,"Lake Luzerne town, Warren County, New York",113,40662,36
32.0,14.0,18.0,0.0,0.0,0.0,"Warrensburg town, Warren County, New York",113,78300,36
236.0,176.0,32.0,28.0,0.0,0.0,"Glens Falls city, Warren County, New York",113,29333,36
0.0,0.0,0.0,0.0,0.0,0.0,"Horicon town, Warren County, New York",113,35639,36
0.0,0.0,0.0,0.0,0.0,0.0,"Johnsburg town, Warren County, New York",113,38715,36
13.0,3.0,0.0,3.0,7.0,0.0,"Thurman town, Warren County, New York",113,73814,36
363.0,255.0,101.0,7.0,0.0,0.0,"Queensbury town, Warren County, New York",113,60356,36
6.0,6.0,0.0,0.0,0.0,0.0,"Columbus town, Chenango County, New York",017,17486,36
0.0,0.0,0.0,0.0,0.0,0.0,"German town, Chenango County, New York",017,28739,36
0.0,0.0,0.0,0.0,0.0,0.0,"Lincklaen town, Chenango County, New York",017,42411,36
13.0,13.0,0.0,0.0,0.0,0.0,"McDonough town, Chenango County, New York",017,44127,36
37.0,25.0,12.0,0.0,0.0,0.0,"Norwich town, Chenango County, New York",017,53990,36
39.0,0.0,39.0,0.0,0.0,0.0,"Sherburne town, Chenango County, New York",017,66894,36
13.0,10.0,0.0,3.0,0.0,0.0,"Smithville town, Chenango County, New York",017,68055,36
5.0,2.0,0.0,3.0,0.0,0.0,"Coventry town, Chenango County, New York",017,18619,36
44.0,19.0,0.0,0.0,25.0,0.0,"Oxford town, Chenango County, New York",017,55959,36
5.0,3.0,2.0,0.0,0.0,0.0,"Bainbridge town, Chenango County, New York",017,04044,36
19.0,19.0,0.0,0.0,0.0,0.0,"North Norwich town, Chenango County, New York",017,53297,36
0.0,0.0,0.0,0.0,0.0,0.0,"Otselic town, Chenango County, New York",017,55717,36
0.0,0.0,0.0,0.0,0.0,0.0,"Preston town, Chenango County, New York",017,59817,36
58.0,47.0,0.0,8.0,3.0,0.0,"Greene town, Chenango County, New York",017,30422,36
9.0,9.0,0.0,0.0,0.0,0.0,"Guilford town, Chenango County, New York",017,31148,36
99.0,97.0,2.0,0.0,0.0,0.0,"Norwich city, Chenango County, New York",017,53979,36
0.0,0.0,0.0,0.0,0.0,0.0,"Pharsalia town, Chenango County, New York",017,57507,36
16.0,0.0,0.0,16.0,0.0,0.0,"Plymouth town, Chenango County, New York",017,58772,36
14.0,5.0,9.0,0.0,0.0,0.0,"Smyrna town, Chenango County, New York",017,68110,36
0.0,0.0,0.0,0.0,0.0,0.0,"Pitcher town, Chenango County, New York",017,58288,36
0.0,0.0,0.0,0.0,0.0,0.0,"New Berlin town, Chenango County, New York",017,49957,36
35.0,33.0,0.0,2.0,0.0,0.0,"Afton town, Chenango County, New York",017,00353,36
103.0,83.0,2.0,18.0,0.0,0.0,"Cortlandville town, Cortland County, New York",023,18421,36
9.0,9.0,0.0,0.0,0.0,0.0,"Freetown town, Cortland County, New York",023,27496,36
0.0,0.0,0.0,0.0,0.0,0.0,"Harford town, Cortland County, New York",023,32160,36
0.0,0.0,0.0,0.0,0.0,0.0,"Preble town, Cortland County, New York",023,59773,36
40.0,40.0,0.0,0.0,0.0,0.0,"Marathon town, Cortland County, New York",023,45403,36
0.0,0.0,0.0,0.0,0.0,0.0,"Scott town, Cortland County, New York",023,65915,36
45.0,44.0,1.0,0.0,0.0,0.0,"Homer town, Cortland County, New York",023,35287,36
11.0,11.0,0.0,0.0,0.0,0.0,"Lapeer town, Cortland County, New York",023,41300,36
0.0,0.0,0.0,0.0,0.0,0.0,"Solon town, Cortland County, New York",023,68264,36
19.0,19.0,0.0,0.0,0.0,0.0,"Willet town, Cortland County, New York",023,81963,36
564.0,460.0,30.0,74.0,0.0,0.0,"Cortland city, Cortland County, New York",023,18388,36
0.0,0.0,0.0,0.0,0.0,0.0,"Cuyler town, Cortland County, New York",023,19499,36
14.0,14.0,0.0,0.0,0.0,0.0,"Taylor town, Cortland County, New York",023,73220,36
0.0,0.0,0.0,0.0,0.0,0.0,"Truxton town, Cortland County, New York",023,75550,36
64.0,64.0,0.0,0.0,0.0,0.0,"Virgil town, Cortland County, New York",023,77596,36
0.0,0.0,0.0,0.0,0.0,0.0,"Cincinnatus town, Cortland County, New York",023,15748,36
42.0,42.0,0.0,0.0,0.0,0.0,"Milan town, Dutchess County, New York",027,47207,36
238.0,206.0,0.0,27.0,5.0,0.0,"Rhinebeck town, Dutchess County, New York",027,61357,36
104.0,72.0,27.0,5.0,0.0,0.0,"Stanford town, Dutchess County, New York",027,70662,36
242.0,202.0,0.0,0.0,40.0,0.0,"Amenia town, Dutchess County, New York",027,01693,36
332.0,285.0,5.0,23.0,19.0,0.0,"Dover town, Dutchess County, New York",027,20819,36
11254.0,9616.0,815.0,622.0,148.0,53.0,"Poughkeepsie city, Dutchess County, New York",027,59641,36
272.0,192.0,44.0,35.0,1.0,0.0,"Red Hook town, Dutchess County, New York",027,60905,36
156.0,105.0,14.0,37.0,0.0,0.0,"Washington town, Dutchess County, New York",027,78388,36
108.0,83.0,17.0,8.0,0.0,0.0,"North East town, Dutchess County, New York",027,51891,36
220.0,176.0,5.0,33.0,6.0,0.0,"Pawling town, Dutchess County, New York",027,56825,36
89.0,89.0,0.0,0.0,0.0,0.0,"Union Vale town, Dutchess County, New York",027,76166,36
556.0,468.0,76.0,12.0,0.0,0.0,"Pleasant Valley town, Dutchess County, New York",027,58695,36
5760.0,4925.0,272.0,486.0,44.0,33.0,"Poughkeepsie town, Dutchess County, New York",027,59652,36
1726.0,1426.0,188.0,101.0,11.0,0.0,"Wappinger town, Dutchess County, New York",027,78157,36
1401.0,1037.0,53.0,311.0,0.0,0.0,"Beekman town, Dutchess County, New York",027,05452,36
3024.0,1952.0,269.0,782.0,0.0,21.0,"Fishkill town, Dutchess County, New York",027,25978,36
60.0,24.0,36.0,0.0,0.0,0.0,"Van Buren town, Onondaga County, New York",067,76760,36
1005.0,888.0,79.0,2.0,36.0,0.0,"Manlius town, Onondaga County, New York",067,45029,36
34.0,16.0,18.0,0.0,0.0,0.0,"Brownville town, Jefferson County, New York",045,10242,36
28.0,26.0,0.0,0.0,0.0,2.0,"Hounsfield town, Jefferson County, New York",045,35782,36
7.0,7.0,0.0,0.0,0.0,0.0,"Lyme town, Jefferson County, New York",045,43863,36
11.0,11.0,0.0,0.0,0.0,0.0,"Orleans town, Jefferson County, New York",045,55398,36
6.0,6.0,0.0,0.0,0.0,0.0,"Lorraine town, Jefferson County, New York",045,43544,36
0.0,0.0,0.0,0.0,0.0,0.0,"Rodman town, Jefferson County, New York",045,63341,36
15.0,15.0,0.0,0.0,0.0,0.0,"Theresa town, Jefferson County, New York",045,73528,36
11.0,11.0,0.0,0.0,0.0,0.0,"Adams town, Jefferson County, New York",045,00210,36
58.0,58.0,0.0,0.0,0.0,0.0,"Ellisburg town, Jefferson County, New York",045,24086,36
7.0,7.0,0.0,0.0,0.0,0.0,"Henderson town, Jefferson County, New York",045,34055,36
3950.0,3292.0,354.0,143.0,160.0,1.0,"Henrietta town, Monroe County, New York",055,34099,36
360.0,219.0,49.0,62.0,30.0,0.0,"Pittsford town, Monroe County, New York",055,58365,36
57.0,57.0,0.0,0.0,0.0,0.0,"Riga town, Monroe County, New York",055,61808,36
339.0,333.0,6.0,0.0,0.0,0.0,"Wheatland town, Monroe County, New York",055,81402,36
3367.0,2922.0,312.0,0.0,43.0,90.0,"Gates town, Monroe County, New York",055,28442,36
4567.0,3522.0,749.0,37.0,22.0,237.0,"Irondequoit town, Monroe County, New York",055,37726,36
357.0,273.0,52.0,14.0,18.0,0.0,"Ogden town, Monroe County, New York",055,54474,36
1020.0,894.0,123.0,3.0,0.0,0.0,"Penfield town, Monroe County, New York",055,57144,36
83750.0,65998.0,15153.0,720.0,1428.0,451.0,"Rochester city, Monroe County, New York",055,63000,36
2272.0,1337.0,650.0,176.0,33.0,76.0,"Brighton town, Monroe County, New York",055,08246,36
0.0,0.0,0.0,0.0,0.0,0.0,"County subdivisions not defined, Monroe County, New York",055,00000,36
517.0,513.0,4.0,0.0,0.0,0.0,"East Rochester town, Monroe County, New York",055,22870,36
6256.0,5248.0,839.0,126.0,22.0,21.0,"Greece town, Monroe County, New York",055,30290,36
279.0,279.0,0.0,0.0,0.0,0.0,"Hamlin town, Monroe County, New York",055,31797,36
54.0,54.0,0.0,0.0,0.0,0.0,"Mendon town, Monroe County, New York",055,46558,36
186.0,61.0,112.0,0.0,13.0,0.0,"Parma town, Monroe County, New York",055,56561,36
2932.0,2434.0,318.0,153.0,10.0,17.0,"Chili town, Monroe County, New York",055,15462,36
804.0,696.0,107.0,1.0,0.0,0.0,"Perinton town, Monroe County, New York",055,57221,36
92.0,20.0,52.0,20.0,0.0,0.0,"Rush town, Monroe County, New York",055,64144,36
975.0,947.0,19.0,8.0,1.0,0.0,"Webster town, Monroe County, New York",055,78971,36
19.0,19.0,0.0,0.0,0.0,0.0,"Clarkson town, Monroe County, New York",055,15957,36
407.0,237.0,61.0,90.0,19.0,0.0,"Sweden town, Monroe County, New York",055,72455,36
1122.0,1020.0,49.0,53.0,0.0,0.0,"Blooming Grove town, Orange County, New York",071,07003,36
422.0,381.0,34.0,0.0,7.0,0.0,"Wawayanda town, Orange County, New York",071,78839,36
0.0,0.0,0.0,0.0,0.0,0.0,"Oil Springs Reservation, Cattaraugus County, New York",009,54523,36
0.0,0.0,0.0,0.0,0.0,0.0,"Tonawanda Reservation, Niagara County, New York",063,75011,36
99.0,93.0,4.0,2.0,0.0,0.0,"Tupper Lake town, Franklin County, New York",033,75676,36
0.0,0.0,0.0,0.0,0.0,0.0,"Chautauqua Lake UT, Chautauqua County, New York",013,14072,36
0.0,0.0,0.0,0.0,0.0,0.0,"Tuscarora Nation Reservation, Niagara County, New York",063,75748,36
0.0,0.0,0.0,0.0,0.0,0.0,"Onondaga Nation Reservation, Onondaga County, New York",067,54980,36
0.0,0.0,0.0,0.0,0.0,0.0,"Cattaraugus Reservation, Chautauqua County, New York",013,13035,36
0.0,0.0,0.0,0.0,0.0,0.0,"Oil Springs Reservation, Allegany County, New York",003,54523,36
0.0,0.0,0.0,0.0,0.0,0.0,"Cattaraugus Reservation, Cattaraugus County, New York",009,13035,36
0.0,0.0,0.0,0.0,0.0,0.0,"Cattaraugus Reservation, Erie County, New York",029,13035,36
0.0,0.0,0.0,0.0,0.0,0.0,"Tonawanda Reservation, Erie County, New York",029,75011,36
0.0,0.0,0.0,0.0,0.0,0.0,"Tonawanda Reservation, Genesee County, New York",037,75011,36
2065.0,1565.0,191.0,258.0,51.0,0.0,"Rome city, Oneida County, New York",065,63418,36
57.0,57.0,0.0,0.0,0.0,0.0,"Augusta town, Oneida County, New York",065,03155,36
60.0,59.0,0.0,1.0,0.0,0.0,"Deerfield town, Oneida County, New York",065,19928,36
11.0,11.0,0.0,0.0,0.0,0.0,"Forestport town, Oneida County, New York",065,26627,36
61.0,61.0,0.0,0.0,0.0,0.0,"Lee town, Oneida County, New York",065,41762,36
89.0,57.0,32.0,0.0,0.0,0.0,"Paris town, Oneida County, New York",065,56330,36
562.0,391.0,85.0,86.0,0.0,0.0,"Lancaster town, Erie County, New York",029,41146,36
13.0,13.0,0.0,0.0,0.0,0.0,"Marilla town, Erie County, New York",029,45601,36
43.0,31.0,4.0,8.0,0.0,0.0,"Tonawanda city, Erie County, New York",029,74166,36
38.0,38.0,0.0,0.0,0.0,0.0,"New Lebanon town, Columbia County, New York",021,50452,36
36.0,19.0,0.0,17.0,0.0,0.0,"Livingston town, Columbia County, New York",021,42917,36
24.0,7.0,17.0,0.0,0.0,0.0,"Germantown town, Columbia County, New York",021,28772,36
251.0,213.0,17.0,0.0,0.0,21.0,"Ghent town, Columbia County, New York",021,28871,36
0.0,0.0,0.0,0.0,0.0,0.0,"Hillsdale town, Columbia County, New York",021,34748,36
49.0,49.0,0.0,0.0,0.0,0.0,"Gallatin town, Columbia County, New York",021,28068,36
342.0,303.0,12.0,27.0,0.0,0.0,"Greenport town, Columbia County, New York",021,30565,36
12.0,12.0,0.0,0.0,0.0,0.0,"Taghkanic town, Columbia County, New York",021,73077,36
26.0,26.0,0.0,0.0,0.0,0.0,"Austerlitz town, Columbia County, New York",021,03287,36
187.0,132.0,25.0,30.0,0.0,0.0,"Chatham town, Columbia County, New York",021,14014,36
18.0,18.0,0.0,0.0,0.0,0.0,"Stuyvesant town, Columbia County, New York",021,71850,36
41.0,29.0,0.0,11.0,1.0,0.0,"Ancram town, Columbia County, New York",021,02099,36
0.0,0.0,0.0,0.0,0.0,0.0,"Lewis town, Lewis County, New York",049,42125,36
0.0,0.0,0.0,0.0,0.0,0.0,"Turin town, Lewis County, New York",049,75693,36
15.0,15.0,0.0,0.0,0.0,0.0,"Diana town, Lewis County, New York",049,20555,36
6.0,2.0,1.0,3.0,0.0,0.0,"Leyden town, Lewis County, New York",049,42213,36
11.0,11.0,0.0,0.0,0.0,0.0,"Greig town, Lewis County, New York",049,30796,36
6.0,6.0,0.0,0.0,0.0,0.0,"Lyonsdale town, Lewis County, New York",049,43995,36
0.0,0.0,0.0,0.0,0.0,0.0,"Osceola town, Lewis County, New York",049,55497,36
0.0,0.0,0.0,0.0,0.0,0.0,"Watson town, Lewis County, New York",049,78729,36
18.0,18.0,0.0,0.0,0.0,0.0,"Croghan town, Lewis County, New York",049,19081,36
0.0,0.0,0.0,0.0,0.0,0.0,"Pinckney town, Lewis County, New York",049,57925,36
1260.0,945.0,73.0,100.0,91.0,51.0,"Hyde Park town, Dutchess County, New York",027,37209,36
16.0,14.0,0.0,2.0,0.0,0.0,"Pine Plains town, Dutchess County, New York",027,58156,36
73.0,36.0,0.0,31.0,6.0,0.0,"Clinton town, Dutchess County, New York",027,16408,36
2540.0,2190.0,163.0,187.0,0.0,0.0,"Beacon city, Dutchess County, New York",027,05100,36
609.0,580.0,0.0,29.0,0.0,0.0,"East Fishkill town, Dutchess County, New York",027,21996,36
10.0,10.0,0.0,0.0,0.0,0.0,"New Bremen town, Lewis County, New York",049,50001,36
100.0,73.0,17.0,10.0,0.0,0.0,"Lowville town, Lewis County, New York",049,43731,36
0.0,0.0,0.0,0.0,0.0,0.0,"Montague town, Lewis County, New York",049,48032,36
15.0,15.0,0.0,0.0,0.0,0.0,"Denmark town, Lewis County, New York",049,20214,36
0.0,0.0,0.0,0.0,0.0,0.0,"Harrisburg town, Lewis County, New York",049,32358,36
10.0,10.0,0.0,0.0,0.0,0.0,"West Turin town, Lewis County, New York",049,81094,36
4.0,4.0,0.0,0.0,0.0,0.0,"Martinsburg town, Lewis County, New York",049,45854,36
460.0,317.0,46.0,85.0,12.0,0.0,"North Tonawanda city, Niagara County, New York",063,53682,36
112.0,112.0,0.0,0.0,0.0,0.0,"Cambria town, Niagara County, New York",063,11803,36
6.0,2.0,4.0,0.0,0.0,0.0,"Hartland town, Niagara County, New York",063,32490,36
4.0,2.0,2.0,0.0,0.0,0.0,"Somerset town, Niagara County, New York",063,68330,36
680.0,524.0,52.0,104.0,0.0,0.0,"Wheatfield town, Niagara County, New York",063,81380,36
106.0,77.0,0.0,7.0,22.0,0.0,"Wilson town, Niagara County, New York",063,82370,36
340.0,291.0,28.0,21.0,0.0,0.0,"Niagara town, Niagara County, New York",063,51033,36
818.0,703.0,51.0,64.0,0.0,0.0,"Lockport town, Niagara County, New York",063,43093,36
96.0,78.0,18.0,0.0,0.0,0.0,"Newstead town, Erie County, New York",029,50716,36
94.0,49.0,36.0,9.0,0.0,0.0,"Aurora town, Erie County, New York",029,03199,36
186.0,120.0,22.0,23.0,0.0,21.0,"Oneida city, Madison County, New York",053,54837,36
6.0,6.0,0.0,0.0,0.0,0.0,"Lebanon town, Madison County, New York",053,41674,36
0.0,0.0,0.0,0.0,0.0,0.0,"Stockbridge town, Madison County, New York",053,71399,36
75.0,75.0,0.0,0.0,0.0,0.0,"Sullivan town, Madison County, New York",053,71993,36
7.0,7.0,0.0,0.0,0.0,0.0,"Fenner town, Madison County, New York",053,25593,36
5.0,5.0,0.0,0.0,0.0,0.0,"Lincoln town, Madison County, New York",053,42422,36
109.0,109.0,0.0,0.0,0.0,0.0,"DeRuyter town, Madison County, New York",053,20401,36
444.0,283.0,5.0,142.0,14.0,0.0,"Eaton town, Madison County, New York",053,23305,36
0.0,0.0,0.0,0.0,0.0,0.0,"Georgetown town, Madison County, New York",053,28695,36
42.0,42.0,0.0,0.0,0.0,0.0,"Smithfield town, Madison County, New York",053,67785,36
0.0,0.0,0.0,0.0,0.0,0.0,"Brookfield town, Madison County, New York",053,08587,36
203.0,139.0,0.0,56.0,0.0,8.0,"Cazenovia town, Madison County, New York",053,13156,36
20.0,20.0,0.0,0.0,0.0,0.0,"Lenox town, Madison County, New York",053,41905,36
0.0,0.0,0.0,0.0,0.0,0.0,"Nelson town, Madison County, New York",053,49770,36
363.0,241.0,1.0,99.0,11.0,11.0,"Hamilton town, Madison County, New York",053,31720,36
3.0,2.0,1.0,0.0,0.0,0.0,"Madison town, Madison County, New York",053,44435,36
9.0,9.0,0.0,0.0,0.0,0.0,"Princetown town, Schenectady County, New York",093,59861,36
31.0,29.0,2.0,0.0,0.0,0.0,"Duanesburg town, Schenectady County, New York",093,21006,36
759.0,666.0,12.0,59.0,22.0,0.0,"Rotterdam town, Schenectady County, New York",093,63935,36
474.0,421.0,31.0,12.0,0.0,10.0,"Glenville town, Schenectady County, New York",093,29366,36
13445.0,11297.0,1366.0,360.0,389.0,33.0,"Schenectady city, Schenectady County, New York",093,65508,36
981.0,925.0,0.0,56.0,0.0,0.0,"Niskayuna town, Schenectady County, New York",093,51264,36
91.0,91.0,0.0,0.0,0.0,0.0,"Fremont town, Sullivan County, New York",105,27573,36
600.0,528.0,37.0,27.0,8.0,0.0,"Liberty town, Sullivan County, New York",105,42235,36
34.0,27.0,0.0,7.0,0.0,0.0,"Callicoon town, Sullivan County, New York",105,11759,36
140.0,78.0,33.0,22.0,7.0,0.0,"Delaware town, Sullivan County, New York",105,20104,36
18.0,7.0,0.0,0.0,11.0,0.0,"Lumberland town, Sullivan County, New York",105,43786,36
79.0,56.0,0.0,23.0,0.0,0.0,"Neversink town, Sullivan County, New York",105,49847,36
2911.0,2419.0,311.0,150.0,0.0,31.0,"Thompson town, Sullivan County, New York",105,73627,36
92.0,28.0,0.0,62.0,2.0,0.0,"Bethel town, Sullivan County, New York",105,06310,36
44.0,43.0,0.0,1.0,0.0,0.0,"Cochecton town, Sullivan County, New York",105,16661,36
215.0,215.0,0.0,0.0,0.0,0.0,"Rockland town, Sullivan County, New York",105,63176,36
13.0,8.0,0.0,0.0,5.0,0.0,"Forestburgh town, Sullivan County, New York",105,26528,36
1525.0,999.0,29.0,479.0,18.0,0.0,"Fallsburg town, Sullivan County, New York",105,25241,36
10823.0,9209.0,1284.0,239.0,91.0,0.0,"Niagara Falls city, Niagara County, New York",063,51055,36
47.0,44.0,1.0,2.0,0.0,0.0,"Porter town, Niagara County, New York",063,59267,36
25.0,18.0,4.0,1.0,2.0,0.0,"Newfane town, Niagara County, New York",063,50232,36
180.0,131.0,6.0,43.0,0.0,0.0,"Lewiston town, Niagara County, New York",063,42158,36
1.0,1.0,0.0,0.0,0.0,0.0,"Pendleton town, Niagara County, New York",063,57111,36
85.0,85.0,0.0,0.0,0.0,0.0,"Royalton town, Niagara County, New York",063,64034,36
0.0,0.0,0.0,0.0,0.0,0.0,"County subdivisions not defined, Niagara County, New York",063,00000,36
1330.0,1169.0,130.0,11.0,0.0,20.0,"Lockport city, Niagara County, New York",063,43082,36
602.0,599.0,0.0,3.0,0.0,0.0,"Mount Kisco town, Westchester County, New York",119,48895,36
285.0,240.0,2.0,11.0,7.0,25.0,"New Castle town, Westchester County, New York",119,50078,36
275.0,201.0,74.0,0.0,0.0,0.0,"North Castle town, Westchester County, New York",119,51693,36
182.0,160.0,11.0,11.0,0.0,0.0,"North Salem town, Westchester County, New York",119,53517,36
145.0,104.0,6.0,35.0,0.0,0.0,"Rye city, Westchester County, New York",119,64309,36
78.0,57.0,0.0,21.0,0.0,0.0,"Pound Ridge town, Westchester County, New York",119,59685,36
1585.0,1469.0,87.0,29.0,0.0,0.0,"Yorktown town, Westchester County, New York",119,84077,36
5042.0,4160.0,515.0,299.0,68.0,0.0,"Peekskill city, Westchester County, New York",119,56979,36
161.0,160.0,0.0,0.0,1.0,0.0,"Scarsdale town, Westchester County, New York",119,65442,36
909.0,849.0,54.0,0.0,5.0,1.0,"Eastchester town, Westchester County, New York",119,21820,36
11979.0,10712.0,817.0,311.0,116.0,23.0,"Greenburgh town, Westchester County, New York",119,30367,36
262.0,151.0,51.0,41.0,19.0,0.0,"Somers town, Westchester County, New York",119,68308,36
4669.0,4017.0,523.0,116.0,13.0,0.0,"Ossining town, Westchester County, New York",119,55541,36
2760.0,2472.0,229.0,59.0,0.0,0.0,"Cortlandt town, Westchester County, New York",119,18410,36
1175.0,1052.0,45.0,0.0,78.0,0.0,"Mamaroneck town, Westchester County, New York",119,44842,36
1890.0,1123.0,532.0,178.0,39.0,18.0,"Mount Pleasant town, Westchester County, New York",119,49011,36
45153.0,40920.0,2725.0,710.0,501.0,297.0,"Mount Vernon city, Westchester County, New York",119,49121,36
744.0,566.0,19.0,138.0,6.0,15.0,"Bedford town, Westchester County, New York",119,05320,36
1243.0,995.0,50.0,51.0,139.0,8.0,"Harrison town, Westchester County, New York",119,32413,36
390.0,390.0,0.0,0.0,0.0,0.0,"Lewisboro town, Westchester County, New York",119,42136,36
1005.0,994.0,11.0,0.0,0.0,0.0,"Pelham town, Westchester County, New York",119,57012,36
2094.0,1668.0,296.0,48.0,76.0,6.0,"Rye town, Westchester County, New York",119,64320,36
7324.0,6614.0,288.0,125.0,219.0,78.0,"White Plains city, Westchester County, New York",119,81677,36
35311.0,31644.0,2592.0,754.0,179.0,142.0,"Yonkers city, Westchester County, New York",119,84000,36
15821.0,13907.0,1357.0,272.0,190.0,95.0,"New Rochelle city, Westchester County, New York",119,50617,36
32.0,32.0,0.0,0.0,0.0,0.0,"Davenport town, Delaware County, New York",025,19763,36
489.0,285.0,12.0,192.0,0.0,0.0,"Delhi town, Delaware County, New York",025,20137,36
6.0,6.0,0.0,0.0,0.0,0.0,"Hamden town, Delaware County, New York",025,31698,36
1.0,0.0,0.0,1.0,0.0,0.0,"Meredith town, Delaware County, New York",025,46624,36
48.0,48.0,0.0,0.0,0.0,0.0,"Colchester town, Delaware County, New York",025,16793,36
29.0,14.0,0.0,5.0,10.0,0.0,"Hancock town, Delaware County, New York",025,31951,36
12.0,12.0,0.0,0.0,0.0,0.0,"Harpersfield town, Delaware County, New York",025,32281,36
0.0,0.0,0.0,0.0,0.0,0.0,"Masonville town, Delaware County, New York",025,45964,36
105.0,66.0,0.0,39.0,0.0,0.0,"Roxbury town, Delaware County, New York",025,64001,36
12.0,12.0,0.0,0.0,0.0,0.0,"Sidney town, Delaware County, New York",025,67345,36
18.0,6.0,6.0,6.0,0.0,0.0,"Stamford town, Delaware County, New York",025,70629,36
11.0,11.0,0.0,0.0,0.0,0.0,"Walton town, Delaware County, New York",025,78047,36
21.0,21.0,0.0,0.0,0.0,0.0,"Tompkins town, Delaware County, New York",025,74111,36
27.0,27.0,0.0,0.0,0.0,0.0,"Franklin town, Delaware County, New York",025,27232,36
33.0,21.0,0.0,12.0,0.0,0.0,"Kortright town, Delaware County, New York",025,40068,36
16.0,16.0,0.0,0.0,0.0,0.0,"Middletown town, Delaware County, New York",025,47031,36
44.0,44.0,0.0,0.0,0.0,0.0,"Deposit town, Delaware County, New York",025,20357,36
0.0,0.0,0.0,0.0,0.0,0.0,"Andes town, Delaware County, New York",025,02132,36
0.0,0.0,0.0,0.0,0.0,0.0,"Bovina town, Delaware County, New York",025,07597,36
574.0,445.0,60.0,62.0,6.0,1.0,"La Grange town, Dutchess County, New York",027,40299,36
404.0,186.0,0.0,208.0,10.0,0.0,"Cape Vincent town, Jefferson County, New York",045,12364,36
169.0,50.0,99.0,0.0,20.0,0.0,"Champion town, Jefferson County, New York",045,13717,36
58.0,37.0,0.0,11.0,0.0,10.0,"Philadelphia town, Jefferson County, New York",045,57562,36
0.0,0.0,0.0,0.0,0.0,0.0,"Worth town, Jefferson County, New York",045,83162,36
0.0,0.0,0.0,0.0,0.0,0.0,"County subdivisions not defined, Jefferson County, New York",045,00000,36
70.0,31.0,39.0,0.0,0.0,0.0,"Alexandria town, Jefferson County, New York",045,01176,36
0.0,0.0,0.0,0.0,0.0,0.0,"Antwerp town, Jefferson County, New York",045,02297,36
126.0,74.0,45.0,0.0,7.0,0.0,"Wilna town, Jefferson County, New York",045,82348,36
36.0,10.0,3.0,1.0,22.0,0.0,"Clayton town, Jefferson County, New York",045,16100,36
163.0,126.0,0.0,37.0,0.0,0.0,"Pamelia town, Jefferson County, New York",045,56209,36
1908.0,1220.0,257.0,114.0,228.0,89.0,"Watertown city, Jefferson County, New York",045,78608,36
3232.0,1553.0,429.0,59.0,752.0,439.0,"Le Ray town, Jefferson County, New York",045,42015,36
41.0,18.0,12.0,5.0,0.0,6.0,"Rutland town, Jefferson County, New York",045,64265,36
247.0,93.0,0.0,154.0,0.0,0.0,"Watertown town, Jefferson County, New York",045,78619,36
16.0,1.0,15.0,0.0,0.0,0.0,"Richmondville town, Schoharie County, New York",095,61599,36
367.0,207.0,68.0,89.0,3.0,0.0,"Cobleskill town, Schoharie County, New York",095,16639,36
1.0,1.0,0.0,0.0,0.0,0.0,"Sharon town, Schoharie County, New York",095,66641,36
1.0,1.0,0.0,0.0,0.0,0.0,"Summit town, Schoharie County, New York",095,72070,36
2.0,2.0,0.0,0.0,0.0,0.0,"Jefferson town, Schoharie County, New York",095,38440,36
2.0,2.0,0.0,0.0,0.0,0.0,"Broome town, Schoharie County, New York",095,10154,36
22.0,22.0,0.0,0.0,0.0,0.0,"Carlisle town, Schoharie County, New York",095,12452,36
5.0,5.0,0.0,0.0,0.0,0.0,"Wright town, Schoharie County, New York",095,83195,36
0.0,0.0,0.0,0.0,0.0,0.0,"Conesville town, Schoharie County, New York",095,17651,36
40.0,26.0,0.0,0.0,14.0,0.0,"Middleburgh town, Schoharie County, New York",095,46855,36
40.0,0.0,21.0,19.0,0.0,0.0,"Schoharie town, Schoharie County, New York",095,65596,36
5.0,5.0,0.0,0.0,0.0,0.0,"Blenheim town, Schoharie County, New York",095,06893,36
3.0,3.0,0.0,0.0,0.0,0.0,"Fulton town, Schoharie County, New York",095,27826,36
1.0,1.0,0.0,0.0,0.0,0.0,"Gilboa town, Schoharie County, New York",095,28981,36
2.0,2.0,0.0,0.0,0.0,0.0,"Seward town, Schoharie County, New York",095,66542,36
0.0,0.0,0.0,0.0,0.0,0.0,"Esperance town, Schoharie County, New York",095,24724,36
483792.0,437895.0,26797.0,12372.0,2958.0,3770.0,"Bronx borough, Bronx County, New York",005,08510,36
0.0,0.0,0.0,0.0,0.0,0.0,"Otisco town, Onondaga County, New York",067,55651,36
55.0,55.0,0.0,0.0,0.0,0.0,"Pompey town, Onondaga County, New York",067,59036,36
3191.0,2816.0,303.0,52.0,20.0,0.0,"Clay town, Onondaga County, New York",067,16067,36
1778.0,1037.0,500.0,94.0,131.0,16.0,"De Witt town, Onondaga County, New York",067,20478,36
1.0,0.0,0.0,0.0,0.0,1.0,"Skaneateles town, Onondaga County, New York",067,67521,36
41083.0,32159.0,6462.0,941.0,983.0,538.0,"Syracuse city, Onondaga County, New York",067,73000,36
24.0,24.0,0.0,0.0,0.0,0.0,"Tully town, Onondaga County, New York",067,75638,36
15.0,12.0,3.0,0.0,0.0,0.0,"Elbridge town, Onondaga County, New York",067,23800,36
140.0,121.0,18.0,1.0,0.0,0.0,"LaFayette town, Onondaga County, New York",067,40266,36
970.0,744.0,61.0,139.0,26.0,0.0,"Onondaga town, Onondaga County, New York",067,54958,36
39.0,34.0,5.0,0.0,0.0,0.0,"Marcellus town, Onondaga County, New York",067,45491,36
1609.0,1298.0,237.0,0.0,49.0,25.0,"Salina town, Onondaga County, New York",067,64815,36
11.0,8.0,1.0,2.0,0.0,0.0,"Fabius town, Onondaga County, New York",067,24878,36
0.0,0.0,0.0,0.0,0.0,0.0,"Spafford town, Onondaga County, New York",067,70057,36
540.0,389.0,60.0,91.0,0.0,0.0,"Cicero town, Onondaga County, New York",067,15704,36
467.0,427.0,38.0,2.0,0.0,0.0,"Geddes town, Onondaga County, New York",067,28519,36
416.0,400.0,1.0,15.0,0.0,0.0,"Lysander town, Onondaga County, New York",067,44039,36
299.0,229.0,53.0,0.0,17.0,0.0,"Camillus town, Onondaga County, New York",067,11913,36
40.0,17.0,18.0,5.0,0.0,0.0,"Broadalbin town, Fulton County, New York",035,08433,36
0.0,0.0,0.0,0.0,0.0,0.0,"Bleecker town, Fulton County, New York",035,06882,36
166.0,52.0,14.0,100.0,0.0,0.0,"Johnstown town, Fulton County, New York",035,38792,36
4.0,4.0,0.0,0.0,0.0,0.0,"Northampton town, Fulton County, New York",035,51407,36
17.0,17.0,0.0,0.0,0.0,0.0,"Oppenheim town, Fulton County, New York",035,55101,36
0.0,0.0,0.0,0.0,0.0,0.0,"Stratford town, Fulton County, New York",035,71784,36
12.0,12.0,0.0,0.0,0.0,0.0,"Mayfield town, Fulton County, New York",035,46217,36
85.0,70.0,0.0,15.0,0.0,0.0,"Perth town, Fulton County, New York",035,57353,36
0.0,0.0,0.0,0.0,0.0,0.0,"Caroga town, Fulton County, New York",035,12573,36
280.0,266.0,0.0,14.0,0.0,0.0,"Gloversville city, Fulton County, New York",035,29443,36
373.0,231.0,91.0,0.0,0.0,51.0,"Johnstown city, Fulton County, New York",035,38781,36
14.0,14.0,0.0,0.0,0.0,0.0,"Ephratah town, Fulton County, New York",035,24603,36
27.0,10.0,12.0,5.0,0.0,0.0,"Chazy town, Clinton County, New York",019,14113,36
4.0,4.0,0.0,0.0,0.0,0.0,"Clinton town, Clinton County, New York",019,16397,36
0.0,0.0,0.0,0.0,0.0,0.0,"Mooers town, Clinton County, New York",019,48252,36
20.0,20.0,0.0,0.0,0.0,0.0,"Peru town, Clinton County, New York",019,57375,36
872.0,423.0,66.0,326.0,27.0,30.0,"Plattsburgh city, Clinton County, New York",019,58574,36
270.0,144.0,12.0,113.0,1.0,0.0,"Plattsburgh town, Clinton County, New York",019,58585,36
4.0,4.0,0.0,0.0,0.0,0.0,"Black Brook town, Clinton County, New York",019,06761,36
19.0,14.0,0.0,5.0,0.0,0.0,"Champlain town, Clinton County, New York",019,13750,36
1665.0,810.0,31.0,824.0,0.0,0.0,"Dannemora town, Clinton County, New York",019,19653,36
3.0,0.0,2.0,0.0,0.0,1.0,"Ellenburg town, Clinton County, New York",019,23921,36
227.0,103.0,0.0,124.0,0.0,0.0,"Altona town, Clinton County, New York",019,01583,36
46.0,46.0,0.0,0.0,0.0,0.0,"Au Sable town, Clinton County, New York",019,03221,36
53.0,53.0,0.0,0.0,0.0,0.0,"Beekmantown town, Clinton County, New York",019,05485,36
17.0,0.0,17.0,0.0,0.0,0.0,"Schuyler Falls town, Clinton County, New York",019,65717,36
217.0,17.0,0.0,200.0,0.0,0.0,"Saranac town, Clinton County, New York",019,65211,36
0.0,0.0,0.0,0.0,0.0,0.0,"Covert town, Seneca County, New York",099,18663,36
5.0,3.0,0.0,2.0,0.0,0.0,"Remsen town, Oneida County, New York",065,61126,36
114.0,114.0,0.0,0.0,0.0,0.0,"Verona town, Oneida County, New York",065,77178,36
56.0,40.0,0.0,16.0,0.0,0.0,"Sherrill city, Oneida County, New York",065,66993,36
0.0,0.0,0.0,0.0,0.0,0.0,"Trenton town, Oneida County, New York",065,75280,36
14.0,14.0,0.0,0.0,0.0,0.0,"Vienna town, Oneida County, New York",065,77486,36
0.0,0.0,0.0,0.0,0.0,0.0,"Western town, Oneida County, New York",065,79862,36
36.0,36.0,0.0,0.0,0.0,0.0,"Westmoreland town, Oneida County, New York",065,80533,36
0.0,0.0,0.0,0.0,0.0,0.0,"Bridgewater town, Oneida County, New York",065,08180,36
0.0,0.0,0.0,0.0,0.0,0.0,"Florence town, Oneida County, New York",065,26297,36
76.0,76.0,0.0,0.0,0.0,0.0,"Floyd town, Oneida County, New York",065,26385,36
1086.0,681.0,24.0,357.0,24.0,0.0,"Marcy town, Oneida County, New York",065,45535,36
517.0,210.0,84.0,119.0,104.0,0.0,"New Hartford town, Oneida County, New York",065,50309,36
55.0,55.0,0.0,0.0,0.0,0.0,"Vernon town, Oneida County, New York",065,77123,36
9.0,9.0,0.0,0.0,0.0,0.0,"Boonville town, Oneida County, New York",065,07366,36
54.0,36.0,18.0,0.0,0.0,0.0,"Camden town, Oneida County, New York",065,11858,36
42.0,37.0,2.0,3.0,0.0,0.0,"Annsville town, Oneida County, New York",065,02253,36
4.0,4.0,0.0,0.0,0.0,0.0,"Ava town, Oneida County, New York",065,03309,36
9.0,8.0,1.0,0.0,0.0,0.0,"Sangerfield town, Oneida County, New York",065,65134,36
0.0,0.0,0.0,0.0,0.0,0.0,"Steuben town, Oneida County, New York",065,71212,36
9445.0,6575.0,2183.0,416.0,171.0,100.0,"Utica city, Oneida County, New York",065,76540,36
255.0,186.0,2.0,22.0,39.0,6.0,"Kirkland town, Oneida County, New York",065,39804,36
13.0,13.0,0.0,0.0,0.0,0.0,"Marshall town, Oneida County, New York",065,45755,36
218.0,147.0,43.0,27.0,1.0,0.0,"Whitestown town, Oneida County, New York",065,81754,36
27490.0,24901.0,1732.0,699.0,75.0,83.0,"Brookhaven town, Suffolk County, New York",103,10000,36
0.0,0.0,0.0,0.0,0.0,0.0,"Shelter Island town, Suffolk County, New York",103,66839,36
0.0,0.0,0.0,0.0,0.0,0.0,"Shinnecock Reservation, Suffolk County, New York",103,67059,36
34705.0,31886.0,2172.0,259.0,359.0,29.0,"Islip town, Suffolk County, New York",103,38000,36
9819.0,9390.0,293.0,41.0,95.0,0.0,"Huntington town, Suffolk County, New York",103,37000,36
544.0,525.0,13.0,3.0,3.0,0.0,"East Hampton town, Suffolk County, New York",103,22194,36
157.0,157.0,0.0,0.0,0.0,0.0,"Poospatuck Reservation, Suffolk County, New York",103,59106,36
1292.0,1136.0,29.0,59.0,68.0,0.0,"Smithtown town, Suffolk County, New York",103,68000,36
34813.0,31963.0,1360.0,1184.0,188.0,118.0,"Babylon town, Suffolk County, New York",103,04000,36
3273.0,2765.0,316.0,38.0,88.0,66.0,"Riverhead town, Suffolk County, New York",103,61984,36
3315.0,2081.0,1101.0,75.0,7.0,51.0,"Southampton town, Suffolk County, New York",103,68473,36
401.0,383.0,18.0,0.0,0.0,0.0,"Southold town, Suffolk County, New York",103,69463,36
0.0,0.0,0.0,0.0,0.0,0.0,"Denning town, Ulster County, New York",111,20247,36
95.0,88.0,1.0,6.0,0.0,0.0,"Hurley town, Ulster County, New York",111,37143,36
603.0,459.0,53.0,91.0,0.0,0.0,"New Paltz town, Ulster County, New York",111,50562,36
114.0,91.0,0.0,3.0,20.0,0.0,"Waterloo town, Seneca County, New York",099,78564,36
206.0,144.0,6.0,56.0,0.0,0.0,"Seneca Falls town, Seneca County, New York",099,66333,36
0.0,0.0,0.0,0.0,0.0,0.0,"Fayette town, Seneca County, New York",099,25505,36
0.0,0.0,0.0,0.0,0.0,0.0,"Tyre town, Seneca County, New York",099,75902,36
4.0,4.0,0.0,0.0,0.0,0.0,"Lodi town, Seneca County, New York",099,43225,36
1342.0,642.0,0.0,690.0,10.0,0.0,"Romulus town, Seneca County, New York",099,63440,36
0.0,0.0,0.0,0.0,0.0,0.0,"Junius town, Seneca County, New York",099,38858,36
25.0,13.0,0.0,10.0,2.0,0.0,"Varick town, Seneca County, New York",099,76958,36
26.0,10.0,8.0,0.0,8.0,0.0,"Ovid town, Seneca County, New York",099,55827,36
0.0,0.0,0.0,0.0,0.0,0.0,"Geneva city, Seneca County, New York",099,28640,36
0.0,0.0,0.0,0.0,0.0,0.0,"Stephentown town, Rensselaer County, New York",083,71102,36
21.0,13.0,0.0,8.0,0.0,0.0,"Nassau town, Rensselaer County, New York",083,49517,36
0.0,0.0,0.0,0.0,0.0,0.0,"Pittstown town, Rensselaer County, New York",083,58398,36
522.0,360.0,38.0,124.0,0.0,0.0,"Rensselaer city, Rensselaer County, New York",083,61148,36
216.0,216.0,0.0,0.0,0.0,0.0,"Schaghticoke town, Rensselaer County, New York",083,65486,36
0.0,0.0,0.0,0.0,0.0,0.0,"Grafton town, Rensselaer County, New York",083,29674,36
0.0,0.0,0.0,0.0,0.0,0.0,"Petersburgh town, Rensselaer County, New York",083,57441,36
0.0,0.0,0.0,0.0,0.0,0.0,"Hoosick town, Rensselaer County, New York",083,35463,36
269.0,159.0,0.0,110.0,0.0,0.0,"North Greenbush town, Rensselaer County, New York",083,52100,36
136.0,136.0,0.0,0.0,0.0,0.0,"Brunswick town, Rensselaer County, New York",083,10275,36
25.0,25.0,0.0,0.0,0.0,0.0,"Poestenkill town, Rensselaer County, New York",083,58805,36
223.0,156.0,4.0,59.0,4.0,0.0,"Schodack town, Rensselaer County, New York",083,65541,36
44.0,44.0,0.0,0.0,0.0,0.0,"Sand Lake town, Rensselaer County, New York",083,65013,36
0.0,0.0,0.0,0.0,0.0,0.0,"Berlin town, Rensselaer County, New York",083,06189,36
326.0,295.0,1.0,25.0,0.0,5.0,"East Greenbush town, Rensselaer County, New York",083,22117,36
8414.0,5860.0,1272.0,1038.0,222.0,22.0,"Troy city, Rensselaer County, New York",083,75484,36
133.0,133.0,0.0,0.0,0.0,0.0,"Putnam Valley town, Putnam County, New York",079,60147,36
357.0,281.0,26.0,36.0,14.0,0.0,"Southeast town, Putnam County, New York",079,68924,36
578.0,517.0,6.0,31.0,24.0,0.0,"Patterson town, Putnam County, New York",079,56748,36
2395.0,865.0,119.0,1396.0,15.0,0.0,"Malone town, Franklin County, New York",033,44721,36
0.0,0.0,0.0,0.0,0.0,0.0,"Brandon town, Franklin County, New York",033,07839,36
0.0,0.0,0.0,0.0,0.0,0.0,"Duane town, Franklin County, New York",033,20973,36
87.0,87.0,0.0,0.0,0.0,0.0,"Fort Covington town, Franklin County, New York",033,26737,36
0.0,0.0,0.0,0.0,0.0,0.0,"Columbia town, Herkimer County, New York",043,17431,36
0.0,0.0,0.0,0.0,0.0,0.0,"Litchfield town, Herkimer County, New York",043,42664,36
9.0,9.0,0.0,0.0,0.0,0.0,"Manheim town, Herkimer County, New York",043,44974,36
197.0,144.0,1.0,42.0,10.0,0.0,"Philipstown town, Putnam County, New York",079,57584,36
769.0,750.0,3.0,16.0,0.0,0.0,"Kent town, Putnam County, New York",079,39331,36
374.0,278.0,40.0,47.0,9.0,0.0,"Carmel town, Putnam County, New York",079,12529,36
7.0,7.0,0.0,0.0,0.0,0.0,"Bellmont town, Franklin County, New York",033,05716,36
30.0,30.0,0.0,0.0,0.0,0.0,"Constable town, Franklin County, New York",033,17871,36
4.0,4.0,0.0,0.0,0.0,0.0,"Dickinson town, Franklin County, New York",033,20610,36
10.0,10.0,0.0,0.0,0.0,0.0,"Moira town, Franklin County, New York",033,47933,36
24.0,0.0,24.0,0.0,0.0,0.0,"Burke town, Franklin County, New York",033,11165,36
385.0,340.0,21.0,24.0,0.0,0.0,"Marbletown town, Ulster County, New York",111,45458,36
653.0,596.0,0.0,0.0,57.0,0.0,"Plattekill town, Ulster County, New York",111,58552,36
1107.0,716.0,36.0,319.0,24.0,12.0,"Shawangunk town, Ulster County, New York",111,66674,36
119.0,89.0,1.0,29.0,0.0,0.0,"Esopus town, Ulster County, New York",111,24691,36
3832.0,2985.0,561.0,205.0,20.0,61.0,"Kingston city, Ulster County, New York",111,39727,36
587.0,439.0,0.0,148.0,0.0,0.0,"Lloyd town, Ulster County, New York",111,42994,36
1299.0,917.0,41.0,338.0,0.0,3.0,"Wawarsing town, Ulster County, New York",111,78828,36
2.0,0.0,0.0,1.0,0.0,1.0,"Olive town, Ulster County, New York",111,54749,36
481.0,432.0,46.0,3.0,0.0,0.0,"Ulster town, Ulster County, New York",111,75935,36
105.0,39.0,44.0,22.0,0.0,0.0,"Rochester town, Ulster County, New York",111,63011,36
75.0,64.0,0.0,11.0,0.0,0.0,"Rosendale town, Ulster County, New York",111,63737,36
0.0,0.0,0.0,0.0,0.0,0.0,"Shandaken town, Ulster County, New York",111,66597,36
183.0,179.0,4.0,0.0,0.0,0.0,"Woodstock town, Ulster County, New York",111,83052,36
149.0,145.0,4.0,0.0,0.0,0.0,"Gardiner town, Ulster County, New York",111,28255,36
0.0,0.0,0.0,0.0,0.0,0.0,"Kingston town, Ulster County, New York",111,39738,36
378.0,355.0,6.0,15.0,1.0,1.0,"Saugerties town, Ulster County, New York",111,65299,36
0.0,0.0,0.0,0.0,0.0,0.0,"Hardenburgh town, Ulster County, New York",111,32116,36
212.0,161.0,0.0,44.0,0.0,7.0,"Marlborough town, Ulster County, New York",111,45722,36
7.0,7.0,0.0,0.0,0.0,0.0,"Eagle town, Wyoming County, New York",121,21369,36
3.0,3.0,0.0,0.0,0.0,0.0,"Covington town, Wyoming County, New York",121,18696,36
58.0,14.0,0.0,44.0,0.0,0.0,"Sheldon town, Wyoming County, New York",121,66773,36
5.0,0.0,0.0,5.0,0.0,0.0,"Gainesville town, Wyoming County, New York",121,27980,36
20.0,20.0,0.0,0.0,0.0,0.0,"Pike town, Wyoming County, New York",121,57826,36
30.0,28.0,0.0,2.0,0.0,0.0,"Castile town, Wyoming County, New York",121,12782,36
0.0,0.0,0.0,0.0,0.0,0.0,"Genesee Falls town, Wyoming County, New York",121,28596,36
33.0,4.0,29.0,0.0,0.0,0.0,"Perry town, Wyoming County, New York",121,57254,36
61.0,5.0,0.0,56.0,0.0,0.0,"Arcade town, Wyoming County, New York",121,02418,36
1801.0,1026.0,28.0,747.0,0.0,0.0,"Attica town, Wyoming County, New York",121,03012,36
21.0,21.0,0.0,0.0,0.0,0.0,"Middlebury town, Wyoming County, New York",121,46877,36
0.0,0.0,0.0,0.0,0.0,0.0,"Orangeville town, Wyoming County, New York",121,55222,36
80.0,40.0,40.0,0.0,0.0,0.0,"Warsaw town, Wyoming County, New York",121,78344,36
0.0,0.0,0.0,0.0,0.0,0.0,"Wethersfield town, Wyoming County, New York",121,81325,36
0.0,0.0,0.0,0.0,0.0,0.0,"Java town, Wyoming County, New York",121,38341,36
0.0,0.0,0.0,0.0,0.0,0.0,"Bennington town, Wyoming County, New York",121,05936,36
4238.0,3082.0,638.0,518.0,0.0,0.0,"Elmira city, Chemung County, New York",015,24229,36
8.0,5.0,1.0,2.0,0.0,0.0,"Ashland town, Chemung County, New York",015,02781,36
9.0,9.0,0.0,0.0,0.0,0.0,"Erin town, Chemung County, New York",015,24636,36
0.0,0.0,0.0,0.0,0.0,0.0,"Baldwin town, Chemung County, New York",015,04132,36
0.0,0.0,0.0,0.0,0.0,0.0,"Franklin town, Franklin County, New York",033,27243,36
26.0,0.0,0.0,21.0,5.0,0.0,"Santa Clara town, Franklin County, New York",033,65178,36
0.0,0.0,0.0,0.0,0.0,0.0,"Waverly town, Franklin County, New York",033,78795,36
7.0,7.0,0.0,0.0,0.0,0.0,"Westville town, Franklin County, New York",033,81215,36
0.0,0.0,0.0,0.0,0.0,0.0,"Bangor town, Franklin County, New York",033,04319,36
0.0,0.0,0.0,0.0,0.0,0.0,"Bombay town, Franklin County, New York",033,07278,36
61.0,31.0,0.0,22.0,8.0,0.0,"Brighton town, Franklin County, New York",033,08213,36
96.0,21.0,12.0,63.0,0.0,0.0,"Chateaugay town, Franklin County, New York",033,13992,36
2.0,0.0,2.0,0.0,0.0,0.0,"St. Regis Mohawk Reservation, Franklin County, New York",033,64727,36
177.0,173.0,0.0,4.0,0.0,0.0,"Harrietstown town, Franklin County, New York",033,32314,36
2.0,0.0,2.0,0.0,0.0,0.0,"Schuyler town, Herkimer County, New York",043,65695,36
16.0,16.0,0.0,0.0,0.0,0.0,"Winfield town, Herkimer County, New York",043,82568,36
2.0,2.0,0.0,0.0,0.0,0.0,"Norway town, Herkimer County, New York",043,53968,36
0.0,0.0,0.0,0.0,0.0,0.0,"Stark town, Herkimer County, New York",043,70794,36
233.0,201.0,6.0,26.0,0.0,0.0,"Herkimer town, Herkimer County, New York",043,34132,36
16.0,14.0,0.0,2.0,0.0,0.0,"Warren town, Herkimer County, New York",043,78278,36
41.0,41.0,0.0,0.0,0.0,0.0,"Frankfort town, Herkimer County, New York",043,27199,36
288.0,144.0,31.0,113.0,0.0,0.0,"German Flatts town, Herkimer County, New York",043,28750,36
0.0,0.0,0.0,0.0,0.0,0.0,"Little Falls town, Herkimer County, New York",043,42752,36
12.0,8.0,0.0,1.0,3.0,0.0,"Russia town, Herkimer County, New York",043,64254,36
3.0,0.0,0.0,3.0,0.0,0.0,"Salisbury town, Herkimer County, New York",043,64837,36
45.0,32.0,6.0,7.0,0.0,0.0,"Newport town, Herkimer County, New York",043,50584,36
0.0,0.0,0.0,0.0,0.0,0.0,"Fairfield town, Herkimer County, New York",043,24933,36
47.0,35.0,4.0,8.0,0.0,0.0,"Little Falls city, Herkimer County, New York",043,42741,36
0.0,0.0,0.0,0.0,0.0,0.0,"Danube town, Herkimer County, New York",043,19686,36
6.0,0.0,0.0,0.0,6.0,0.0,"Ohio town, Herkimer County, New York",043,54507,36
37.0,0.0,0.0,24.0,13.0,0.0,"Webb town, Herkimer County, New York",043,78927,36
81.0,30.0,39.0,12.0,0.0,0.0,"Geneva town, Ontario County, New York",069,28651,36
126.0,51.0,30.0,38.0,7.0,0.0,"Hopewell town, Ontario County, New York",069,35551,36
0.0,0.0,0.0,0.0,0.0,0.0,"Richmond town, Ontario County, New York",069,61544,36
417.0,248.0,75.0,94.0,0.0,0.0,"Southport town, Chemung County, New York",015,69617,36
7.0,7.0,0.0,0.0,0.0,0.0,"Van Etten town, Chemung County, New York",015,76892,36
116.0,116.0,0.0,0.0,0.0,0.0,"Veteran town, Chemung County, New York",015,77310,36
68.0,65.0,0.0,3.0,0.0,0.0,"Big Flats town, Chemung County, New York",015,06475,36
38.0,38.0,0.0,0.0,0.0,0.0,"Catlin town, Chemung County, New York",015,12947,36
42.0,42.0,0.0,0.0,0.0,0.0,"Elmira town, Chemung County, New York",015,24240,36
262.0,233.0,20.0,0.0,9.0,0.0,"Horseheads town, Chemung County, New York",015,35705,36
1.0,1.0,0.0,0.0,0.0,0.0,"Chemung town, Chemung County, New York",015,15077,36
17.0,5.0,0.0,0.0,12.0,0.0,"Avon town, Livingston County, New York",051,03364,36
98.0,73.0,25.0,0.0,0.0,0.0,"Livonia town, Livingston County, New York",051,42961,36
15.0,15.0,0.0,0.0,0.0,0.0,"Leicester town, Livingston County, New York",051,41883,36
194.0,155.0,0.0,39.0,0.0,0.0,"Mount Morris town, Livingston County, New York",051,48956,36
16.0,16.0,0.0,0.0,0.0,0.0,"Sparta town, Livingston County, New York",051,70101,36
98.0,98.0,0.0,0.0,0.0,0.0,"Caledonia town, Livingston County, New York",051,11715,36
211.0,139.0,25.0,39.0,8.0,0.0,"Geneseo town, Livingston County, New York",051,28629,36
858.0,558.0,49.0,243.0,8.0,0.0,"Groveland town, Livingston County, New York",051,31016,36
47.0,45.0,0.0,2.0,0.0,0.0,"North Dansville town, Livingston County, New York",051,51869,36
3.0,3.0,0.0,0.0,0.0,0.0,"Ossian town, Livingston County, New York",051,55508,36
2.0,2.0,0.0,0.0,0.0,0.0,"West Sparta town, Livingston County, New York",051,81006,36
6.0,6.0,0.0,0.0,0.0,0.0,"York town, Livingston County, New York",051,84022,36
43.0,43.0,0.0,0.0,0.0,0.0,"Conesus town, Livingston County, New York",051,17618,36
16.0,9.0,0.0,0.0,0.0,7.0,"Lima town, Livingston County, New York",051,42334,36
22.0,12.0,10.0,0.0,0.0,0.0,"Nunda town, Livingston County, New York",051,54089,36
41.0,35.0,0.0,0.0,6.0,0.0,"Springwater town, Livingston County, New York",051,70475,36
1.0,1.0,0.0,0.0,0.0,0.0,"Portage town, Livingston County, New York",051,59179,36
13.0,13.0,0.0,0.0,0.0,0.0,"West Monroe town, Oswego County, New York",075,80500,36
13.0,13.0,0.0,0.0,0.0,0.0,"New Haven town, Oswego County, New York",075,50342,36
0.0,0.0,0.0,0.0,0.0,0.0,"County subdivisions not defined, Oswego County, New York",075,00000,36
1.0,1.0,0.0,0.0,0.0,0.0,"Minetto town, Oswego County, New York",075,47691,36
0.0,0.0,0.0,0.0,0.0,0.0,"Constantia town, Oswego County, New York",075,17904,36
78.0,55.0,0.0,23.0,0.0,0.0,"Hastings town, Oswego County, New York",075,32688,36
344.0,140.0,70.0,134.0,0.0,0.0,"Oswego city, Oswego County, New York",075,55574,36
7.0,7.0,0.0,0.0,0.0,0.0,"Sandy Creek town, Oswego County, New York",075,65079,36
12.0,12.0,0.0,0.0,0.0,0.0,"Schroeppel town, Oswego County, New York",075,65618,36
0.0,0.0,0.0,0.0,0.0,0.0,"Boylston town, Oswego County, New York",075,07674,36
1.0,0.0,0.0,1.0,0.0,0.0,"Amboy town, Oswego County, New York",075,01649,36
30.0,30.0,0.0,0.0,0.0,0.0,"Fulton city, Oswego County, New York",075,27815,36
53.0,53.0,0.0,0.0,0.0,0.0,"Granby town, Oswego County, New York",075,29729,36
0.0,0.0,0.0,0.0,0.0,0.0,"South Bristol town, Ontario County, New York",069,68660,36
143.0,83.0,28.0,9.0,23.0,0.0,"Canandaigua city, Ontario County, New York",069,12144,36
459.0,257.0,58.0,58.0,86.0,0.0,"Farmington town, Ontario County, New York",069,25406,36
146.0,126.0,20.0,0.0,0.0,0.0,"Victor town, Ontario County, New York",069,77387,36
0.0,0.0,0.0,0.0,0.0,0.0,"Canadice town, Ontario County, New York",069,12100,36
74.0,74.0,0.0,0.0,0.0,0.0,"Phelps town, Ontario County, New York",069,57529,36
35.0,20.0,0.0,0.0,0.0,15.0,"East Bloomfield town, Ontario County, New York",069,21699,36
1288.0,738.0,411.0,87.0,52.0,0.0,"Geneva city, Ontario County, New York",069,28640,36
4.0,4.0,0.0,0.0,0.0,0.0,"Seneca town, Ontario County, New York",069,66289,36
0.0,0.0,0.0,0.0,0.0,0.0,"West Bloomfield town, Ontario County, New York",069,79356,36
4.0,4.0,0.0,0.0,0.0,0.0,"Bristol town, Ontario County, New York",069,08378,36
10.0,7.0,0.0,3.0,0.0,0.0,"Gorham town, Ontario County, New York",069,29531,36
119.0,111.0,0.0,0.0,8.0,0.0,"Manchester town, Ontario County, New York",069,44864,36
15.0,15.0,0.0,0.0,0.0,0.0,"Naples town, Ontario County, New York",069,49440,36
153.0,45.0,10.0,98.0,0.0,0.0,"Canandaigua town, Ontario County, New York",069,12155,36
422424.0,390543.0,17119.0,9672.0,2695.0,2395.0,"Queens borough, Queens County, New York",081,60323,36
22.0,9.0,1.0,12.0,0.0,0.0,"Hornby town, Steuben County, New York",101,35661,36
6.0,1.0,0.0,5.0,0.0,0.0,"Wayland town, Steuben County, New York",101,78861,36
0.0,0.0,0.0,0.0,0.0,0.0,"Woodhull town, Steuben County, New York",101,82843,36
12.0,8.0,4.0,0.0,0.0,0.0,"Addison town, Steuben County, New York",101,00287,36
403.0,243.0,76.0,75.0,9.0,0.0,"Bath town, Steuben County, New York",101,04770,36
15.0,0.0,15.0,0.0,0.0,0.0,"Campbell town, Steuben County, New York",101,11946,36
