B19013B_001E,name,county,county subdivision,state
-666666666.0,"Palmyra town, Somerset County, Maine",025,56520,23
-666666666.0,"Solon town, Somerset County, Maine",025,69505,23
-666666666.0,"Brighton plantation, Somerset County, Maine",025,07380,23
-666666666.0,"New Portland town, Somerset County, Maine",025,49205,23
-666666666.0,"Smithfield town, Somerset County, Maine",025,69155,23
-666666666.0,"Embden town, Somerset County, Maine",025,23410,23
-666666666.0,"Northwest Somerset UT, Somerset County, Maine",025,53636,23
-666666666.0,"St. Albans town, Somerset County, Maine",025,64850,23
-666666666.0,"West Forks plantation, Somerset County, Maine",025,82840,23
-666666666.0,"Madison town, Somerset County, Maine",025,42660,23
-666666666.0,"Anson town, Somerset County, Maine",025,01395,23
-666666666.0,"Dennistown plantation, Somerset County, Maine",025,17285,23
-666666666.0,"Fairfield town, Somerset County, Maine",025,24320,23
-666666666.0,"Hartland town, Somerset County, Maine",025,31740,23
-666666666.0,"Moscow town, Somerset County, Maine",025,47455,23
-666666666.0,"Pleasant Ridge plantation, Somerset County, Maine",025,59705,23
-666666666.0,"Seboomook Lake UT, Somerset County, Maine",025,67238,23
-666666666.0,"Gouldsboro town, Hancock County, Maine",009,28450,23
-666666666.0,"Northwest Hancock UT, Hancock County, Maine",009,53620,23
-666666666.0,"Otis town, Hancock County, Maine",009,55890,23
-666666666.0,"Deer Isle town, Hancock County, Maine",009,17145,23
-666666666.0,"Hancock town, Hancock County, Maine",009,30970,23
-666666666.0,"Osborn town, Hancock County, Maine",009,55855,23
-666666666.0,"Sorrento town, Hancock County, Maine",009,69750,23
-666666666.0,"Stonington town, Hancock County, Maine",009,74580,23
-666666666.0,"Sullivan town, Hancock County, Maine",009,74965,23
-666666666.0,"Brooks town, Waldo County, Maine",027,07870,23
-666666666.0,"Frankfort town, Waldo County, Maine",027,26280,23
-666666666.0,"Knox town, Waldo County, Maine",027,37585,23
-666666666.0,"Belmont town, Waldo County, Maine",027,04125,23
-666666666.0,"Monroe town, Waldo County, Maine",027,46475,23
-666666666.0,"Waldo town, Waldo County, Maine",027,79480,23
-666666666.0,"Montville town, Waldo County, Maine",027,46790,23
-666666666.0,"Palermo town, Waldo County, Maine",027,56450,23
-666666666.0,"Prospect town, Waldo County, Maine",027,61210,23
-666666666.0,"Searsmont town, Waldo County, Maine",027,66565,23
-666666666.0,"Stockton Springs town, Waldo County, Maine",027,74475,23
-666666666.0,"Troy town, Waldo County, Maine",027,77625,23
-666666666.0,"Northport town, Waldo County, Maine",027,52845,23
-666666666.0,"Unity town, Waldo County, Maine",027,78255,23
-666666666.0,"Freedom town, Waldo County, Maine",027,26420,23
-666666666.0,"Islesboro town, Waldo County, Maine",027,35240,23
-666666666.0,"Liberty town, Waldo County, Maine",027,39055,23
-666666666.0,"Lincolnville town, Waldo County, Maine",027,39755,23
-666666666.0,"Jackson town, Waldo County, Maine",027,35450,23
-666666666.0,"Swanville town, Waldo County, Maine",027,75525,23
-666666666.0,"Winterport town, Waldo County, Maine",027,86760,23
-666666666.0,"Morrill town, Waldo County, Maine",027,47245,23
-666666666.0,"Burnham town, Waldo County, Maine",027,09270,23
-666666666.0,"Burlington town, Penobscot County, Maine",019,09200,23
-666666666.0,"Corinna town, Penobscot County, Maine",019,14310,23
-666666666.0,"Searsport town, Waldo County, Maine",027,66635,23
-666666666.0,"Thorndike town, Waldo County, Maine",027,76610,23
-666666666.0,"Brewer city, Penobscot County, Maine",019,06925,23
-666666666.0,"Dexter town, Penobscot County, Maine",019,17530,23
-666666666.0,"Lee town, Penobscot County, Maine",019,38530,23
-666666666.0,"Hudson town, Penobscot County, Maine",019,34365,23
-666666666.0,"Hampden town, Penobscot County, Maine",019,30795,23
-666666666.0,"Lincoln town, Penobscot County, Maine",019,39475,23
-666666666.0,"Millinocket town, Penobscot County, Maine",019,45810,23
-666666666.0,"Orono town, Penobscot County, Maine",019,55565,23
-666666666.0,"Veazie town, Penobscot County, Maine",019,78780,23
-666666666.0,"Whitney UT, Penobscot County, Maine",019,85230,23
-666666666.0,"North Penobscot UT, Penobscot County, Maine",019,52710,23
-666666666.0,"Prentiss UT, Penobscot County, Maine",019,60790,23
-666666666.0,"Winn town, Penobscot County, Maine",019,86305,23
-666666666.0,"Alton town, Penobscot County, Maine",019,01115,23
33162.0,"Bangor city, Penobscot County, Maine",019,02795,23
-666666666.0,"Drew plantation, Penobscot County, Maine",019,18580,23
-666666666.0,"Edinburg town, Penobscot County, Maine",019,22710,23
-666666666.0,"Enfield town, Penobscot County, Maine",019,23620,23
-666666666.0,"Howland town, Penobscot County, Maine",019,34190,23
-666666666.0,"Greenbush town, Penobscot County, Maine",019,29185,23
-666666666.0,"Etna town, Penobscot County, Maine",019,23865,23
-666666666.0,"Exeter town, Penobscot County, Maine",019,24110,23
-666666666.0,"Patten town, Penobscot County, Maine",019,57150,23
-666666666.0,"Plymouth town, Penobscot County, Maine",019,59950,23
-666666666.0,"Webster plantation, Penobscot County, Maine",019,81055,23
-666666666.0,"Holden town, Penobscot County, Maine",019,33490,23
-666666666.0,"Lagrange town, Penobscot County, Maine",019,37760,23
-666666666.0,"Mattawamkeag town, Penobscot County, Maine",019,44270,23
-666666666.0,"Bradford town, Penobscot County, Maine",019,06575,23
-666666666.0,"Eddington town, Penobscot County, Maine",019,22535,23
-666666666.0,"Dixmont town, Penobscot County, Maine",019,17950,23
-666666666.0,"East Central Penobscot UT, Penobscot County, Maine",019,19868,23
-666666666.0,"East Millinocket town, Penobscot County, Maine",019,21030,23
-666666666.0,"Medway town, Penobscot County, Maine",019,45005,23
-666666666.0,"Hermon town, Penobscot County, Maine",019,32510,23
-666666666.0,"Levant town, Penobscot County, Maine",019,38705,23
-666666666.0,"Maxfield town, Penobscot County, Maine",019,44340,23
-666666666.0,"Charlotte town, Washington County, Maine",029,12175,23
-666666666.0,"Danforth town, Washington County, Maine",029,16410,23
-666666666.0,"Whitneyville town, Washington County, Maine",029,85290,23
-666666666.0,"Topsfield town, Washington County, Maine",029,76895,23
-666666666.0,"Milbridge town, Washington County, Maine",029,45600,23
-666666666.0,"Robbinston town, Washington County, Maine",029,63275,23
-666666666.0,"Meddybemps town, Washington County, Maine",029,44760,23
-666666666.0,"Roque Bluffs town, Washington County, Maine",029,63940,23
-666666666.0,"Passamaquoddy Indian Township Reservation, Washington County, Maine",029,57082,23
-666666666.0,"Standish town, Cumberland County, Maine",005,73670,23
-666666666.0,"Windham town, Cumberland County, Maine",005,86025,23
-666666666.0,"Old Town city, Penobscot County, Maine",019,55225,23
-666666666.0,"Glenburn town, Penobscot County, Maine",019,27645,23
-666666666.0,"Milford town, Penobscot County, Maine",019,45670,23
-666666666.0,"Newburgh town, Penobscot County, Maine",019,48505,23
-666666666.0,"Newport town, Penobscot County, Maine",019,49065,23
-666666666.0,"Orrington town, Penobscot County, Maine",019,55680,23
-666666666.0,"Lakeville town, Penobscot County, Maine",019,38005,23
-666666666.0,"Lowell town, Penobscot County, Maine",019,41435,23
-666666666.0,"Mount Chase town, Penobscot County, Maine",019,47560,23
-666666666.0,"Passadumkeag town, Penobscot County, Maine",019,57045,23
-666666666.0,"Seboeis plantation, Penobscot County, Maine",019,67160,23
-666666666.0,"Springfield town, Penobscot County, Maine",019,73250,23
-666666666.0,"Bradley town, Penobscot County, Maine",019,06680,23
-666666666.0,"Charleston town, Penobscot County, Maine",019,12105,23
-666666666.0,"Corinth town, Penobscot County, Maine",019,14380,23
-666666666.0,"Carroll plantation, Penobscot County, Maine",019,10810,23
-666666666.0,"Clifton town, Penobscot County, Maine",019,13365,23
-666666666.0,"Garland town, Penobscot County, Maine",019,27190,23
-666666666.0,"Stetson town, Penobscot County, Maine",019,74055,23
-666666666.0,"Carmel town, Penobscot County, Maine",019,10670,23
-666666666.0,"Woodville town, Penobscot County, Maine",019,87390,23
-666666666.0,"Chester town, Penobscot County, Maine",019,12525,23
-666666666.0,"Kenduskeag town, Penobscot County, Maine",019,36325,23
-666666666.0,"Stacyville town, Penobscot County, Maine",019,73600,23
-666666666.0,"Argyle UT, Penobscot County, Maine",019,01500,23
-666666666.0,"Kingman UT, Penobscot County, Maine",019,37075,23
-666666666.0,"Blanchard UT, Piscataquis County, Maine",021,05560,23
-666666666.0,"Northeast Piscataquis UT, Piscataquis County, Maine",021,51105,23
-666666666.0,"Atkinson town, Piscataquis County, Maine",021,01920,23
-666666666.0,"Milo town, Piscataquis County, Maine",021,46020,23
-666666666.0,"Sangerville town, Piscataquis County, Maine",021,65865,23
-666666666.0,"Shirley town, Piscataquis County, Maine",021,68140,23
-666666666.0,"Guilford town, Piscataquis County, Maine",021,30095,23
-666666666.0,"Kingsbury plantation, Piscataquis County, Maine",021,37095,23
-666666666.0,"Northwest Piscataquis UT, Piscataquis County, Maine",021,53628,23
-666666666.0,"Bowerbank town, Piscataquis County, Maine",021,06400,23
-666666666.0,"Medford town, Piscataquis County, Maine",021,44830,23
-666666666.0,"Abbot town, Piscataquis County, Maine",021,00100,23
-666666666.0,"Parkman town, Piscataquis County, Maine",021,56765,23
-666666666.0,"Willimantic town, Piscataquis County, Maine",021,85710,23
-666666666.0,"Beaver Cove town, Piscataquis County, Maine",021,03740,23
-666666666.0,"Brownville town, Piscataquis County, Maine",021,08325,23
-666666666.0,"Dover-Foxcroft town, Piscataquis County, Maine",021,18195,23
-666666666.0,"Greenville town, Piscataquis County, Maine",021,29535,23
-666666666.0,"Lake View plantation, Piscataquis County, Maine",021,37970,23
-666666666.0,"Southeast Piscataquis UT, Piscataquis County, Maine",021,70655,23
-666666666.0,"Wellington town, Piscataquis County, Maine",021,81405,23
-666666666.0,"North Yarmouth town, Cumberland County, Maine",005,53860,23
-666666666.0,"Scarborough town, Cumberland County, Maine",005,66145,23
-666666666.0,"Monson town, Piscataquis County, Maine",021,46580,23
-666666666.0,"Sebec town, Piscataquis County, Maine",021,66950,23
-666666666.0,"Harrison town, Cumberland County, Maine",005,31600,23
-666666666.0,"Gray town, Cumberland County, Maine",005,28870,23
38387.0,"Westbrook city, Cumberland County, Maine",005,82105,23
-666666666.0,"Cape Elizabeth town, Cumberland County, Maine",005,10180,23
-666666666.0,"Long Island town, Cumberland County, Maine",005,41067,23
-666666666.0,"Harpswell town, Cumberland County, Maine",005,31390,23
21603.0,"Portland city, Cumberland County, Maine",005,60545,23
-666666666.0,"Pownal town, Cumberland County, Maine",005,60685,23
-666666666.0,"Yarmouth town, Cumberland County, Maine",005,87845,23
-666666666.0,"Brunswick town, Cumberland County, Maine",005,08430,23
-666666666.0,"Freeport town, Cumberland County, Maine",005,26525,23
-666666666.0,"New Gloucester town, Cumberland County, Maine",005,48820,23
-666666666.0,"Raymond town, Cumberland County, Maine",005,61945,23
-666666666.0,"Falmouth town, Cumberland County, Maine",005,24495,23
132688.0,"Gorham town, Cumberland County, Maine",005,28240,23
-666666666.0,"Sebago town, Cumberland County, Maine",005,66775,23
-666666666.0,"Baldwin town, Cumberland County, Maine",005,02655,23
-666666666.0,"Cumberland town, Cumberland County, Maine",005,15430,23
-666666666.0,"Naples town, Cumberland County, Maine",005,48085,23
-666666666.0,"Casco town, Cumberland County, Maine",005,11125,23
-666666666.0,"Bridgton town, Cumberland County, Maine",005,07170,23
46071.0,"South Portland city, Cumberland County, Maine",005,71990,23
-666666666.0,"Frye Island town, Cumberland County, Maine",005,27025,23
-666666666.0,"Appleton town, Knox County, Maine",013,01465,23
-666666666.0,"Criehaven UT, Knox County, Maine",013,15125,23
-666666666.0,"Union town, Knox County, Maine",013,78115,23
-666666666.0,"Cushing town, Knox County, Maine",013,15780,23
-666666666.0,"Isle au Haut town, Knox County, Maine",013,35135,23
-666666666.0,"St. George town, Knox County, Maine",013,65130,23
-666666666.0,"Warren town, Knox County, Maine",013,80215,23
-666666666.0,"Matinicus Isle plantation, Knox County, Maine",013,44165,23
-666666666.0,"Vinalhaven town, Knox County, Maine",013,79130,23
-666666666.0,"Camden town, Knox County, Maine",013,09725,23
-666666666.0,"Rockport town, Knox County, Maine",013,63660,23
-666666666.0,"Hope town, Knox County, Maine",013,33840,23
-666666666.0,"South Thomaston town, Knox County, Maine",013,72585,23
-666666666.0,"Washington town, Knox County, Maine",013,80425,23
-666666666.0,"Friendship town, Knox County, Maine",013,26805,23
-666666666.0,"Rockland city, Knox County, Maine",013,63590,23
-666666666.0,"Twombly Ridge UT, Penobscot County, Maine",019,78015,23
-666666666.0,"Marshall Island UT, Hancock County, Maine",009,43578,23
-666666666.0,"Penobscot Indian Island Reservation, Penobscot County, Maine",019,57936,23
69034.0,"Sanford city, York County, Maine",031,65725,23
-666666666.0,"Verona Island town, Hancock County, Maine",009,78925,23
-666666666.0,"Westport Island town, Lincoln County, Maine",015,84140,23
-666666666.0,"Muscle Ridge Islands UT, Knox County, Maine",013,47962,23
-666666666.0,"Louds Island UT, Lincoln County, Maine",015,41280,23
-666666666.0,"Chebeague Island town, Cumberland County, Maine",005,12300,23
-666666666.0,"North Haven town, Knox County, Maine",013,51620,23
-666666666.0,"Arrowsic town, Sagadahoc County, Maine",023,01570,23
-666666666.0,"Owls Head town, Knox County, Maine",013,56135,23
-666666666.0,"Thomaston town, Knox County, Maine",013,76365,23
-666666666.0,"Bowdoinham town, Sagadahoc County, Maine",023,06365,23
-666666666.0,"Richmond town, Sagadahoc County, Maine",023,62645,23
-666666666.0,"Phippsburg town, Sagadahoc County, Maine",023,58515,23
-666666666.0,"Woolwich town, Sagadahoc County, Maine",023,87460,23
-666666666.0,"Bowdoin town, Sagadahoc County, Maine",023,06260,23
-666666666.0,"Bath city, Sagadahoc County, Maine",023,03355,23
-666666666.0,"Topsham town, Sagadahoc County, Maine",023,76960,23
-666666666.0,"West Bath town, Sagadahoc County, Maine",023,81930,23
-666666666.0,"Perkins UT, Sagadahoc County, Maine",023,58070,23
-666666666.0,"Georgetown town, Sagadahoc County, Maine",023,27295,23
-666666666.0,"Arundel town, York County, Maine",031,01605,23
-666666666.0,"Berwick town, York County, Maine",031,04720,23
-666666666.0,"Cornish town, York County, Maine",031,14485,23
-666666666.0,"Kittery town, York County, Maine",031,37270,23
-666666666.0,"Limerick town, York County, Maine",031,39195,23
-666666666.0,"Newfield town, York County, Maine",031,48750,23
-666666666.0,"Parsonsfield town, York County, Maine",031,56870,23
-666666666.0,"York town, York County, Maine",031,87985,23
-666666666.0,"Lyman town, York County, Maine",031,41750,23
-666666666.0,"Acton town, York County, Maine",031,00275,23
-666666666.0,"Buxton town, York County, Maine",031,09410,23
-666666666.0,"Dayton town, York County, Maine",031,16725,23
-666666666.0,"Limington town, York County, Maine",031,39405,23
-666666666.0,"Old Orchard Beach town, York County, Maine",031,55085,23
-666666666.0,"Ogunquit town, York County, Maine",031,54980,23
-666666666.0,"Saco city, York County, Maine",031,64675,23
-666666666.0,"South Berwick town, York County, Maine",031,70030,23
-666666666.0,"Alfred town, York County, Maine",031,00730,23
-666666666.0,"Biddeford city, York County, Maine",031,04860,23
-666666666.0,"Eliot town, York County, Maine",031,22955,23
-666666666.0,"Hollis town, York County, Maine",031,33665,23
-666666666.0,"Lebanon town, York County, Maine",031,38425,23
-666666666.0,"Shapleigh town, York County, Maine",031,67475,23
-666666666.0,"Kennebunk town, York County, Maine",031,36535,23
-666666666.0,"North Berwick town, York County, Maine",031,50325,23
-666666666.0,"Waterboro town, York County, Maine",031,80530,23
-666666666.0,"Wells town, York County, Maine",031,81475,23
-666666666.0,"Kennebunkport town, York County, Maine",031,36745,23
-666666666.0,"Augusta city, Kennebec County, Maine",011,02100,23
-666666666.0,"Clinton town, Kennebec County, Maine",011,13470,23
-666666666.0,"Litchfield town, Kennebec County, Maine",011,40175,23
-666666666.0,"Pittston town, Kennebec County, Maine",011,59110,23
-666666666.0,"Gardiner city, Kennebec County, Maine",011,27085,23
-666666666.0,"Chelsea town, Kennebec County, Maine",011,12350,23
-666666666.0,"Wayne town, Kennebec County, Maine",011,80880,23
-666666666.0,"Winslow town, Kennebec County, Maine",011,86515,23
-666666666.0,"Randolph town, Kennebec County, Maine",011,61700,23
-666666666.0,"Sidney town, Kennebec County, Maine",011,68385,23
-666666666.0,"Albion town, Kennebec County, Maine",011,00590,23
-666666666.0,"Hallowell city, Kennebec County, Maine",011,30550,23
-666666666.0,"Vienna town, Kennebec County, Maine",011,79025,23
-666666666.0,"Belgrade town, Kennebec County, Maine",011,04020,23
-666666666.0,"Benton town, Kennebec County, Maine",011,04475,23
-666666666.0,"Farmingdale town, Kennebec County, Maine",011,24670,23
-666666666.0,"Manchester town, Kennebec County, Maine",011,43080,23
-666666666.0,"Monmouth town, Kennebec County, Maine",011,46405,23
-666666666.0,"West Gardiner town, Kennebec County, Maine",011,82945,23
-666666666.0,"Windsor town, Kennebec County, Maine",011,86165,23
-666666666.0,"Oakland town, Kennebec County, Maine",011,54560,23
-666666666.0,"Unity UT, Kennebec County, Maine",011,78190,23
-666666666.0,"Rome town, Kennebec County, Maine",011,63835,23
-666666666.0,"Winthrop town, Kennebec County, Maine",011,86970,23
-666666666.0,"China town, Kennebec County, Maine",011,12735,23
-666666666.0,"Fayette town, Kennebec County, Maine",011,24950,23
-666666666.0,"Readfield town, Kennebec County, Maine",011,62190,23
-666666666.0,"Vassalboro town, Kennebec County, Maine",011,78745,23
-666666666.0,"Waterville city, Kennebec County, Maine",011,80740,23
-666666666.0,"Mount Vernon town, Kennebec County, Maine",011,47770,23
-666666666.0,"Weld town, Franklin County, Maine",007,81300,23
-666666666.0,"Chesterville town, Franklin County, Maine",007,12595,23
-666666666.0,"Phillips town, Franklin County, Maine",007,58445,23
-666666666.0,"Rangeley plantation, Franklin County, Maine",007,61875,23
-666666666.0,"Temple town, Franklin County, Maine",007,75980,23
-666666666.0,"Coplin plantation, Franklin County, Maine",007,14205,23
-666666666.0,"Industry town, Franklin County, Maine",007,34820,23
-666666666.0,"Jay town, Franklin County, Maine",007,35625,23
-666666666.0,"Wyman UT, Franklin County, Maine",007,87680,23
-666666666.0,"Farmington town, Franklin County, Maine",007,24775,23
-666666666.0,"Sandy River plantation, Franklin County, Maine",007,65655,23
-666666666.0,"Strong town, Franklin County, Maine",007,74825,23
-666666666.0,"Rangeley town, Franklin County, Maine",007,61840,23
-666666666.0,"Avon town, Franklin County, Maine",007,02235,23
-666666666.0,"Carrabassett Valley town, Franklin County, Maine",007,10740,23
-666666666.0,"West Central Franklin UT, Franklin County, Maine",007,82235,23
-666666666.0,"Wilton town, Franklin County, Maine",007,85850,23
-666666666.0,"Dallas plantation, Franklin County, Maine",007,16165,23
-666666666.0,"Kingfield town, Franklin County, Maine",007,37025,23
-666666666.0,"New Sharon town, Franklin County, Maine",007,49345,23
-666666666.0,"Carthage town, Franklin County, Maine",007,10915,23
-666666666.0,"East Central Franklin UT, Franklin County, Maine",007,19865,23
-666666666.0,"North Franklin UT, Franklin County, Maine",007,51400,23
-666666666.0,"South Franklin UT, Franklin County, Maine",007,70760,23
-666666666.0,"Eustis town, Franklin County, Maine",007,24005,23
-666666666.0,"New Vineyard town, Franklin County, Maine",007,49520,23
-666666666.0,"Bingham town, Somerset County, Maine",025,05000,23
-666666666.0,"Caratunk town, Somerset County, Maine",025,10495,23
-666666666.0,"Canaan town, Somerset County, Maine",025,09935,23
-666666666.0,"Central Somerset UT, Somerset County, Maine",025,11820,23
-666666666.0,"Swans Island town, Hancock County, Maine",009,75455,23
-666666666.0,"Aurora town, Hancock County, Maine",009,02165,23
-666666666.0,"Sedgwick town, Hancock County, Maine",009,67300,23
-666666666.0,"Tremont town, Hancock County, Maine",009,77345,23
-666666666.0,"Brooksville town, Hancock County, Maine",009,07975,23
-666666666.0,"Castine town, Hancock County, Maine",009,11265,23
-666666666.0,"Surry town, Hancock County, Maine",009,75280,23
-666666666.0,"Franklin town, Hancock County, Maine",009,26350,23
-666666666.0,"Bar Harbor town, Hancock County, Maine",009,02865,23
-666666666.0,"East Hancock UT, Hancock County, Maine",009,20405,23
-666666666.0,"Ellsworth city, Hancock County, Maine",009,23200,23
-666666666.0,"Brooklin town, Hancock County, Maine",009,07800,23
-666666666.0,"Mariaville town, Hancock County, Maine",009,43430,23
-666666666.0,"Blue Hill town, Hancock County, Maine",009,05700,23
-666666666.0,"Dedham town, Hancock County, Maine",009,16935,23
-666666666.0,"Great Pond town, Hancock County, Maine",009,28975,23
-666666666.0,"Mount Desert town, Hancock County, Maine",009,47630,23
-666666666.0,"Trenton town, Hancock County, Maine",009,77415,23
-666666666.0,"Eastbrook town, Hancock County, Maine",009,19770,23
-666666666.0,"Frenchboro town, Hancock County, Maine",009,26595,23
-666666666.0,"Amherst town, Hancock County, Maine",009,01185,23
-666666666.0,"Bucksport town, Hancock County, Maine",009,08815,23
-666666666.0,"Cranberry Isles town, Hancock County, Maine",009,14905,23
-666666666.0,"Lamoine town, Hancock County, Maine",009,38180,23
-666666666.0,"Penobscot town, Hancock County, Maine",009,57920,23
-666666666.0,"Waltham town, Hancock County, Maine",009,80040,23
-666666666.0,"Central Hancock UT, Hancock County, Maine",009,11800,23
-666666666.0,"Winter Harbor town, Hancock County, Maine",009,86655,23
-666666666.0,"Orland town, Hancock County, Maine",009,55505,23
-666666666.0,"Southwest Harbor town, Hancock County, Maine",009,72865,23
-666666666.0,"Peru town, Oxford County, Maine",017,58270,23
-666666666.0,"Sweden town, Oxford County, Maine",017,75595,23
-666666666.0,"Gilead town, Oxford County, Maine",017,27505,23
-666666666.0,"Milton UT, Oxford County, Maine",017,46105,23
-666666666.0,"Norway town, Oxford County, Maine",017,54000,23
-666666666.0,"Hartford town, Oxford County, Maine",017,31670,23
-666666666.0,"West Paris town, Oxford County, Maine",017,83890,23
-666666666.0,"Buckfield town, Oxford County, Maine",017,08710,23
-666666666.0,"Byron town, Oxford County, Maine",017,09550,23
-666666666.0,"Paris town, Oxford County, Maine",017,56625,23
-666666666.0,"Canton town, Oxford County, Maine",017,10005,23
-666666666.0,"Newry town, Oxford County, Maine",017,49275,23
-666666666.0,"Leeds town, Androscoggin County, Maine",001,38565,23
-666666666.0,"Moose River town, Somerset County, Maine",025,47140,23
-666666666.0,"Pittsfield town, Somerset County, Maine",025,59005,23
-666666666.0,"Detroit town, Somerset County, Maine",025,17460,23
-666666666.0,"Athens town, Somerset County, Maine",025,01885,23
-666666666.0,"Harmony town, Somerset County, Maine",025,31355,23
-666666666.0,"Mercer town, Somerset County, Maine",025,45110,23
-666666666.0,"Norridgewock town, Somerset County, Maine",025,49835,23
-666666666.0,"Northeast Somerset UT, Somerset County, Maine",025,51114,23
-666666666.0,"Ripley town, Somerset County, Maine",025,62995,23
-666666666.0,"Cornville town, Somerset County, Maine",025,14555,23
-666666666.0,"Starks town, Somerset County, Maine",025,73845,23
-666666666.0,"The Forks plantation, Somerset County, Maine",025,76190,23
-666666666.0,"Cambridge town, Somerset County, Maine",025,09655,23
-666666666.0,"Highland plantation, Somerset County, Maine",025,32895,23
-666666666.0,"Jackman town, Somerset County, Maine",025,35345,23
-666666666.0,"Skowhegan town, Somerset County, Maine",025,68910,23
-666666666.0,"Oxford town, Oxford County, Maine",017,56310,23
-666666666.0,"Rumford town, Oxford County, Maine",017,64290,23
-666666666.0,"South Oxford UT, Oxford County, Maine",017,71755,23
-666666666.0,"Waterford town, Oxford County, Maine",017,80635,23
-666666666.0,"Lovell town, Oxford County, Maine",017,41365,23
-666666666.0,"Roxbury town, Oxford County, Maine",017,64185,23
-666666666.0,"Stoneham town, Oxford County, Maine",017,74510,23
-666666666.0,"Upton town, Oxford County, Maine",017,78465,23
-666666666.0,"Woodstock town, Oxford County, Maine",017,87355,23
-666666666.0,"Bethel town, Oxford County, Maine",017,04825,23
-666666666.0,"Brownfield town, Oxford County, Maine",017,08150,23
-666666666.0,"Andover town, Oxford County, Maine",017,01325,23
-666666666.0,"Dixfield town, Oxford County, Maine",017,17740,23
-666666666.0,"Fryeburg town, Oxford County, Maine",017,26910,23
-666666666.0,"Mexico town, Oxford County, Maine",017,45285,23
-666666666.0,"Otisfield town, Oxford County, Maine",017,55960,23
-666666666.0,"Hanover town, Oxford County, Maine",017,31110,23
-666666666.0,"Hebron town, Oxford County, Maine",017,32370,23
-666666666.0,"Hiram town, Oxford County, Maine",017,33315,23
-666666666.0,"North Oxford UT, Oxford County, Maine",017,52575,23
-666666666.0,"Stow town, Oxford County, Maine",017,74685,23
-666666666.0,"Greenwood town, Oxford County, Maine",017,29710,23
-666666666.0,"Porter town, Oxford County, Maine",017,60405,23
-666666666.0,"Magalloway plantation, Oxford County, Maine",017,42835,23
-666666666.0,"Lincoln plantation, Oxford County, Maine",017,39422,23
-666666666.0,"Denmark town, Oxford County, Maine",017,17250,23
-666666666.0,"Sumner town, Oxford County, Maine",017,75035,23
-666666666.0,"Bremen town, Lincoln County, Maine",015,06855,23
-666666666.0,"Boothbay town, Lincoln County, Maine",015,06050,23
-666666666.0,"Bristol town, Lincoln County, Maine",015,07485,23
-666666666.0,"Somerville town, Lincoln County, Maine",015,69645,23
-666666666.0,"Dresden town, Lincoln County, Maine",015,18475,23
-666666666.0,"Nobleboro town, Lincoln County, Maine",015,49660,23
-666666666.0,"Waldoboro town, Lincoln County, Maine",015,79550,23
-666666666.0,"Whitefield town, Lincoln County, Maine",015,85010,23
-666666666.0,"Wiscasset town, Lincoln County, Maine",015,87075,23
-666666666.0,"South Bristol town, Lincoln County, Maine",015,70240,23
-666666666.0,"Boothbay Harbor town, Lincoln County, Maine",015,06120,23
-666666666.0,"Monhegan plantation, Lincoln County, Maine",015,46335,23
-666666666.0,"Southport town, Lincoln County, Maine",015,71955,23
-666666666.0,"Alna town, Lincoln County, Maine",015,01010,23
-666666666.0,"Hibberts gore, Lincoln County, Maine",015,32715,23
-666666666.0,"Damariscotta town, Lincoln County, Maine",015,16235,23
-666666666.0,"Jefferson town, Lincoln County, Maine",015,35695,23
-666666666.0,"Edgecomb town, Lincoln County, Maine",015,22675,23
-666666666.0,"Newcastle town, Lincoln County, Maine",015,48645,23
-666666666.0,"Belfast city, Waldo County, Maine",027,03950,23
-666666666.0,"Minot town, Androscoggin County, Maine",001,46160,23
-666666666.0,"Livermore town, Androscoggin County, Maine",001,40665,23
-666666666.0,"Sabattus town, Androscoggin County, Maine",001,64570,23
-666666666.0,"Durham town, Androscoggin County, Maine",001,19105,23
-666666666.0,"Wales town, Androscoggin County, Maine",001,79585,23
-666666666.0,"Auburn city, Androscoggin County, Maine",001,02060,23
-666666666.0,"Greene town, Androscoggin County, Maine",001,29255,23
25246.0,"Lewiston city, Androscoggin County, Maine",001,38740,23
-666666666.0,"Lisbon town, Androscoggin County, Maine",001,40035,23
-666666666.0,"Turner town, Androscoggin County, Maine",001,77800,23
-666666666.0,"Poland town, Androscoggin County, Maine",001,60020,23
-666666666.0,"Mechanic Falls town, Androscoggin County, Maine",001,44585,23
-666666666.0,"Livermore Falls town, Androscoggin County, Maine",001,40770,23
-666666666.0,"South Aroostook UT, Aroostook County, Maine",003,69930,23
-666666666.0,"Cary plantation, Aroostook County, Maine",003,11020,23
-666666666.0,"Castle Hill town, Aroostook County, Maine",003,11300,23
-666666666.0,"Connor UT, Aroostook County, Maine",003,13900,23
-666666666.0,"Fort Fairfield town, Aroostook County, Maine",003,25615,23
-666666666.0,"Hodgdon town, Aroostook County, Maine",003,33385,23
-666666666.0,"Houlton town, Aroostook County, Maine",003,33980,23
-666666666.0,"Oakfield town, Aroostook County, Maine",003,54385,23
-666666666.0,"Van Buren town, Aroostook County, Maine",003,78570,23
-666666666.0,"Washburn town, Aroostook County, Maine",003,80285,23
-666666666.0,"Westmanland town, Aroostook County, Maine",003,83540,23
-666666666.0,"Woodland town, Aroostook County, Maine",003,87215,23
-666666666.0,"Bridgewater town, Aroostook County, Maine",003,07065,23
-666666666.0,"Chapman town, Aroostook County, Maine",003,12000,23
-666666666.0,"Ludlow town, Aroostook County, Maine",003,41715,23
-666666666.0,"Macwahoc plantation, Aroostook County, Maine",003,42450,23
-666666666.0,"Sherman town, Aroostook County, Maine",003,67790,23
-666666666.0,"Winterville plantation, Aroostook County, Maine",003,86865,23
-666666666.0,"Hersey town, Aroostook County, Maine",003,32685,23
-666666666.0,"New Canada town, Aroostook County, Maine",003,48575,23
-666666666.0,"Ashland town, Aroostook County, Maine",003,01710,23
-666666666.0,"Garfield plantation, Aroostook County, Maine",003,27120,23
-666666666.0,"Linneus town, Aroostook County, Maine",003,39965,23
-666666666.0,"Square Lake UT, Aroostook County, Maine",003,73472,23
-666666666.0,"Central Aroostook UT, Aroostook County, Maine",003,11785,23
-666666666.0,"Cyr plantation, Aroostook County, Maine",003,15990,23
-666666666.0,"Frenchville town, Aroostook County, Maine",003,26735,23
-666666666.0,"Madawaska town, Aroostook County, Maine",003,42520,23
-666666666.0,"Mapleton town, Aroostook County, Maine",003,43255,23
-666666666.0,"Mars Hill town, Aroostook County, Maine",003,43710,23
-666666666.0,"Nashville plantation, Aroostook County, Maine",003,48120,23
-666666666.0,"Oxbow plantation, Aroostook County, Maine",003,56205,23
-666666666.0,"Crystal town, Aroostook County, Maine",003,15395,23
-666666666.0,"Dyer Brook town, Aroostook County, Maine",003,19210,23
-666666666.0,"Grand Isle town, Aroostook County, Maine",003,28590,23
-666666666.0,"Stockholm town, Aroostook County, Maine",003,74405,23
-666666666.0,"Monticello town, Aroostook County, Maine",003,46685,23
-666666666.0,"Penobscot Indian Island Reservation, Aroostook County, Maine",003,57936,23
-666666666.0,"St. Agatha town, Aroostook County, Maine",003,64780,23
-666666666.0,"Wade town, Aroostook County, Maine",003,79270,23
-666666666.0,"Island Falls town, Aroostook County, Maine",003,35065,23
-666666666.0,"Wallagrass town, Aroostook County, Maine",003,79865,23
-666666666.0,"Allagash town, Aroostook County, Maine",003,00800,23
-666666666.0,"New Sweden town, Aroostook County, Maine",003,49415,23
-666666666.0,"Littleton town, Aroostook County, Maine",003,40595,23
-666666666.0,"Masardis town, Aroostook County, Maine",003,43990,23
-666666666.0,"Portage Lake town, Aroostook County, Maine",003,60300,23
-666666666.0,"Presque Isle city, Aroostook County, Maine",003,60825,23
-666666666.0,"Reed plantation, Aroostook County, Maine",003,62400,23
-666666666.0,"St. Francis town, Aroostook County, Maine",003,65025,23
-666666666.0,"Eagle Lake town, Aroostook County, Maine",003,19420,23
-666666666.0,"Bancroft town, Aroostook County, Maine",003,02760,23
-666666666.0,"Blaine town, Aroostook County, Maine",003,05385,23
-666666666.0,"Caribou city, Aroostook County, Maine",003,10565,23
-666666666.0,"Easton town, Aroostook County, Maine",003,21380,23
-666666666.0,"Glenwood plantation, Aroostook County, Maine",003,27855,23
-666666666.0,"Hamlin town, Aroostook County, Maine",003,30690,23
-666666666.0,"Hammond town, Aroostook County, Maine",003,30725,23
-666666666.0,"Limestone town, Aroostook County, Maine",003,39300,23
-666666666.0,"New Limerick town, Aroostook County, Maine",003,48960,23
-666666666.0,"Smyrna town, Aroostook County, Maine",003,69260,23
-666666666.0,"Weston town, Aroostook County, Maine",003,83785,23
-666666666.0,"Amity town, Aroostook County, Maine",003,01220,23
-666666666.0,"Merrill town, Aroostook County, Maine",003,45180,23
-666666666.0,"Orient town, Aroostook County, Maine",003,55435,23
-666666666.0,"Westfield town, Aroostook County, Maine",003,82770,23
-666666666.0,"Haynesville town, Aroostook County, Maine",003,32195,23
-666666666.0,"Perham town, Aroostook County, Maine",003,58060,23
-666666666.0,"St. John plantation, Aroostook County, Maine",003,65200,23
-666666666.0,"Fort Kent town, Aroostook County, Maine",003,25755,23
-666666666.0,"Moro plantation, Aroostook County, Maine",003,47175,23
-666666666.0,"Caswell town, Aroostook County, Maine",003,11335,23
-666666666.0,"Northwest Aroostook UT, Aroostook County, Maine",003,53602,23
-666666666.0,"Beddington town, Washington County, Maine",029,03810,23
-666666666.0,"Addison town, Washington County, Maine",029,00380,23
-666666666.0,"East Central Washington UT, Washington County, Maine",029,19870,23
-666666666.0,"Eastport city, Washington County, Maine",029,21730,23
-666666666.0,"Pembroke town, Washington County, Maine",029,57780,23
-666666666.0,"Alexander town, Washington County, Maine",029,00660,23
-666666666.0,"Columbia Falls town, Washington County, Maine",029,13820,23
-666666666.0,"Deblois town, Washington County, Maine",029,16865,23
-666666666.0,"Grand Lake Stream plantation, Washington County, Maine",029,28660,23
-666666666.0,"Whiting town, Washington County, Maine",029,85185,23
-666666666.0,"Baileyville town, Washington County, Maine",029,02480,23
-666666666.0,"Beals town, Washington County, Maine",029,03670,23
-666666666.0,"Cooper town, Washington County, Maine",029,14100,23
-666666666.0,"East Machias town, Washington County, Maine",029,20960,23
-666666666.0,"Jonesport town, Washington County, Maine",029,36010,23
-666666666.0,"Machiasport town, Washington County, Maine",029,42100,23
-666666666.0,"Northfield town, Washington County, Maine",029,51375,23
-666666666.0,"Princeton town, Washington County, Maine",029,61035,23
-666666666.0,"Steuben town, Washington County, Maine",029,74125,23
-666666666.0,"Talmadge town, Washington County, Maine",029,75770,23
-666666666.0,"Calais city, Washington County, Maine",029,09585,23
-666666666.0,"Cherryfield town, Washington County, Maine",029,12455,23
-666666666.0,"Columbia town, Washington County, Maine",029,13750,23
-666666666.0,"Cutler town, Washington County, Maine",029,15920,23
-666666666.0,"Dennysville town, Washington County, Maine",029,17355,23
-666666666.0,"Jonesboro town, Washington County, Maine",029,35905,23
-666666666.0,"Vanceboro town, Washington County, Maine",029,78675,23
-666666666.0,"Waite town, Washington County, Maine",029,79375,23
-666666666.0,"Wesley town, Washington County, Maine",029,81685,23
-666666666.0,"Baring plantation, Washington County, Maine",029,02970,23
-666666666.0,"Codyville plantation, Washington County, Maine",029,13610,23
-666666666.0,"Crawford town, Washington County, Maine",029,14940,23
-666666666.0,"Harrington town, Washington County, Maine",029,31530,23
-666666666.0,"Machias town, Washington County, Maine",029,41960,23
-666666666.0,"Marshfield town, Washington County, Maine",029,43640,23
-666666666.0,"Perry town, Washington County, Maine",029,58165,23
-666666666.0,"Lubec town, Washington County, Maine",029,41610,23
-666666666.0,"North Washington UT, Washington County, Maine",029,53500,23
-666666666.0,"Passamaquoddy Pleasant Point Reservation, Washington County, Maine",029,57090,23
